# Blender 5.0.0
# www.blender.org
mtllib Untitled.mtl
o Untitled
v -15.600000 0.000000 1.600000
v -15.600000 -0.000001 -10.400000
v -15.600000 0.300000 1.600000
v -15.600000 0.300000 1.500000
v -15.600000 0.300000 -0.300000
v -15.600000 0.300000 -0.500000
v -15.600000 0.300000 -2.300000
v -15.600000 0.300000 -2.500000
v -15.600000 0.300000 -4.300000
v -15.600000 0.300000 -4.500000
v -15.600000 0.300000 -6.300000
v -15.600000 0.300000 -6.500000
v -15.600000 0.299999 -8.300000
v -15.600000 0.299999 -8.500000
v -15.600000 0.299999 -10.300000
v -15.600000 0.299999 -10.400000
v -15.600000 0.400000 1.600000
v -15.600000 0.400000 1.500000
v -15.600000 0.400000 -0.300000
v -15.600000 0.400000 -0.500000
v -15.600000 0.400000 -2.300000
v -15.600000 0.400000 -2.500000
v -15.600000 0.400000 -4.300000
v -15.600000 0.400000 -4.500000
v -15.600000 0.400000 -6.300000
v -15.600000 0.400000 -6.500000
v -15.600000 0.399999 -8.300000
v -15.600000 0.399999 -8.500000
v -15.600000 0.399999 -10.300000
v -15.600000 0.399999 -10.400000
v -15.600000 0.500000 1.500000
v -15.600000 0.500000 -0.300000
v -15.600000 0.500000 -0.500000
v -15.600000 0.500000 -2.300000
v -15.600000 0.500000 -2.500000
v -15.600000 0.500000 -4.300000
v -15.600000 0.500000 -4.500000
v -15.600000 0.500000 -6.300000
v -15.600000 0.500000 -6.500000
v -15.600000 0.499999 -8.300000
v -15.600000 0.499999 -8.500000
v -15.600000 0.499999 -10.300000
v -15.500000 0.400000 1.600000
v -15.500000 0.400000 1.500000
v -15.500000 0.400000 -0.400000
v -15.500000 0.400000 -0.500000
v -15.500000 0.400000 -2.400000
v -15.500000 0.400000 -2.500000
v -15.500000 0.400000 -4.400000
v -15.500000 0.400000 -4.500000
v -15.500000 0.400000 -6.400000
v -15.500000 0.400000 -6.500000
v -15.500000 0.399999 -8.400000
v -15.500000 0.399999 -8.500000
v -15.500000 0.500000 1.600000
v -15.500000 0.500000 1.500000
v -15.500000 0.500000 -0.300000
v -15.500000 0.500000 -0.400000
v -15.500000 0.500000 -0.500000
v -15.500000 0.500000 -2.300000
v -15.500000 0.500000 -2.400000
v -15.500000 0.500000 -2.500000
v -15.500000 0.500000 -4.300000
v -15.500000 0.500000 -4.400000
v -15.500000 0.500000 -4.500000
v -15.500000 0.500000 -6.300000
v -15.500000 0.500000 -6.400000
v -15.500000 0.500000 -6.500000
v -15.500000 0.499999 -8.300000
v -15.500000 0.499999 -8.400000
v -15.500000 0.499999 -8.500000
v -15.500000 0.499999 -10.300000
v -15.500000 0.600000 1.500000
v -15.500000 0.600000 -0.300000
v -15.500000 0.600000 -0.500000
v -15.500000 0.600000 -2.300000
v -15.500000 0.600000 -2.500000
v -15.500000 0.600000 -4.300000
v -15.500000 0.600000 -4.500000
v -15.500000 0.600000 -6.300000
v -15.500000 0.600000 -6.500000
v -15.500000 0.599999 -8.300000
v -15.500000 0.599999 -8.500000
v -15.500000 0.599999 -10.300000
v -13.600000 0.400000 1.500000
v -13.600000 0.400000 -0.300000
v -13.600000 0.400000 -0.500000
v -13.600000 0.400000 -2.300000
v -13.600000 0.400000 -2.500000
v -13.600000 0.400000 -4.300000
v -13.600000 0.400000 -4.500000
v -13.600000 0.400000 -6.300000
v -13.600000 0.400000 -6.500000
v -13.600000 0.399999 -8.300000
v -13.600000 0.399999 -8.500000
v -13.600000 0.399999 -10.300000
v -13.600000 0.500000 1.500000
v -13.600000 0.500000 -0.300000
v -13.600000 0.500000 -0.500000
v -13.600000 0.500000 -2.300000
v -13.600000 0.500000 -2.500000
v -13.600000 0.500000 -4.300000
v -13.600000 0.500000 -4.500000
v -13.600000 0.500000 -6.300000
v -13.600000 0.500000 -6.500000
v -13.600000 0.499999 -8.300000
v -13.600000 0.499999 -8.500000
v -13.600000 0.499999 -10.300000
v -13.500000 0.400000 1.600000
v -13.500000 0.400000 1.500000
v -13.500000 0.400000 -0.400000
v -13.500000 0.400000 -0.500000
v -13.500000 0.400000 -2.400000
v -13.500000 0.400000 -2.500000
v -13.500000 0.400000 -4.400000
v -13.500000 0.400000 -4.500000
v -13.500000 0.400000 -6.400000
v -13.500000 0.400000 -6.500000
v -13.500000 0.399999 -8.400000
v -13.500000 0.399999 -8.500000
v -13.500000 0.500000 1.600000
v -13.500000 0.500000 1.500000
v -13.500000 0.500000 -0.300000
v -13.500000 0.500000 -0.400000
v -13.500000 0.500000 -0.500000
v -13.500000 0.500000 -2.300000
v -13.500000 0.500000 -2.400000
v -13.500000 0.500000 -2.500000
v -13.500000 0.500000 -4.300000
v -13.500000 0.500000 -4.400000
v -13.500000 0.500000 -4.500000
v -13.500000 0.500000 -6.300000
v -13.500000 0.500000 -6.400000
v -13.500000 0.500000 -6.500000
v -13.500000 0.499999 -8.300000
v -13.500000 0.499999 -8.400000
v -13.500000 0.499999 -8.500000
v -13.500000 0.499999 -10.300000
v -13.500000 0.600000 1.500000
v -13.500000 0.600000 -0.300000
v -13.500000 0.600000 -0.500000
v -13.500000 0.600000 -2.300000
v -13.500000 0.600000 -2.500000
v -13.500000 0.600000 -4.300000
v -13.500000 0.600000 -4.500000
v -13.500000 0.600000 -6.300000
v -13.500000 0.600000 -6.500000
v -13.500000 0.599999 -8.300000
v -13.500000 0.599999 -8.500000
v -13.500000 0.599999 -10.300000
v -11.600000 0.400000 1.500000
v -11.600000 0.400000 -0.300000
v -11.600000 0.400000 -0.500000
v -11.600000 0.400000 -2.300000
v -11.600000 0.400000 -2.500000
v -11.600000 0.400000 -4.300000
v -11.600000 0.400000 -4.500000
v -11.600000 0.400000 -6.300000
v -11.600000 0.400000 -6.500000
v -11.600000 0.399999 -8.300000
v -11.600000 0.399999 -8.500000
v -11.600000 0.399999 -10.300000
v -11.600000 0.500000 1.500000
v -11.600000 0.500000 -0.300000
v -11.600000 0.500000 -0.500000
v -11.600000 0.500000 -2.300000
v -11.600000 0.500000 -2.500000
v -11.600000 0.500000 -4.300000
v -11.600000 0.500000 -4.500000
v -11.600000 0.500000 -6.300000
v -11.600000 0.500000 -6.500000
v -11.600000 0.499999 -8.300000
v -11.600000 0.499999 -8.500000
v -11.600000 0.499999 -10.300000
v -11.500000 0.400000 1.600000
v -11.500000 0.400000 1.500000
v -11.500000 0.400000 -0.400000
v -11.500000 0.400000 -0.500000
v -11.500000 0.400000 -2.400000
v -11.500000 0.400000 -2.500000
v -11.500000 0.400000 -4.400000
v -11.500000 0.400000 -4.500000
v -11.500000 0.400000 -6.400000
v -11.500000 0.400000 -6.500000
v -11.500000 0.399999 -8.400000
v -11.500000 0.399999 -8.500000
v -11.500000 0.500000 1.600000
v -11.500000 0.500000 1.500000
v -11.500000 0.500000 -0.300000
v -11.500000 0.500000 -0.400000
v -11.500000 0.500000 -0.500000
v -11.500000 0.500000 -2.300000
v -11.500000 0.500000 -2.400000
v -11.500000 0.500000 -2.500000
v -11.500000 0.500000 -4.300000
v -11.500000 0.500000 -4.400000
v -11.500000 0.500000 -4.500000
v -11.500000 0.500000 -6.300000
v -11.500000 0.500000 -6.400000
v -11.500000 0.500000 -6.500000
v -11.500000 0.499999 -8.300000
v -11.500000 0.499999 -8.400000
v -11.500000 0.499999 -8.500000
v -11.500000 0.499999 -10.300000
v -11.500000 0.600000 1.500000
v -11.500000 0.600000 -0.300000
v -11.500000 0.600000 -0.500000
v -11.500000 0.600000 -2.300000
v -11.500000 0.600000 -2.500000
v -11.500000 0.600000 -4.300000
v -11.500000 0.600000 -4.500000
v -11.500000 0.600000 -6.300000
v -11.500000 0.600000 -6.500000
v -11.500000 0.599999 -8.300000
v -11.500000 0.599999 -8.500000
v -11.500000 0.599999 -10.300000
v -9.600000 0.400000 1.500000
v -9.600000 0.400000 -0.300000
v -9.600000 0.400000 -0.500000
v -9.600000 0.400000 -2.300000
v -9.600000 0.400000 -2.500000
v -9.600000 0.400000 -4.300000
v -9.600000 0.400000 -4.500000
v -9.600000 0.400000 -6.300000
v -9.600000 0.400000 -6.500000
v -9.600000 0.399999 -8.300000
v -9.600000 0.399999 -8.500000
v -9.600000 0.399999 -10.300000
v -9.600000 0.500000 1.500000
v -9.600000 0.500000 -0.300000
v -9.600000 0.500000 -0.500000
v -9.600000 0.500000 -2.300000
v -9.600000 0.500000 -2.500000
v -9.600000 0.500000 -4.300000
v -9.600000 0.500000 -4.500000
v -9.600000 0.500000 -6.300000
v -9.600000 0.500000 -6.500000
v -9.600000 0.499999 -8.300000
v -9.600000 0.499999 -8.500000
v -9.600000 0.499999 -10.300000
v -9.500000 0.400000 1.600000
v -9.500000 0.400000 1.500000
v -9.500000 0.400000 -0.400000
v -9.500000 0.400000 -0.500000
v -9.500000 0.400000 -2.400000
v -9.500000 0.400000 -2.500000
v -9.500000 0.400000 -4.400000
v -9.500000 0.400000 -4.500000
v -9.500000 0.400000 -6.400000
v -9.500000 0.400000 -6.500000
v -9.500000 0.399999 -8.400000
v -9.500000 0.399999 -8.500000
v -9.500000 0.500000 1.600000
v -9.500000 0.500000 1.500000
v -9.500000 0.500000 -0.300000
v -9.500000 0.500000 -0.400000
v -9.500000 0.500000 -0.500000
v -9.500000 0.500000 -2.300000
v -9.500000 0.500000 -2.400000
v -9.500000 0.500000 -2.500000
v -9.500000 0.500000 -4.300000
v -9.500000 0.500000 -4.400000
v -9.500000 0.500000 -4.500000
v -9.500000 0.500000 -6.300000
v -9.500000 0.500000 -6.400000
v -9.500000 0.500000 -6.500000
v -9.500000 0.499999 -8.300000
v -9.500000 0.499999 -8.400000
v -9.500000 0.499999 -8.500000
v -9.500000 0.499999 -10.300000
v -9.500000 0.600000 1.500000
v -9.500000 0.600000 -0.300000
v -9.500000 0.600000 -0.500000
v -9.500000 0.600000 -2.300000
v -9.500000 0.600000 -2.500000
v -9.500000 0.600000 -4.300000
v -9.500000 0.600000 -4.500000
v -9.500000 0.600000 -6.300000
v -9.500000 0.600000 -6.500000
v -9.500000 0.599999 -8.300000
v -9.500000 0.599999 -8.500000
v -9.500000 0.599999 -10.300000
v -7.600000 0.400000 1.500000
v -7.600000 0.400000 -0.300000
v -7.600000 0.400000 -0.500000
v -7.600000 0.400000 -2.300000
v -7.600000 0.400000 -2.500000
v -7.600000 0.400000 -4.300000
v -7.600000 0.400000 -4.500000
v -7.600000 0.400000 -6.300000
v -7.600000 0.400000 -6.500000
v -7.600000 0.399999 -8.300000
v -7.600000 0.399999 -8.500000
v -7.600000 0.399999 -10.300000
v -7.600000 0.500000 1.500000
v -7.600000 0.500000 -0.300000
v -7.600000 0.500000 -0.500000
v -7.600000 0.500000 -2.300000
v -7.600000 0.500000 -2.500000
v -7.600000 0.500000 -4.300000
v -7.600000 0.500000 -4.500000
v -7.600000 0.500000 -6.300000
v -7.600000 0.500000 -6.500000
v -7.600000 0.499999 -8.300000
v -7.600000 0.499999 -8.500000
v -7.600000 0.499999 -10.300000
v -7.500000 0.400000 1.600000
v -7.500000 0.400000 1.500000
v -7.500000 0.400000 -0.400000
v -7.500000 0.400000 -0.500000
v -7.500000 0.400000 -2.400000
v -7.500000 0.400000 -2.500000
v -7.500000 0.400000 -4.400000
v -7.500000 0.400000 -4.500000
v -7.500000 0.400000 -6.400000
v -7.500000 0.400000 -6.500000
v -7.500000 0.399999 -8.400000
v -7.500000 0.399999 -8.500000
v -7.500000 0.500000 1.600000
v -7.500000 0.500000 1.500000
v -7.500000 0.500000 -0.300000
v -7.500000 0.500000 -0.400000
v -7.500000 0.500000 -0.500000
v -7.500000 0.500000 -2.300000
v -7.500000 0.500000 -2.400000
v -7.500000 0.500000 -2.500000
v -7.500000 0.500000 -4.300000
v -7.500000 0.500000 -4.400000
v -7.500000 0.500000 -4.500000
v -7.500000 0.500000 -6.300000
v -7.500000 0.500000 -6.400000
v -7.500000 0.500000 -6.500000
v -7.500000 0.499999 -8.300000
v -7.500000 0.499999 -8.400000
v -7.500000 0.499999 -8.500000
v -7.500000 0.499999 -10.300000
v -7.500000 0.600000 1.500000
v -7.500000 0.600000 -0.300000
v -7.500000 0.600000 -0.500000
v -7.500000 0.600000 -2.300000
v -7.500000 0.600000 -2.500000
v -7.500000 0.600000 -4.300000
v -7.500000 0.600000 -4.500000
v -7.500000 0.600000 -6.300000
v -7.500000 0.600000 -6.500000
v -7.500000 0.599999 -8.300000
v -7.500000 0.599999 -8.500000
v -7.500000 0.599999 -10.300000
v -5.600000 0.400000 1.500000
v -5.600000 0.400000 -0.300000
v -5.600000 0.400000 -0.500000
v -5.600000 0.400000 -2.300000
v -5.600000 0.400000 -2.500000
v -5.600000 0.400000 -4.300000
v -5.600000 0.400000 -4.500000
v -5.600000 0.400000 -6.300000
v -5.600000 0.400000 -6.500000
v -5.600000 0.399999 -8.300000
v -5.600000 0.399999 -8.500000
v -5.600000 0.399999 -10.300000
v -5.600000 0.500000 1.500000
v -5.600000 0.500000 -0.300000
v -5.600000 0.500000 -0.500000
v -5.600000 0.500000 -2.300000
v -5.600000 0.500000 -2.500000
v -5.600000 0.500000 -4.300000
v -5.600000 0.500000 -4.500000
v -5.600000 0.500000 -6.300000
v -5.600000 0.500000 -6.500000
v -5.600000 0.499999 -8.300000
v -5.600000 0.499999 -8.500000
v -5.600000 0.499999 -10.300000
v -5.500000 0.400000 1.600000
v -5.500000 0.400000 1.500000
v -5.500000 0.400000 -0.400000
v -5.500000 0.400000 -0.500000
v -5.500000 0.400000 -2.400000
v -5.500000 0.400000 -2.500000
v -5.500000 0.400000 -4.400000
v -5.500000 0.400000 -4.500000
v -5.500000 0.400000 -6.400000
v -5.500000 0.400000 -6.500000
v -5.500000 0.399999 -8.400000
v -5.500000 0.399999 -8.500000
v -5.500000 0.500000 1.600000
v -5.500000 0.500000 1.500000
v -5.500000 0.500000 -0.300000
v -5.500000 0.500000 -0.400000
v -5.500000 0.500000 -0.500000
v -5.500000 0.500000 -2.300000
v -5.500000 0.500000 -2.400000
v -5.500000 0.500000 -2.500000
v -5.500000 0.500000 -4.300000
v -5.500000 0.500000 -4.400000
v -5.500000 0.500000 -4.500000
v -5.500000 0.500000 -6.300000
v -5.500000 0.500000 -6.400000
v -5.500000 0.500000 -6.500000
v -5.500000 0.499999 -8.300000
v -5.500000 0.499999 -8.400000
v -5.500000 0.499999 -8.500000
v -5.500000 0.499999 -10.300000
v -5.500000 0.600000 1.500000
v -5.500000 0.600000 -0.300000
v -5.500000 0.600000 -0.500000
v -5.500000 0.600000 -2.300000
v -5.500000 0.600000 -2.500000
v -5.500000 0.600000 -4.300000
v -5.500000 0.600000 -4.500000
v -5.500000 0.600000 -6.300000
v -5.500000 0.600000 -6.500000
v -5.500000 0.599999 -8.300000
v -5.500000 0.599999 -8.500000
v -5.500000 0.599999 -10.300000
v -3.600000 0.400000 1.500000
v -3.600000 0.400000 -0.300000
v -3.600000 0.400000 -0.500000
v -3.600000 0.400000 -2.300000
v -3.600000 0.400000 -2.500000
v -3.600000 0.400000 -4.300000
v -3.600000 0.400000 -4.500000
v -3.600000 0.400000 -6.300000
v -3.600000 0.400000 -6.500000
v -3.600000 0.399999 -8.300000
v -3.600000 0.399999 -8.500000
v -3.600000 0.399999 -10.300000
v -3.600000 0.500000 1.500000
v -3.600000 0.500000 -0.300000
v -3.600000 0.500000 -0.500000
v -3.600000 0.500000 -2.300000
v -3.600000 0.500000 -2.500000
v -3.600000 0.500000 -4.300000
v -3.600000 0.500000 -4.500000
v -3.600000 0.500000 -6.300000
v -3.600000 0.500000 -6.500000
v -3.600000 0.499999 -8.300000
v -3.600000 0.499999 -8.500000
v -3.600000 0.499999 -10.300000
v -3.500000 0.400000 1.600000
v -3.500000 0.400000 1.500000
v -3.500000 0.400000 -0.400000
v -3.500000 0.400000 -0.500000
v -3.500000 0.400000 -2.400000
v -3.500000 0.400000 -2.500000
v -3.500000 0.400000 -4.400000
v -3.500000 0.400000 -4.500000
v -3.500000 0.400000 -6.400000
v -3.500000 0.400000 -6.500000
v -3.500000 0.399999 -8.400000
v -3.500000 0.399999 -8.500000
v -3.500000 0.500000 1.600000
v -3.500000 0.500000 1.500000
v -3.500000 0.500000 -0.300000
v -3.500000 0.500000 -0.400000
v -3.500000 0.500000 -0.500000
v -3.500000 0.500000 -2.300000
v -3.500000 0.500000 -2.400000
v -3.500000 0.500000 -2.500000
v -3.500000 0.500000 -4.300000
v -3.500000 0.500000 -4.400000
v -3.500000 0.500000 -4.500000
v -3.500000 0.500000 -6.300000
v -3.500000 0.500000 -6.400000
v -3.500000 0.500000 -6.500000
v -3.500000 0.499999 -8.300000
v -3.500000 0.499999 -8.400000
v -3.500000 0.499999 -8.500000
v -3.500000 0.499999 -10.300000
v -3.500000 0.600000 1.500000
v -3.500000 0.600000 -0.300000
v -3.500000 0.600000 -0.500000
v -3.500000 0.600000 -2.300000
v -3.500000 0.600000 -2.500000
v -3.500000 0.600000 -4.300000
v -3.500000 0.600000 -4.500000
v -3.500000 0.600000 -6.300000
v -3.500000 0.600000 -6.500000
v -3.500000 0.599999 -8.300000
v -3.500000 0.599999 -8.500000
v -3.500000 0.599999 -10.300000
v -1.600000 0.400000 1.500000
v -1.600000 0.400000 -0.300000
v -1.600000 0.400000 -0.500000
v -1.600000 0.400000 -2.300000
v -1.600000 0.400000 -2.500000
v -1.600000 0.400000 -4.300000
v -1.600000 0.400000 -4.500000
v -1.600000 0.400000 -6.300000
v -1.600000 0.400000 -6.500000
v -1.600000 0.399999 -8.300000
v -1.600000 0.399999 -8.500000
v -1.600000 0.399999 -10.300000
v -1.600000 0.500000 1.500000
v -1.600000 0.500000 -0.300000
v -1.600000 0.500000 -0.500000
v -1.600000 0.500000 -2.300000
v -1.600000 0.500000 -2.500000
v -1.600000 0.500000 -4.300000
v -1.600000 0.500000 -4.500000
v -1.600000 0.500000 -6.300000
v -1.600000 0.500000 -6.500000
v -1.600000 0.499999 -8.300000
v -1.600000 0.499999 -8.500000
v -1.600000 0.499999 -10.300000
v -1.500000 0.400000 1.600000
v -1.500000 0.400000 1.500000
v -1.500000 0.400000 -0.400000
v -1.500000 0.400000 -0.500000
v -1.500000 0.400000 -2.400000
v -1.500000 0.400000 -2.500000
v -1.500000 0.400000 -4.400000
v -1.500000 0.400000 -4.500000
v -1.500000 0.400000 -6.400000
v -1.500000 0.400000 -6.500000
v -1.500000 0.399999 -8.400000
v -1.500000 0.399999 -8.500000
v -1.500000 0.500000 1.600000
v -1.500000 0.500000 1.500000
v -1.500000 0.500000 -0.300000
v -1.500000 0.500000 -0.400000
v -1.500000 0.500000 -0.500000
v -1.500000 0.500000 -2.300000
v -1.500000 0.500000 -2.400000
v -1.500000 0.500000 -2.500000
v -1.500000 0.500000 -4.300000
v -1.500000 0.500000 -4.400000
v -1.500000 0.500000 -4.500000
v -1.500000 0.500000 -6.300000
v -1.500000 0.500000 -6.400000
v -1.500000 0.500000 -6.500000
v -1.500000 0.499999 -8.300000
v -1.500000 0.499999 -8.400000
v -1.500000 0.499999 -8.500000
v -1.500000 0.499999 -10.300000
v -1.500000 0.600000 1.500000
v -1.500000 0.600000 -0.300000
v -1.500000 0.600000 -0.500000
v -1.500000 0.600000 -2.300000
v -1.500000 0.600000 -2.500000
v -1.500000 0.600000 -4.300000
v -1.500000 0.600000 -4.500000
v -1.500000 0.600000 -6.300000
v -1.500000 0.600000 -6.500000
v -1.500000 0.599999 -8.300000
v -1.500000 0.599999 -8.500000
v -1.500000 0.599999 -10.300000
v 0.400000 0.400000 1.500000
v 0.400000 0.400000 -0.300000
v 0.400000 0.400000 -0.500000
v 0.400000 0.400000 -2.300000
v 0.400000 0.400000 -2.500000
v 0.400000 0.400000 -4.300000
v 0.400000 0.400000 -4.500000
v 0.400000 0.400000 -6.300000
v 0.400000 0.400000 -6.500000
v 0.400000 0.399999 -8.300000
v 0.400000 0.399999 -8.500000
v 0.400000 0.399999 -10.300000
v 0.400000 0.500000 1.500000
v 0.400000 0.500000 -0.300000
v 0.400000 0.500000 -0.500000
v 0.400000 0.500000 -2.300000
v 0.400000 0.500000 -2.500000
v 0.400000 0.500000 -4.300000
v 0.400000 0.500000 -4.500000
v 0.400000 0.500000 -6.300000
v 0.400000 0.500000 -6.500000
v 0.400000 0.499999 -8.300000
v 0.400000 0.499999 -8.500000
v 0.400000 0.499999 -10.300000
v 0.500000 0.400000 1.600000
v 0.500000 0.400000 1.500000
v 0.500000 0.400000 -0.400000
v 0.500000 0.400000 -0.500000
v 0.500000 0.400000 -2.400000
v 0.500000 0.400000 -2.500000
v 0.500000 0.400000 -4.400000
v 0.500000 0.400000 -4.500000
v 0.500000 0.400000 -6.400000
v 0.500000 0.400000 -6.500000
v 0.500000 0.399999 -8.400000
v 0.500000 0.399999 -8.500000
v 0.500000 0.500000 1.600000
v 0.500000 0.500000 1.500000
v 0.500000 0.500000 -0.300000
v 0.500000 0.500000 -0.400000
v 0.500000 0.500000 -0.500000
v 0.500000 0.500000 -2.300000
v 0.500000 0.500000 -2.400000
v 0.500000 0.500000 -2.500000
v 0.500000 0.500000 -4.300000
v 0.500000 0.500000 -4.400000
v 0.500000 0.500000 -4.500000
v 0.500000 0.500000 -6.300000
v 0.500000 0.500000 -6.400000
v 0.500000 0.500000 -6.500000
v 0.500000 0.499999 -8.300000
v 0.500000 0.499999 -8.400000
v 0.500000 0.499999 -8.500000
v 0.500000 0.499999 -10.300000
v 0.500000 0.600000 1.500000
v 0.500000 0.600000 -0.300000
v 0.500000 0.600000 -0.500000
v 0.500000 0.600000 -2.300000
v 0.500000 0.600000 -2.500000
v 0.500000 0.600000 -4.300000
v 0.500000 0.600000 -4.500000
v 0.500000 0.600000 -6.300000
v 0.500000 0.600000 -6.500000
v 0.500000 0.599999 -8.300000
v 0.500000 0.599999 -8.500000
v 0.500000 0.599999 -10.300000
v 2.400000 0.400000 1.500000
v 2.400000 0.400000 -0.300000
v 2.400000 0.400000 -0.500000
v 2.400000 0.400000 -2.300000
v 2.400000 0.400000 -2.500000
v 2.400000 0.400000 -4.300000
v 2.400000 0.400000 -4.500000
v 2.400000 0.400000 -6.300000
v 2.400000 0.400000 -6.500000
v 2.400000 0.399999 -8.300000
v 2.400000 0.399999 -8.500000
v 2.400000 0.399999 -10.300000
v 2.400000 0.500000 1.500000
v 2.400000 0.500000 -0.300000
v 2.400000 0.500000 -0.500000
v 2.400000 0.500000 -2.300000
v 2.400000 0.500000 -2.500000
v 2.400000 0.500000 -4.300000
v 2.400000 0.500000 -4.500000
v 2.400000 0.500000 -6.300000
v 2.400000 0.500000 -6.500000
v 2.400000 0.499999 -8.300000
v 2.400000 0.499999 -8.500000
v 2.400000 0.499999 -10.300000
v 2.500000 0.400000 1.600000
v 2.500000 0.400000 1.500000
v 2.500000 0.400000 -0.400000
v 2.500000 0.400000 -0.500000
v 2.500000 0.400000 -2.400000
v 2.500000 0.400000 -2.500000
v 2.500000 0.400000 -4.400000
v 2.500000 0.400000 -4.500000
v 2.500000 0.400000 -6.400000
v 2.500000 0.400000 -6.500000
v 2.500000 0.399999 -8.400000
v 2.500000 0.399999 -8.500000
v 2.500000 0.500000 1.600000
v 2.500000 0.500000 1.500000
v 2.500000 0.500000 -0.300000
v 2.500000 0.500000 -0.400000
v 2.500000 0.500000 -0.500000
v 2.500000 0.500000 -2.300000
v 2.500000 0.500000 -2.400000
v 2.500000 0.500000 -2.500000
v 2.500000 0.500000 -4.300000
v 2.500000 0.500000 -4.400000
v 2.500000 0.500000 -4.500000
v 2.500000 0.500000 -6.300000
v 2.500000 0.500000 -6.400000
v 2.500000 0.500000 -6.500000
v 2.500000 0.499999 -8.300000
v 2.500000 0.499999 -8.400000
v 2.500000 0.499999 -8.500000
v 2.500000 0.499999 -10.300000
v 2.500000 0.600000 1.500000
v 2.500000 0.600000 -0.300000
v 2.500000 0.600000 -0.500000
v 2.500000 0.600000 -2.300000
v 2.500000 0.600000 -2.500000
v 2.500000 0.600000 -4.300000
v 2.500000 0.600000 -4.500000
v 2.500000 0.600000 -6.300000
v 2.500000 0.600000 -6.500000
v 2.500000 0.599999 -8.300000
v 2.500000 0.599999 -8.500000
v 2.500000 0.599999 -10.300000
v -13.700000 0.400000 1.600000
v -13.700000 0.400000 -0.300000
v -13.700000 0.400000 -0.400000
v -13.700000 0.400000 -2.300000
v -13.700000 0.400000 -2.400000
v -13.700000 0.400000 -4.300000
v -13.700000 0.400000 -4.400000
v -13.700000 0.400000 -6.300000
v -13.700000 0.400000 -6.400000
v -13.700000 0.399999 -8.300000
v -13.700000 0.399999 -8.400000
v -13.700000 0.399999 -10.300000
v -13.700000 0.500000 1.600000
v -13.700000 0.500000 1.500000
v -13.700000 0.500000 -0.400000
v -13.700000 0.500000 -0.500000
v -13.700000 0.500000 -2.400000
v -13.700000 0.500000 -2.500000
v -13.700000 0.500000 -4.400000
v -13.700000 0.500000 -4.500000
v -13.700000 0.500000 -6.400000
v -13.700000 0.500000 -6.500000
v -13.700000 0.499999 -8.400000
v -13.700000 0.499999 -8.500000
v -13.700000 0.600000 1.500000
v -13.700000 0.600000 -0.300000
v -13.700000 0.600000 -0.500000
v -13.700000 0.600000 -2.300000
v -13.700000 0.600000 -2.500000
v -13.700000 0.600000 -4.300000
v -13.700000 0.600000 -4.500000
v -13.700000 0.600000 -6.300000
v -13.700000 0.600000 -6.500000
v -13.700000 0.599999 -8.300000
v -13.700000 0.599999 -8.500000
v -13.700000 0.599999 -10.300000
v -11.700000 0.400000 1.600000
v -11.700000 0.400000 -0.300000
v -11.700000 0.400000 -0.400000
v -11.700000 0.400000 -2.300000
v -11.700000 0.400000 -2.400000
v -11.700000 0.400000 -4.300000
v -11.700000 0.400000 -4.400000
v -11.700000 0.400000 -6.300000
v -11.700000 0.400000 -6.400000
v -11.700000 0.399999 -8.300000
v -11.700000 0.399999 -8.400000
v -11.700000 0.399999 -10.300000
v -11.700000 0.500000 1.600000
v -11.700000 0.500000 1.500000
v -11.700000 0.500000 -0.400000
v -11.700000 0.500000 -0.500000
v -11.700000 0.500000 -2.400000
v -11.700000 0.500000 -2.500000
v -11.700000 0.500000 -4.400000
v -11.700000 0.500000 -4.500000
v -11.700000 0.500000 -6.400000
v -11.700000 0.500000 -6.500000
v -11.700000 0.499999 -8.400000
v -11.700000 0.499999 -8.500000
v -11.700000 0.600000 1.500000
v -11.700000 0.600000 -0.300000
v -11.700000 0.600000 -0.500000
v -11.700000 0.600000 -2.300000
v -11.700000 0.600000 -2.500000
v -11.700000 0.600000 -4.300000
v -11.700000 0.600000 -4.500000
v -11.700000 0.600000 -6.300000
v -11.700000 0.600000 -6.500000
v -11.700000 0.599999 -8.300000
v -11.700000 0.599999 -8.500000
v -11.700000 0.599999 -10.300000
v -9.700000 0.400000 1.600000
v -9.700000 0.400000 -0.300000
v -9.700000 0.400000 -0.400000
v -9.700000 0.400000 -2.300000
v -9.700000 0.400000 -2.400000
v -9.700000 0.400000 -4.300000
v -9.700000 0.400000 -4.400000
v -9.700000 0.400000 -6.300000
v -9.700000 0.400000 -6.400000
v -9.700000 0.399999 -8.300000
v -9.700000 0.399999 -8.400000
v -9.700000 0.399999 -10.300000
v -9.700000 0.500000 1.600000
v -9.700000 0.500000 1.500000
v -9.700000 0.500000 -0.400000
v -9.700000 0.500000 -0.500000
v -9.700000 0.500000 -2.400000
v -9.700000 0.500000 -2.500000
v -9.700000 0.500000 -4.400000
v -9.700000 0.500000 -4.500000
v -9.700000 0.500000 -6.400000
v -9.700000 0.500000 -6.500000
v -9.700000 0.499999 -8.400000
v -9.700000 0.499999 -8.500000
v -9.700000 0.600000 1.500000
v -9.700000 0.600000 -0.300000
v -9.700000 0.600000 -0.500000
v -9.700000 0.600000 -2.300000
v -9.700000 0.600000 -2.500000
v -9.700000 0.600000 -4.300000
v -9.700000 0.600000 -4.500000
v -9.700000 0.600000 -6.300000
v -9.700000 0.600000 -6.500000
v -9.700000 0.599999 -8.300000
v -9.700000 0.599999 -8.500000
v -9.700000 0.599999 -10.300000
v -7.700000 0.400000 1.600000
v -7.700000 0.400000 -0.300000
v -7.700000 0.400000 -0.400000
v -7.700000 0.400000 -2.300000
v -7.700000 0.400000 -2.400000
v -7.700000 0.400000 -4.300000
v -7.700000 0.400000 -4.400000
v -7.700000 0.400000 -6.300000
v -7.700000 0.400000 -6.400000
v -7.700000 0.399999 -8.300000
v -7.700000 0.399999 -8.400000
v -7.700000 0.399999 -10.300000
v -7.700000 0.500000 1.600000
v -7.700000 0.500000 1.500000
v -7.700000 0.500000 -0.400000
v -7.700000 0.500000 -0.500000
v -7.700000 0.500000 -2.400000
v -7.700000 0.500000 -2.500000
v -7.700000 0.500000 -4.400000
v -7.700000 0.500000 -4.500000
v -7.700000 0.500000 -6.400000
v -7.700000 0.500000 -6.500000
v -7.700000 0.499999 -8.400000
v -7.700000 0.499999 -8.500000
v -7.700000 0.600000 1.500000
v -7.700000 0.600000 -0.300000
v -7.700000 0.600000 -0.500000
v -7.700000 0.600000 -2.300000
v -7.700000 0.600000 -2.500000
v -7.700000 0.600000 -4.300000
v -7.700000 0.600000 -4.500000
v -7.700000 0.600000 -6.300000
v -7.700000 0.600000 -6.500000
v -7.700000 0.599999 -8.300000
v -7.700000 0.599999 -8.500000
v -7.700000 0.599999 -10.300000
v -5.700000 0.400000 1.600000
v -5.700000 0.400000 -0.300000
v -5.700000 0.400000 -0.400000
v -5.700000 0.400000 -2.300000
v -5.700000 0.400000 -2.400000
v -5.700000 0.400000 -4.300000
v -5.700000 0.400000 -4.400000
v -5.700000 0.400000 -6.300000
v -5.700000 0.400000 -6.400000
v -5.700000 0.399999 -8.300000
v -5.700000 0.399999 -8.400000
v -5.700000 0.399999 -10.300000
v -5.700000 0.500000 1.600000
v -5.700000 0.500000 1.500000
v -5.700000 0.500000 -0.400000
v -5.700000 0.500000 -0.500000
v -5.700000 0.500000 -2.400000
v -5.700000 0.500000 -2.500000
v -5.700000 0.500000 -4.400000
v -5.700000 0.500000 -4.500000
v -5.700000 0.500000 -6.400000
v -5.700000 0.500000 -6.500000
v -5.700000 0.499999 -8.400000
v -5.700000 0.499999 -8.500000
v -5.700000 0.600000 1.500000
v -5.700000 0.600000 -0.300000
v -5.700000 0.600000 -0.500000
v -5.700000 0.600000 -2.300000
v -5.700000 0.600000 -2.500000
v -5.700000 0.600000 -4.300000
v -5.700000 0.600000 -4.500000
v -5.700000 0.600000 -6.300000
v -5.700000 0.600000 -6.500000
v -5.700000 0.599999 -8.300000
v -5.700000 0.599999 -8.500000
v -5.700000 0.599999 -10.300000
v -3.700000 0.400000 1.600000
v -3.700000 0.400000 -0.300000
v -3.700000 0.400000 -0.400000
v -3.700000 0.400000 -2.300000
v -3.700000 0.400000 -2.400000
v -3.700000 0.400000 -4.300000
v -3.700000 0.400000 -4.400000
v -3.700000 0.400000 -6.300000
v -3.700000 0.400000 -6.400000
v -3.700000 0.399999 -8.300000
v -3.700000 0.399999 -8.400000
v -3.700000 0.399999 -10.300000
v -3.700000 0.500000 1.600000
v -3.700000 0.500000 1.500000
v -3.700000 0.500000 -0.400000
v -3.700000 0.500000 -0.500000
v -3.700000 0.500000 -2.400000
v -3.700000 0.500000 -2.500000
v -3.700000 0.500000 -4.400000
v -3.700000 0.500000 -4.500000
v -3.700000 0.500000 -6.400000
v -3.700000 0.500000 -6.500000
v -3.700000 0.499999 -8.400000
v -3.700000 0.499999 -8.500000
v -3.700000 0.600000 1.500000
v -3.700000 0.600000 -0.300000
v -3.700000 0.600000 -0.500000
v -3.700000 0.600000 -2.300000
v -3.700000 0.600000 -2.500000
v -3.700000 0.600000 -4.300000
v -3.700000 0.600000 -4.500000
v -3.700000 0.600000 -6.300000
v -3.700000 0.600000 -6.500000
v -3.700000 0.599999 -8.300000
v -3.700000 0.599999 -8.500000
v -3.700000 0.599999 -10.300000
v -1.700000 0.400000 1.600000
v -1.700000 0.400000 -0.300000
v -1.700000 0.400000 -0.400000
v -1.700000 0.400000 -2.300000
v -1.700000 0.400000 -2.400000
v -1.700000 0.400000 -4.300000
v -1.700000 0.400000 -4.400000
v -1.700000 0.400000 -6.300000
v -1.700000 0.400000 -6.400000
v -1.700000 0.399999 -8.300000
v -1.700000 0.399999 -8.400000
v -1.700000 0.399999 -10.300000
v -1.700000 0.500000 1.600000
v -1.700000 0.500000 1.500000
v -1.700000 0.500000 -0.400000
v -1.700000 0.500000 -0.500000
v -1.700000 0.500000 -2.400000
v -1.700000 0.500000 -2.500000
v -1.700000 0.500000 -4.400000
v -1.700000 0.500000 -4.500000
v -1.700000 0.500000 -6.400000
v -1.700000 0.500000 -6.500000
v -1.700000 0.499999 -8.400000
v -1.700000 0.499999 -8.500000
v -1.700000 0.600000 1.500000
v -1.700000 0.600000 -0.300000
v -1.700000 0.600000 -0.500000
v -1.700000 0.600000 -2.300000
v -1.700000 0.600000 -2.500000
v -1.700000 0.600000 -4.300000
v -1.700000 0.600000 -4.500000
v -1.700000 0.600000 -6.300000
v -1.700000 0.600000 -6.500000
v -1.700000 0.599999 -8.300000
v -1.700000 0.599999 -8.500000
v -1.700000 0.599999 -10.300000
v 0.299999 0.400000 1.600000
v 0.299999 0.400000 -0.300000
v 0.299999 0.400000 -0.400000
v 0.299999 0.400000 -2.300000
v 0.299999 0.400000 -2.400000
v 0.299999 0.400000 -4.300000
v 0.299999 0.400000 -4.400000
v 0.299999 0.400000 -6.300000
v 0.299999 0.400000 -6.400000
v 0.299999 0.399999 -8.300000
v 0.299999 0.399999 -8.400000
v 0.299999 0.399999 -10.300000
v 0.299999 0.500000 1.600000
v 0.299999 0.500000 1.500000
v 0.299999 0.500000 -0.400000
v 0.299999 0.500000 -0.500000
v 0.299999 0.500000 -2.400000
v 0.299999 0.500000 -2.500000
v 0.299999 0.500000 -4.400000
v 0.299999 0.500000 -4.500000
v 0.299999 0.500000 -6.400000
v 0.299999 0.500000 -6.500000
v 0.299999 0.499999 -8.400000
v 0.299999 0.499999 -8.500000
v 0.299999 0.600000 1.500000
v 0.299999 0.600000 -0.300000
v 0.299999 0.600000 -0.500000
v 0.299999 0.600000 -2.300000
v 0.299999 0.600000 -2.500000
v 0.299999 0.600000 -4.300000
v 0.299999 0.600000 -4.500000
v 0.299999 0.600000 -6.300000
v 0.299999 0.600000 -6.500000
v 0.299999 0.599999 -8.300000
v 0.299999 0.599999 -8.500000
v 0.299999 0.599999 -10.300000
v 2.300000 0.400000 1.600000
v 2.300000 0.400000 -0.300000
v 2.300000 0.400000 -0.400000
v 2.300000 0.400000 -2.300000
v 2.300000 0.400000 -2.400000
v 2.300000 0.400000 -4.300000
v 2.300000 0.400000 -4.400000
v 2.300000 0.400000 -6.300000
v 2.300000 0.400000 -6.400000
v 2.300000 0.399999 -8.300000
v 2.300000 0.399999 -8.400000
v 2.300000 0.399999 -10.300000
v 2.300000 0.500000 1.600000
v 2.300000 0.500000 1.500000
v 2.300000 0.500000 -0.400000
v 2.300000 0.500000 -0.500000
v 2.300000 0.500000 -2.400000
v 2.300000 0.500000 -2.500000
v 2.300000 0.500000 -4.400000
v 2.300000 0.500000 -4.500000
v 2.300000 0.500000 -6.400000
v 2.300000 0.500000 -6.500000
v 2.300000 0.499999 -8.400000
v 2.300000 0.499999 -8.500000
v 2.300000 0.600000 1.500000
v 2.300000 0.600000 -0.300000
v 2.300000 0.600000 -0.500000
v 2.300000 0.600000 -2.300000
v 2.300000 0.600000 -2.500000
v 2.300000 0.600000 -4.300000
v 2.300000 0.600000 -4.500000
v 2.300000 0.600000 -6.300000
v 2.300000 0.600000 -6.500000
v 2.300000 0.599999 -8.300000
v 2.300000 0.599999 -8.500000
v 2.300000 0.599999 -10.300000
v 4.300000 0.400000 1.600000
v 4.300000 0.400000 -0.300000
v 4.300000 0.400000 -0.400000
v 4.300000 0.400000 -2.300000
v 4.300000 0.400000 -2.400000
v 4.300000 0.400000 -4.300000
v 4.300000 0.400000 -4.400000
v 4.300000 0.400000 -6.300000
v 4.300000 0.400000 -6.400000
v 4.300000 0.399999 -8.300000
v 4.300000 0.399999 -8.400000
v 4.300000 0.399999 -10.300000
v 4.300000 0.500000 1.600000
v 4.300000 0.500000 1.500000
v 4.300000 0.500000 -0.400000
v 4.300000 0.500000 -0.500000
v 4.300000 0.500000 -2.400000
v 4.300000 0.500000 -2.500000
v 4.300000 0.500000 -4.400000
v 4.300000 0.500000 -4.500000
v 4.300000 0.500000 -6.400000
v 4.300000 0.500000 -6.500000
v 4.300000 0.499999 -8.400000
v 4.300000 0.499999 -8.500000
v 4.300000 0.600000 1.500000
v 4.300000 0.600000 -0.300000
v 4.300000 0.600000 -0.500000
v 4.300000 0.600000 -2.300000
v 4.300000 0.600000 -2.500000
v 4.300000 0.600000 -4.300000
v 4.300000 0.600000 -4.500000
v 4.300000 0.600000 -6.300000
v 4.300000 0.600000 -6.500000
v 4.300000 0.599999 -8.300000
v 4.300000 0.599999 -8.500000
v 4.300000 0.599999 -10.300000
v 4.400000 0.000000 1.600000
v 4.400000 -0.000001 -10.400000
v 4.400000 0.200000 1.500000
v 4.400000 0.200000 -0.300000
v 4.400000 0.200000 -0.500000
v 4.400000 0.200000 -2.300000
v 4.400000 0.200000 -2.500000
v 4.400000 0.200000 -4.300000
v 4.400000 0.200000 -4.500000
v 4.400000 0.200000 -6.300000
v 4.400000 0.200000 -6.500000
v 4.400000 0.199999 -8.300000
v 4.400000 0.199999 -8.500000
v 4.400000 0.199999 -10.300000
v 4.400000 0.300000 1.600000
v 4.400000 0.300000 1.500000
v 4.400000 0.300000 -0.300000
v 4.400000 0.300000 -0.500000
v 4.400000 0.300000 -2.300000
v 4.400000 0.300000 -2.500000
v 4.400000 0.300000 -4.300000
v 4.400000 0.300000 -4.500000
v 4.400000 0.300000 -6.300000
v 4.400000 0.300000 -6.500000
v 4.400000 0.299999 -8.300000
v 4.400000 0.299999 -8.500000
v 4.400000 0.299999 -10.300000
v 4.400000 0.299999 -10.400000
v 4.400000 0.400000 1.600000
v 4.400000 0.399999 -10.400000
v -15.600000 0.000000 1.600000
v -15.600000 0.300000 1.600000
v -15.600000 0.400000 1.600000
v -15.500000 0.300000 1.600000
v -15.500000 0.400000 1.600000
v -15.500000 0.500000 1.600000
v -13.700000 0.300000 1.600000
v -13.700000 0.400000 1.600000
v -13.700000 0.500000 1.600000
v -13.500000 0.300000 1.600000
v -13.500000 0.400000 1.600000
v -13.500000 0.500000 1.600000
v -11.700000 0.300000 1.600000
v -11.700000 0.400000 1.600000
v -11.700000 0.500000 1.600000
v -11.500000 0.300000 1.600000
v -11.500000 0.400000 1.600000
v -11.500000 0.500000 1.600000
v -9.700000 0.300000 1.600000
v -9.700000 0.400000 1.600000
v -9.700000 0.500000 1.600000
v -9.500000 0.300000 1.600000
v -9.500000 0.400000 1.600000
v -9.500000 0.500000 1.600000
v -7.700000 0.300000 1.600000
v -7.700000 0.400000 1.600000
v -7.700000 0.500000 1.600000
v -7.500000 0.300000 1.600000
v -7.500000 0.400000 1.600000
v -7.500000 0.500000 1.600000
v -5.700000 0.300000 1.600000
v -5.700000 0.400000 1.600000
v -5.700000 0.500000 1.600000
v -5.500000 0.300000 1.600000
v -5.500000 0.400000 1.600000
v -5.500000 0.500000 1.600000
v -3.700000 0.300000 1.600000
v -3.700000 0.400000 1.600000
v -3.700000 0.500000 1.600000
v -3.500000 0.300000 1.600000
v -3.500000 0.400000 1.600000
v -3.500000 0.500000 1.600000
v -1.700000 0.300000 1.600000
v -1.700000 0.400000 1.600000
v -1.700000 0.500000 1.600000
v -1.500000 0.300000 1.600000
v -1.500000 0.400000 1.600000
v -1.500000 0.500000 1.600000
v 0.299999 0.300000 1.600000
v 0.299999 0.400000 1.600000
v 0.299999 0.500000 1.600000
v 0.500000 0.300000 1.600000
v 0.500000 0.400000 1.600000
v 0.500000 0.500000 1.600000
v 2.300000 0.300000 1.600000
v 2.300000 0.400000 1.600000
v 2.300000 0.500000 1.600000
v 2.500000 0.300000 1.600000
v 2.500000 0.400000 1.600000
v 2.500000 0.500000 1.600000
v 4.300000 0.300000 1.600000
v 4.300000 0.400000 1.600000
v 4.300000 0.500000 1.600000
v 4.400000 0.000000 1.600000
v 4.400000 0.300000 1.600000
v 4.400000 0.400000 1.600000
v -15.600000 0.400000 1.500000
v -15.600000 0.500000 1.500000
v -15.500000 0.400000 1.500000
v -15.500000 0.500000 1.500000
v -15.500000 0.600000 1.500000
v -13.700000 0.500000 1.500000
v -13.700000 0.600000 1.500000
v -13.600000 0.400000 1.500000
v -13.600000 0.500000 1.500000
v -13.500000 0.400000 1.500000
v -13.500000 0.500000 1.500000
v -13.500000 0.600000 1.500000
v -11.700000 0.500000 1.500000
v -11.700000 0.600000 1.500000
v -11.600000 0.400000 1.500000
v -11.600000 0.500000 1.500000
v -11.500000 0.400000 1.500000
v -11.500000 0.500000 1.500000
v -11.500000 0.600000 1.500000
v -9.700000 0.500000 1.500000
v -9.700000 0.600000 1.500000
v -9.600000 0.400000 1.500000
v -9.600000 0.500000 1.500000
v -9.500000 0.400000 1.500000
v -9.500000 0.500000 1.500000
v -9.500000 0.600000 1.500000
v -7.700000 0.500000 1.500000
v -7.700000 0.600000 1.500000
v -7.600000 0.400000 1.500000
v -7.600000 0.500000 1.500000
v -7.500000 0.400000 1.500000
v -7.500000 0.500000 1.500000
v -7.500000 0.600000 1.500000
v -5.700000 0.500000 1.500000
v -5.700000 0.600000 1.500000
v -5.600000 0.400000 1.500000
v -5.600000 0.500000 1.500000
v -5.500000 0.400000 1.500000
v -5.500000 0.500000 1.500000
v -5.500000 0.600000 1.500000
v -3.700000 0.500000 1.500000
v -3.700000 0.600000 1.500000
v -3.600000 0.400000 1.500000
v -3.600000 0.500000 1.500000
v -3.500000 0.400000 1.500000
v -3.500000 0.500000 1.500000
v -3.500000 0.600000 1.500000
v -1.700000 0.500000 1.500000
v -1.700000 0.600000 1.500000
v -1.600000 0.400000 1.500000
v -1.600000 0.500000 1.500000
v -1.500000 0.400000 1.500000
v -1.500000 0.500000 1.500000
v -1.500000 0.600000 1.500000
v 0.299999 0.500000 1.500000
v 0.299999 0.600000 1.500000
v 0.400000 0.400000 1.500000
v 0.400000 0.500000 1.500000
v 0.500000 0.400000 1.500000
v 0.500000 0.500000 1.500000
v 0.500000 0.600000 1.500000
v 2.300000 0.500000 1.500000
v 2.300000 0.600000 1.500000
v 2.400000 0.400000 1.500000
v 2.400000 0.500000 1.500000
v 2.500000 0.400000 1.500000
v 2.500000 0.500000 1.500000
v 2.500000 0.600000 1.500000
v 4.300000 0.500000 1.500000
v 4.300000 0.600000 1.500000
v -15.500000 0.400000 -0.400000
v -15.500000 0.500000 -0.400000
v -13.700000 0.400000 -0.400000
v -13.700000 0.500000 -0.400000
v -13.500000 0.400000 -0.400000
v -13.500000 0.500000 -0.400000
v -11.700000 0.400000 -0.400000
v -11.700000 0.500000 -0.400000
v -11.500000 0.400000 -0.400000
v -11.500000 0.500000 -0.400000
v -9.700000 0.400000 -0.400000
v -9.700000 0.500000 -0.400000
v -9.500000 0.400000 -0.400000
v -9.500000 0.500000 -0.400000
v -7.700000 0.400000 -0.400000
v -7.700000 0.500000 -0.400000
v -7.500000 0.400000 -0.400000
v -7.500000 0.500000 -0.400000
v -5.700000 0.400000 -0.400000
v -5.700000 0.500000 -0.400000
v -5.500000 0.400000 -0.400000
v -5.500000 0.500000 -0.400000
v -3.700000 0.400000 -0.400000
v -3.700000 0.500000 -0.400000
v -3.500000 0.400000 -0.400000
v -3.500000 0.500000 -0.400000
v -1.700000 0.400000 -0.400000
v -1.700000 0.500000 -0.400000
v -1.500000 0.400000 -0.400000
v -1.500000 0.500000 -0.400000
v 0.299999 0.400000 -0.400000
v 0.299999 0.500000 -0.400000
v 0.500000 0.400000 -0.400000
v 0.500000 0.500000 -0.400000
v 2.300000 0.400000 -0.400000
v 2.300000 0.500000 -0.400000
v 2.500000 0.400000 -0.400000
v 2.500000 0.500000 -0.400000
v 4.300000 0.400000 -0.400000
v 4.300000 0.500000 -0.400000
v -15.600000 0.400000 -0.500000
v -15.600000 0.500000 -0.500000
v -15.500000 0.400000 -0.500000
v -15.500000 0.500000 -0.500000
v -15.500000 0.600000 -0.500000
v -13.700000 0.500000 -0.500000
v -13.700000 0.600000 -0.500000
v -13.600000 0.400000 -0.500000
v -13.600000 0.500000 -0.500000
v -13.500000 0.400000 -0.500000
v -13.500000 0.500000 -0.500000
v -13.500000 0.600000 -0.500000
v -11.700000 0.500000 -0.500000
v -11.700000 0.600000 -0.500000
v -11.600000 0.400000 -0.500000
v -11.600000 0.500000 -0.500000
v -11.500000 0.400000 -0.500000
v -11.500000 0.500000 -0.500000
v -11.500000 0.600000 -0.500000
v -9.700000 0.500000 -0.500000
v -9.700000 0.600000 -0.500000
v -9.600000 0.400000 -0.500000
v -9.600000 0.500000 -0.500000
v -9.500000 0.400000 -0.500000
v -9.500000 0.500000 -0.500000
v -9.500000 0.600000 -0.500000
v -7.700000 0.500000 -0.500000
v -7.700000 0.600000 -0.500000
v -7.600000 0.400000 -0.500000
v -7.600000 0.500000 -0.500000
v -7.500000 0.400000 -0.500000
v -7.500000 0.500000 -0.500000
v -7.500000 0.600000 -0.500000
v -5.700000 0.500000 -0.500000
v -5.700000 0.600000 -0.500000
v -5.600000 0.400000 -0.500000
v -5.600000 0.500000 -0.500000
v -5.500000 0.400000 -0.500000
v -5.500000 0.500000 -0.500000
v -5.500000 0.600000 -0.500000
v -3.700000 0.500000 -0.500000
v -3.700000 0.600000 -0.500000
v -3.600000 0.400000 -0.500000
v -3.600000 0.500000 -0.500000
v -3.500000 0.400000 -0.500000
v -3.500000 0.500000 -0.500000
v -3.500000 0.600000 -0.500000
v -1.700000 0.500000 -0.500000
v -1.700000 0.600000 -0.500000
v -1.600000 0.400000 -0.500000
v -1.600000 0.500000 -0.500000
v -1.500000 0.400000 -0.500000
v -1.500000 0.500000 -0.500000
v -1.500000 0.600000 -0.500000
v 0.299999 0.500000 -0.500000
v 0.299999 0.600000 -0.500000
v 0.400000 0.400000 -0.500000
v 0.400000 0.500000 -0.500000
v 0.500000 0.400000 -0.500000
v 0.500000 0.500000 -0.500000
v 0.500000 0.600000 -0.500000
v 2.300000 0.500000 -0.500000
v 2.300000 0.600000 -0.500000
v 2.400000 0.400000 -0.500000
v 2.400000 0.500000 -0.500000
v 2.500000 0.400000 -0.500000
v 2.500000 0.500000 -0.500000
v 2.500000 0.600000 -0.500000
v 4.300000 0.500000 -0.500000
v 4.300000 0.600000 -0.500000
v -15.500000 0.400000 -2.400000
v -15.500000 0.500000 -2.400000
v -13.700000 0.400000 -2.400000
v -13.700000 0.500000 -2.400000
v -13.500000 0.400000 -2.400000
v -13.500000 0.500000 -2.400000
v -11.700000 0.400000 -2.400000
v -11.700000 0.500000 -2.400000
v -11.500000 0.400000 -2.400000
v -11.500000 0.500000 -2.400000
v -9.700000 0.400000 -2.400000
v -9.700000 0.500000 -2.400000
v -9.500000 0.400000 -2.400000
v -9.500000 0.500000 -2.400000
v -7.700000 0.400000 -2.400000
v -7.700000 0.500000 -2.400000
v -7.500000 0.400000 -2.400000
v -7.500000 0.500000 -2.400000
v -5.700000 0.400000 -2.400000
v -5.700000 0.500000 -2.400000
v -5.500000 0.400000 -2.400000
v -5.500000 0.500000 -2.400000
v -3.700000 0.400000 -2.400000
v -3.700000 0.500000 -2.400000
v -3.500000 0.400000 -2.400000
v -3.500000 0.500000 -2.400000
v -1.700000 0.400000 -2.400000
v -1.700000 0.500000 -2.400000
v -1.500000 0.400000 -2.400000
v -1.500000 0.500000 -2.400000
v 0.299999 0.400000 -2.400000
v 0.299999 0.500000 -2.400000
v 0.500000 0.400000 -2.400000
v 0.500000 0.500000 -2.400000
v 2.300000 0.400000 -2.400000
v 2.300000 0.500000 -2.400000
v 2.500000 0.400000 -2.400000
v 2.500000 0.500000 -2.400000
v 4.300000 0.400000 -2.400000
v 4.300000 0.500000 -2.400000
v -15.600000 0.400000 -2.500000
v -15.600000 0.500000 -2.500000
v -15.500000 0.400000 -2.500000
v -15.500000 0.500000 -2.500000
v -15.500000 0.600000 -2.500000
v -13.700000 0.500000 -2.500000
v -13.700000 0.600000 -2.500000
v -13.600000 0.400000 -2.500000
v -13.600000 0.500000 -2.500000
v -13.500000 0.400000 -2.500000
v -13.500000 0.500000 -2.500000
v -13.500000 0.600000 -2.500000
v -11.700000 0.500000 -2.500000
v -11.700000 0.600000 -2.500000
v -11.600000 0.400000 -2.500000
v -11.600000 0.500000 -2.500000
v -11.500000 0.400000 -2.500000
v -11.500000 0.500000 -2.500000
v -11.500000 0.600000 -2.500000
v -9.700000 0.500000 -2.500000
v -9.700000 0.600000 -2.500000
v -9.600000 0.400000 -2.500000
v -9.600000 0.500000 -2.500000
v -9.500000 0.400000 -2.500000
v -9.500000 0.500000 -2.500000
v -9.500000 0.600000 -2.500000
v -7.700000 0.500000 -2.500000
v -7.700000 0.600000 -2.500000
v -7.600000 0.400000 -2.500000
v -7.600000 0.500000 -2.500000
v -7.500000 0.400000 -2.500000
v -7.500000 0.500000 -2.500000
v -7.500000 0.600000 -2.500000
v -5.700000 0.500000 -2.500000
v -5.700000 0.600000 -2.500000
v -5.600000 0.400000 -2.500000
v -5.600000 0.500000 -2.500000
v -5.500000 0.400000 -2.500000
v -5.500000 0.500000 -2.500000
v -5.500000 0.600000 -2.500000
v -3.700000 0.500000 -2.500000
v -3.700000 0.600000 -2.500000
v -3.600000 0.400000 -2.500000
v -3.600000 0.500000 -2.500000
v -3.500000 0.400000 -2.500000
v -3.500000 0.500000 -2.500000
v -3.500000 0.600000 -2.500000
v -1.700000 0.500000 -2.500000
v -1.700000 0.600000 -2.500000
v -1.600000 0.400000 -2.500000
v -1.600000 0.500000 -2.500000
v -1.500000 0.400000 -2.500000
v -1.500000 0.500000 -2.500000
v -1.500000 0.600000 -2.500000
v 0.299999 0.500000 -2.500000
v 0.299999 0.600000 -2.500000
v 0.400000 0.400000 -2.500000
v 0.400000 0.500000 -2.500000
v 0.500000 0.400000 -2.500000
v 0.500000 0.500000 -2.500000
v 0.500000 0.600000 -2.500000
v 2.300000 0.500000 -2.500000
v 2.300000 0.600000 -2.500000
v 2.400000 0.400000 -2.500000
v 2.400000 0.500000 -2.500000
v 2.500000 0.400000 -2.500000
v 2.500000 0.500000 -2.500000
v 2.500000 0.600000 -2.500000
v 4.300000 0.500000 -2.500000
v 4.300000 0.600000 -2.500000
v -15.500000 0.400000 -4.400000
v -15.500000 0.500000 -4.400000
v -13.700000 0.400000 -4.400000
v -13.700000 0.500000 -4.400000
v -13.500000 0.400000 -4.400000
v -13.500000 0.500000 -4.400000
v -11.700000 0.400000 -4.400000
v -11.700000 0.500000 -4.400000
v -11.500000 0.400000 -4.400000
v -11.500000 0.500000 -4.400000
v -9.700000 0.400000 -4.400000
v -9.700000 0.500000 -4.400000
v -9.500000 0.400000 -4.400000
v -9.500000 0.500000 -4.400000
v -7.700000 0.400000 -4.400000
v -7.700000 0.500000 -4.400000
v -7.500000 0.400000 -4.400000
v -7.500000 0.500000 -4.400000
v -5.700000 0.400000 -4.400000
v -5.700000 0.500000 -4.400000
v -5.500000 0.400000 -4.400000
v -5.500000 0.500000 -4.400000
v -3.700000 0.400000 -4.400000
v -3.700000 0.500000 -4.400000
v -3.500000 0.400000 -4.400000
v -3.500000 0.500000 -4.400000
v -1.700000 0.400000 -4.400000
v -1.700000 0.500000 -4.400000
v -1.500000 0.400000 -4.400000
v -1.500000 0.500000 -4.400000
v 0.299999 0.400000 -4.400000
v 0.299999 0.500000 -4.400000
v 0.500000 0.400000 -4.400000
v 0.500000 0.500000 -4.400000
v 2.300000 0.400000 -4.400000
v 2.300000 0.500000 -4.400000
v 2.500000 0.400000 -4.400000
v 2.500000 0.500000 -4.400000
v 4.300000 0.400000 -4.400000
v 4.300000 0.500000 -4.400000
v -15.600000 0.400000 -4.500000
v -15.600000 0.500000 -4.500000
v -15.500000 0.400000 -4.500000
v -15.500000 0.500000 -4.500000
v -15.500000 0.600000 -4.500000
v -13.700000 0.500000 -4.500000
v -13.700000 0.600000 -4.500000
v -13.600000 0.400000 -4.500000
v -13.600000 0.500000 -4.500000
v -13.500000 0.400000 -4.500000
v -13.500000 0.500000 -4.500000
v -13.500000 0.600000 -4.500000
v -11.700000 0.500000 -4.500000
v -11.700000 0.600000 -4.500000
v -11.600000 0.400000 -4.500000
v -11.600000 0.500000 -4.500000
v -11.500000 0.400000 -4.500000
v -11.500000 0.500000 -4.500000
v -11.500000 0.600000 -4.500000
v -9.700000 0.500000 -4.500000
v -9.700000 0.600000 -4.500000
v -9.600000 0.400000 -4.500000
v -9.600000 0.500000 -4.500000
v -9.500000 0.400000 -4.500000
v -9.500000 0.500000 -4.500000
v -9.500000 0.600000 -4.500000
v -7.700000 0.500000 -4.500000
v -7.700000 0.600000 -4.500000
v -7.600000 0.400000 -4.500000
v -7.600000 0.500000 -4.500000
v -7.500000 0.400000 -4.500000
v -7.500000 0.500000 -4.500000
v -7.500000 0.600000 -4.500000
v -5.700000 0.500000 -4.500000
v -5.700000 0.600000 -4.500000
v -5.600000 0.400000 -4.500000
v -5.600000 0.500000 -4.500000
v -5.500000 0.400000 -4.500000
v -5.500000 0.500000 -4.500000
v -5.500000 0.600000 -4.500000
v -3.700000 0.500000 -4.500000
v -3.700000 0.600000 -4.500000
v -3.600000 0.400000 -4.500000
v -3.600000 0.500000 -4.500000
v -3.500000 0.400000 -4.500000
v -3.500000 0.500000 -4.500000
v -3.500000 0.600000 -4.500000
v -1.700000 0.500000 -4.500000
v -1.700000 0.600000 -4.500000
v -1.600000 0.400000 -4.500000
v -1.600000 0.500000 -4.500000
v -1.500000 0.400000 -4.500000
v -1.500000 0.500000 -4.500000
v -1.500000 0.600000 -4.500000
v 0.299999 0.500000 -4.500000
v 0.299999 0.600000 -4.500000
v 0.400000 0.400000 -4.500000
v 0.400000 0.500000 -4.500000
v 0.500000 0.400000 -4.500000
v 0.500000 0.500000 -4.500000
v 0.500000 0.600000 -4.500000
v 2.300000 0.500000 -4.500000
v 2.300000 0.600000 -4.500000
v 2.400000 0.400000 -4.500000
v 2.400000 0.500000 -4.500000
v 2.500000 0.400000 -4.500000
v 2.500000 0.500000 -4.500000
v 2.500000 0.600000 -4.500000
v 4.300000 0.500000 -4.500000
v 4.300000 0.600000 -4.500000
v -15.500000 0.400000 -6.400000
v -15.500000 0.500000 -6.400000
v -13.700000 0.400000 -6.400000
v -13.700000 0.500000 -6.400000
v -13.500000 0.400000 -6.400000
v -13.500000 0.500000 -6.400000
v -11.700000 0.400000 -6.400000
v -11.700000 0.500000 -6.400000
v -11.500000 0.400000 -6.400000
v -11.500000 0.500000 -6.400000
v -9.700000 0.400000 -6.400000
v -9.700000 0.500000 -6.400000
v -9.500000 0.400000 -6.400000
v -9.500000 0.500000 -6.400000
v -7.700000 0.400000 -6.400000
v -7.700000 0.500000 -6.400000
v -7.500000 0.400000 -6.400000
v -7.500000 0.500000 -6.400000
v -5.700000 0.400000 -6.400000
v -5.700000 0.500000 -6.400000
v -5.500000 0.400000 -6.400000
v -5.500000 0.500000 -6.400000
v -3.700000 0.400000 -6.400000
v -3.700000 0.500000 -6.400000
v -3.500000 0.400000 -6.400000
v -3.500000 0.500000 -6.400000
v -1.700000 0.400000 -6.400000
v -1.700000 0.500000 -6.400000
v -1.500000 0.400000 -6.400000
v -1.500000 0.500000 -6.400000
v 0.299999 0.400000 -6.400000
v 0.299999 0.500000 -6.400000
v 0.500000 0.400000 -6.400000
v 0.500000 0.500000 -6.400000
v 2.300000 0.400000 -6.400000
v 2.300000 0.500000 -6.400000
v 2.500000 0.400000 -6.400000
v 2.500000 0.500000 -6.400000
v 4.300000 0.400000 -6.400000
v 4.300000 0.500000 -6.400000
v -15.600000 0.400000 -6.500000
v -15.600000 0.500000 -6.500000
v -15.500000 0.400000 -6.500000
v -15.500000 0.500000 -6.500000
v -15.500000 0.600000 -6.500000
v -13.700000 0.500000 -6.500000
v -13.700000 0.600000 -6.500000
v -13.600000 0.400000 -6.500000
v -13.600000 0.500000 -6.500000
v -13.500000 0.400000 -6.500000
v -13.500000 0.500000 -6.500000
v -13.500000 0.600000 -6.500000
v -11.700000 0.500000 -6.500000
v -11.700000 0.600000 -6.500000
v -11.600000 0.400000 -6.500000
v -11.600000 0.500000 -6.500000
v -11.500000 0.400000 -6.500000
v -11.500000 0.500000 -6.500000
v -11.500000 0.600000 -6.500000
v -9.700000 0.500000 -6.500000
v -9.700000 0.600000 -6.500000
v -9.600000 0.400000 -6.500000
v -9.600000 0.500000 -6.500000
v -9.500000 0.400000 -6.500000
v -9.500000 0.500000 -6.500000
v -9.500000 0.600000 -6.500000
v -7.700000 0.500000 -6.500000
v -7.700000 0.600000 -6.500000
v -7.600000 0.400000 -6.500000
v -7.600000 0.500000 -6.500000
v -7.500000 0.400000 -6.500000
v -7.500000 0.500000 -6.500000
v -7.500000 0.600000 -6.500000
v -5.700000 0.500000 -6.500000
v -5.700000 0.600000 -6.500000
v -5.600000 0.400000 -6.500000
v -5.600000 0.500000 -6.500000
v -5.500000 0.400000 -6.500000
v -5.500000 0.500000 -6.500000
v -5.500000 0.600000 -6.500000
v -3.700000 0.500000 -6.500000
v -3.700000 0.600000 -6.500000
v -3.600000 0.400000 -6.500000
v -3.600000 0.500000 -6.500000
v -3.500000 0.400000 -6.500000
v -3.500000 0.500000 -6.500000
v -3.500000 0.600000 -6.500000
v -1.700000 0.500000 -6.500000
v -1.700000 0.600000 -6.500000
v -1.600000 0.400000 -6.500000
v -1.600000 0.500000 -6.500000
v -1.500000 0.400000 -6.500000
v -1.500000 0.500000 -6.500000
v -1.500000 0.600000 -6.500000
v 0.299999 0.500000 -6.500000
v 0.299999 0.600000 -6.500000
v 0.400000 0.400000 -6.500000
v 0.400000 0.500000 -6.500000
v 0.500000 0.400000 -6.500000
v 0.500000 0.500000 -6.500000
v 0.500000 0.600000 -6.500000
v 2.300000 0.500000 -6.500000
v 2.300000 0.600000 -6.500000
v 2.400000 0.400000 -6.500000
v 2.400000 0.500000 -6.500000
v 2.500000 0.400000 -6.500000
v 2.500000 0.500000 -6.500000
v 2.500000 0.600000 -6.500000
v 4.300000 0.500000 -6.500000
v 4.300000 0.600000 -6.500000
v -15.500000 0.399999 -8.400000
v -15.500000 0.499999 -8.400000
v -13.700000 0.399999 -8.400000
v -13.700000 0.499999 -8.400000
v -13.500000 0.399999 -8.400000
v -13.500000 0.499999 -8.400000
v -11.700000 0.399999 -8.400000
v -11.700000 0.499999 -8.400000
v -11.500000 0.399999 -8.400000
v -11.500000 0.499999 -8.400000
v -9.700000 0.399999 -8.400000
v -9.700000 0.499999 -8.400000
v -9.500000 0.399999 -8.400000
v -9.500000 0.499999 -8.400000
v -7.700000 0.399999 -8.400000
v -7.700000 0.499999 -8.400000
v -7.500000 0.399999 -8.400000
v -7.500000 0.499999 -8.400000
v -5.700000 0.399999 -8.400000
v -5.700000 0.499999 -8.400000
v -5.500000 0.399999 -8.400000
v -5.500000 0.499999 -8.400000
v -3.700000 0.399999 -8.400000
v -3.700000 0.499999 -8.400000
v -3.500000 0.399999 -8.400000
v -3.500000 0.499999 -8.400000
v -1.700000 0.399999 -8.400000
v -1.700000 0.499999 -8.400000
v -1.500000 0.399999 -8.400000
v -1.500000 0.499999 -8.400000
v 0.299999 0.399999 -8.400000
v 0.299999 0.499999 -8.400000
v 0.500000 0.399999 -8.400000
v 0.500000 0.499999 -8.400000
v 2.300000 0.399999 -8.400000
v 2.300000 0.499999 -8.400000
v 2.500000 0.399999 -8.400000
v 2.500000 0.499999 -8.400000
v 4.300000 0.399999 -8.400000
v 4.300000 0.499999 -8.400000
v -15.600000 0.399999 -8.500000
v -15.600000 0.499999 -8.500000
v -15.500000 0.399999 -8.500000
v -15.500000 0.499999 -8.500000
v -15.500000 0.599999 -8.500000
v -13.700000 0.499999 -8.500000
v -13.700000 0.599999 -8.500000
v -13.600000 0.399999 -8.500000
v -13.600000 0.499999 -8.500000
v -13.500000 0.399999 -8.500000
v -13.500000 0.499999 -8.500000
v -13.500000 0.599999 -8.500000
v -11.700000 0.499999 -8.500000
v -11.700000 0.599999 -8.500000
v -11.600000 0.399999 -8.500000
v -11.600000 0.499999 -8.500000
v -11.500000 0.399999 -8.500000
v -11.500000 0.499999 -8.500000
v -11.500000 0.599999 -8.500000
v -9.700000 0.499999 -8.500000
v -9.700000 0.599999 -8.500000
v -9.600000 0.399999 -8.500000
v -9.600000 0.499999 -8.500000
v -9.500000 0.399999 -8.500000
v -9.500000 0.499999 -8.500000
v -9.500000 0.599999 -8.500000
v -7.700000 0.499999 -8.500000
v -7.700000 0.599999 -8.500000
v -7.600000 0.399999 -8.500000
v -7.600000 0.499999 -8.500000
v -7.500000 0.399999 -8.500000
v -7.500000 0.499999 -8.500000
v -7.500000 0.599999 -8.500000
v -5.700000 0.499999 -8.500000
v -5.700000 0.599999 -8.500000
v -5.600000 0.399999 -8.500000
v -5.600000 0.499999 -8.500000
v -5.500000 0.399999 -8.500000
v -5.500000 0.499999 -8.500000
v -5.500000 0.599999 -8.500000
v -3.700000 0.499999 -8.500000
v -3.700000 0.599999 -8.500000
v -3.600000 0.399999 -8.500000
v -3.600000 0.499999 -8.500000
v -3.500000 0.399999 -8.500000
v -3.500000 0.499999 -8.500000
v -3.500000 0.599999 -8.500000
v -1.700000 0.499999 -8.500000
v -1.700000 0.599999 -8.500000
v -1.600000 0.399999 -8.500000
v -1.600000 0.499999 -8.500000
v -1.500000 0.399999 -8.500000
v -1.500000 0.499999 -8.500000
v -1.500000 0.599999 -8.500000
v 0.299999 0.499999 -8.500000
v 0.299999 0.599999 -8.500000
v 0.400000 0.399999 -8.500000
v 0.400000 0.499999 -8.500000
v 0.500000 0.399999 -8.500000
v 0.500000 0.499999 -8.500000
v 0.500000 0.599999 -8.500000
v 2.300000 0.499999 -8.500000
v 2.300000 0.599999 -8.500000
v 2.400000 0.399999 -8.500000
v 2.400000 0.499999 -8.500000
v 2.500000 0.399999 -8.500000
v 2.500000 0.499999 -8.500000
v 2.500000 0.599999 -8.500000
v 4.300000 0.499999 -8.500000
v 4.300000 0.599999 -8.500000
v -15.600000 0.400000 -0.300000
v -15.600000 0.500000 -0.300000
v -15.500000 0.500000 -0.300000
v -15.500000 0.600000 -0.300000
v -13.700000 0.400000 -0.300000
v -13.700000 0.600000 -0.300000
v -13.600000 0.400000 -0.300000
v -13.600000 0.500000 -0.300000
v -13.500000 0.500000 -0.300000
v -13.500000 0.600000 -0.300000
v -11.700000 0.400000 -0.300000
v -11.700000 0.600000 -0.300000
v -11.600000 0.400000 -0.300000
v -11.600000 0.500000 -0.300000
v -11.500000 0.500000 -0.300000
v -11.500000 0.600000 -0.300000
v -9.700000 0.400000 -0.300000
v -9.700000 0.600000 -0.300000
v -9.600000 0.400000 -0.300000
v -9.600000 0.500000 -0.300000
v -9.500000 0.500000 -0.300000
v -9.500000 0.600000 -0.300000
v -7.700000 0.400000 -0.300000
v -7.700000 0.600000 -0.300000
v -7.600000 0.400000 -0.300000
v -7.600000 0.500000 -0.300000
v -7.500000 0.500000 -0.300000
v -7.500000 0.600000 -0.300000
v -5.700000 0.400000 -0.300000
v -5.700000 0.600000 -0.300000
v -5.600000 0.400000 -0.300000
v -5.600000 0.500000 -0.300000
v -5.500000 0.500000 -0.300000
v -5.500000 0.600000 -0.300000
v -3.700000 0.400000 -0.300000
v -3.700000 0.600000 -0.300000
v -3.600000 0.400000 -0.300000
v -3.600000 0.500000 -0.300000
v -3.500000 0.500000 -0.300000
v -3.500000 0.600000 -0.300000
v -1.700000 0.400000 -0.300000
v -1.700000 0.600000 -0.300000
v -1.600000 0.400000 -0.300000
v -1.600000 0.500000 -0.300000
v -1.500000 0.500000 -0.300000
v -1.500000 0.600000 -0.300000
v 0.299999 0.400000 -0.300000
v 0.299999 0.600000 -0.300000
v 0.400000 0.400000 -0.300000
v 0.400000 0.500000 -0.300000
v 0.500000 0.500000 -0.300000
v 0.500000 0.600000 -0.300000
v 2.300000 0.400000 -0.300000
v 2.300000 0.600000 -0.300000
v 2.400000 0.400000 -0.300000
v 2.400000 0.500000 -0.300000
v 2.500000 0.500000 -0.300000
v 2.500000 0.600000 -0.300000
v 4.300000 0.400000 -0.300000
v 4.300000 0.600000 -0.300000
v -15.600000 0.400000 -2.300000
v -15.600000 0.500000 -2.300000
v -15.500000 0.500000 -2.300000
v -15.500000 0.600000 -2.300000
v -13.700000 0.400000 -2.300000
v -13.700000 0.600000 -2.300000
v -13.600000 0.400000 -2.300000
v -13.600000 0.500000 -2.300000
v -13.500000 0.500000 -2.300000
v -13.500000 0.600000 -2.300000
v -11.700000 0.400000 -2.300000
v -11.700000 0.600000 -2.300000
v -11.600000 0.400000 -2.300000
v -11.600000 0.500000 -2.300000
v -11.500000 0.500000 -2.300000
v -11.500000 0.600000 -2.300000
v -9.700000 0.400000 -2.300000
v -9.700000 0.600000 -2.300000
v -9.600000 0.400000 -2.300000
v -9.600000 0.500000 -2.300000
v -9.500000 0.500000 -2.300000
v -9.500000 0.600000 -2.300000
v -7.700000 0.400000 -2.300000
v -7.700000 0.600000 -2.300000
v -7.600000 0.400000 -2.300000
v -7.600000 0.500000 -2.300000
v -7.500000 0.500000 -2.300000
v -7.500000 0.600000 -2.300000
v -5.700000 0.400000 -2.300000
v -5.700000 0.600000 -2.300000
v -5.600000 0.400000 -2.300000
v -5.600000 0.500000 -2.300000
v -5.500000 0.500000 -2.300000
v -5.500000 0.600000 -2.300000
v -3.700000 0.400000 -2.300000
v -3.700000 0.600000 -2.300000
v -3.600000 0.400000 -2.300000
v -3.600000 0.500000 -2.300000
v -3.500000 0.500000 -2.300000
v -3.500000 0.600000 -2.300000
v -1.700000 0.400000 -2.300000
v -1.700000 0.600000 -2.300000
v -1.600000 0.400000 -2.300000
v -1.600000 0.500000 -2.300000
v -1.500000 0.500000 -2.300000
v -1.500000 0.600000 -2.300000
v 0.299999 0.400000 -2.300000
v 0.299999 0.600000 -2.300000
v 0.400000 0.400000 -2.300000
v 0.400000 0.500000 -2.300000
v 0.500000 0.500000 -2.300000
v 0.500000 0.600000 -2.300000
v 2.300000 0.400000 -2.300000
v 2.300000 0.600000 -2.300000
v 2.400000 0.400000 -2.300000
v 2.400000 0.500000 -2.300000
v 2.500000 0.500000 -2.300000
v 2.500000 0.600000 -2.300000
v 4.300000 0.400000 -2.300000
v 4.300000 0.600000 -2.300000
v -15.600000 0.400000 -4.300000
v -15.600000 0.500000 -4.300000
v -15.500000 0.500000 -4.300000
v -15.500000 0.600000 -4.300000
v -13.700000 0.400000 -4.300000
v -13.700000 0.600000 -4.300000
v -13.600000 0.400000 -4.300000
v -13.600000 0.500000 -4.300000
v -13.500000 0.500000 -4.300000
v -13.500000 0.600000 -4.300000
v -11.700000 0.400000 -4.300000
v -11.700000 0.600000 -4.300000
v -11.600000 0.400000 -4.300000
v -11.600000 0.500000 -4.300000
v -11.500000 0.500000 -4.300000
v -11.500000 0.600000 -4.300000
v -9.700000 0.400000 -4.300000
v -9.700000 0.600000 -4.300000
v -9.600000 0.400000 -4.300000
v -9.600000 0.500000 -4.300000
v -9.500000 0.500000 -4.300000
v -9.500000 0.600000 -4.300000
v -7.700000 0.400000 -4.300000
v -7.700000 0.600000 -4.300000
v -7.600000 0.400000 -4.300000
v -7.600000 0.500000 -4.300000
v -7.500000 0.500000 -4.300000
v -7.500000 0.600000 -4.300000
v -5.700000 0.400000 -4.300000
v -5.700000 0.600000 -4.300000
v -5.600000 0.400000 -4.300000
v -5.600000 0.500000 -4.300000
v -5.500000 0.500000 -4.300000
v -5.500000 0.600000 -4.300000
v -3.700000 0.400000 -4.300000
v -3.700000 0.600000 -4.300000
v -3.600000 0.400000 -4.300000
v -3.600000 0.500000 -4.300000
v -3.500000 0.500000 -4.300000
v -3.500000 0.600000 -4.300000
v -1.700000 0.400000 -4.300000
v -1.700000 0.600000 -4.300000
v -1.600000 0.400000 -4.300000
v -1.600000 0.500000 -4.300000
v -1.500000 0.500000 -4.300000
v -1.500000 0.600000 -4.300000
v 0.299999 0.400000 -4.300000
v 0.299999 0.600000 -4.300000
v 0.400000 0.400000 -4.300000
v 0.400000 0.500000 -4.300000
v 0.500000 0.500000 -4.300000
v 0.500000 0.600000 -4.300000
v 2.300000 0.400000 -4.300000
v 2.300000 0.600000 -4.300000
v 2.400000 0.400000 -4.300000
v 2.400000 0.500000 -4.300000
v 2.500000 0.500000 -4.300000
v 2.500000 0.600000 -4.300000
v 4.300000 0.400000 -4.300000
v 4.300000 0.600000 -4.300000
v -15.600000 0.400000 -6.300000
v -15.600000 0.500000 -6.300000
v -15.500000 0.500000 -6.300000
v -15.500000 0.600000 -6.300000
v -13.700000 0.400000 -6.300000
v -13.700000 0.600000 -6.300000
v -13.600000 0.400000 -6.300000
v -13.600000 0.500000 -6.300000
v -13.500000 0.500000 -6.300000
v -13.500000 0.600000 -6.300000
v -11.700000 0.400000 -6.300000
v -11.700000 0.600000 -6.300000
v -11.600000 0.400000 -6.300000
v -11.600000 0.500000 -6.300000
v -11.500000 0.500000 -6.300000
v -11.500000 0.600000 -6.300000
v -9.700000 0.400000 -6.300000
v -9.700000 0.600000 -6.300000
v -9.600000 0.400000 -6.300000
v -9.600000 0.500000 -6.300000
v -9.500000 0.500000 -6.300000
v -9.500000 0.600000 -6.300000
v -7.700000 0.400000 -6.300000
v -7.700000 0.600000 -6.300000
v -7.600000 0.400000 -6.300000
v -7.600000 0.500000 -6.300000
v -7.500000 0.500000 -6.300000
v -7.500000 0.600000 -6.300000
v -5.700000 0.400000 -6.300000
v -5.700000 0.600000 -6.300000
v -5.600000 0.400000 -6.300000
v -5.600000 0.500000 -6.300000
v -5.500000 0.500000 -6.300000
v -5.500000 0.600000 -6.300000
v -3.700000 0.400000 -6.300000
v -3.700000 0.600000 -6.300000
v -3.600000 0.400000 -6.300000
v -3.600000 0.500000 -6.300000
v -3.500000 0.500000 -6.300000
v -3.500000 0.600000 -6.300000
v -1.700000 0.400000 -6.300000
v -1.700000 0.600000 -6.300000
v -1.600000 0.400000 -6.300000
v -1.600000 0.500000 -6.300000
v -1.500000 0.500000 -6.300000
v -1.500000 0.600000 -6.300000
v 0.299999 0.400000 -6.300000
v 0.299999 0.600000 -6.300000
v 0.400000 0.400000 -6.300000
v 0.400000 0.500000 -6.300000
v 0.500000 0.500000 -6.300000
v 0.500000 0.600000 -6.300000
v 2.300000 0.400000 -6.300000
v 2.300000 0.600000 -6.300000
v 2.400000 0.400000 -6.300000
v 2.400000 0.500000 -6.300000
v 2.500000 0.500000 -6.300000
v 2.500000 0.600000 -6.300000
v 4.300000 0.400000 -6.300000
v 4.300000 0.600000 -6.300000
v -15.600000 0.399999 -8.300000
v -15.600000 0.499999 -8.300000
v -15.500000 0.499999 -8.300000
v -15.500000 0.599999 -8.300000
v -13.700000 0.399999 -8.300000
v -13.700000 0.599999 -8.300000
v -13.600000 0.399999 -8.300000
v -13.600000 0.499999 -8.300000
v -13.500000 0.499999 -8.300000
v -13.500000 0.599999 -8.300000
v -11.700000 0.399999 -8.300000
v -11.700000 0.599999 -8.300000
v -11.600000 0.399999 -8.300000
v -11.600000 0.499999 -8.300000
v -11.500000 0.499999 -8.300000
v -11.500000 0.599999 -8.300000
v -9.700000 0.399999 -8.300000
v -9.700000 0.599999 -8.300000
v -9.600000 0.399999 -8.300000
v -9.600000 0.499999 -8.300000
v -9.500000 0.499999 -8.300000
v -9.500000 0.599999 -8.300000
v -7.700000 0.399999 -8.300000
v -7.700000 0.599999 -8.300000
v -7.600000 0.399999 -8.300000
v -7.600000 0.499999 -8.300000
v -7.500000 0.499999 -8.300000
v -7.500000 0.599999 -8.300000
v -5.700000 0.399999 -8.300000
v -5.700000 0.599999 -8.300000
v -5.600000 0.399999 -8.300000
v -5.600000 0.499999 -8.300000
v -5.500000 0.499999 -8.300000
v -5.500000 0.599999 -8.300000
v -3.700000 0.399999 -8.300000
v -3.700000 0.599999 -8.300000
v -3.600000 0.399999 -8.300000
v -3.600000 0.499999 -8.300000
v -3.500000 0.499999 -8.300000
v -3.500000 0.599999 -8.300000
v -1.700000 0.399999 -8.300000
v -1.700000 0.599999 -8.300000
v -1.600000 0.399999 -8.300000
v -1.600000 0.499999 -8.300000
v -1.500000 0.499999 -8.300000
v -1.500000 0.599999 -8.300000
v 0.299999 0.399999 -8.300000
v 0.299999 0.599999 -8.300000
v 0.400000 0.399999 -8.300000
v 0.400000 0.499999 -8.300000
v 0.500000 0.499999 -8.300000
v 0.500000 0.599999 -8.300000
v 2.300000 0.399999 -8.300000
v 2.300000 0.599999 -8.300000
v 2.400000 0.399999 -8.300000
v 2.400000 0.499999 -8.300000
v 2.500000 0.499999 -8.300000
v 2.500000 0.599999 -8.300000
v 4.300000 0.399999 -8.300000
v 4.300000 0.599999 -8.300000
v -15.600000 0.399999 -10.300000
v -15.600000 0.499999 -10.300000
v -15.500000 0.499999 -10.300000
v -15.500000 0.599999 -10.300000
v -13.700000 0.399999 -10.300000
v -13.700000 0.599999 -10.300000
v -13.600000 0.399999 -10.300000
v -13.600000 0.499999 -10.300000
v -13.500000 0.499999 -10.300000
v -13.500000 0.599999 -10.300000
v -11.700000 0.399999 -10.300000
v -11.700000 0.599999 -10.300000
v -11.600000 0.399999 -10.300000
v -11.600000 0.499999 -10.300000
v -11.500000 0.499999 -10.300000
v -11.500000 0.599999 -10.300000
v -9.700000 0.399999 -10.300000
v -9.700000 0.599999 -10.300000
v -9.600000 0.399999 -10.300000
v -9.600000 0.499999 -10.300000
v -9.500000 0.499999 -10.300000
v -9.500000 0.599999 -10.300000
v -7.700000 0.399999 -10.300000
v -7.700000 0.599999 -10.300000
v -7.600000 0.399999 -10.300000
v -7.600000 0.499999 -10.300000
v -7.500000 0.499999 -10.300000
v -7.500000 0.599999 -10.300000
v -5.700000 0.399999 -10.300000
v -5.700000 0.599999 -10.300000
v -5.600000 0.399999 -10.300000
v -5.600000 0.499999 -10.300000
v -5.500000 0.499999 -10.300000
v -5.500000 0.599999 -10.300000
v -3.700000 0.399999 -10.300000
v -3.700000 0.599999 -10.300000
v -3.600000 0.399999 -10.300000
v -3.600000 0.499999 -10.300000
v -3.500000 0.499999 -10.300000
v -3.500000 0.599999 -10.300000
v -1.700000 0.399999 -10.300000
v -1.700000 0.599999 -10.300000
v -1.600000 0.399999 -10.300000
v -1.600000 0.499999 -10.300000
v -1.500000 0.499999 -10.300000
v -1.500000 0.599999 -10.300000
v 0.299999 0.399999 -10.300000
v 0.299999 0.599999 -10.300000
v 0.400000 0.399999 -10.300000
v 0.400000 0.499999 -10.300000
v 0.500000 0.499999 -10.300000
v 0.500000 0.599999 -10.300000
v 2.300000 0.399999 -10.300000
v 2.300000 0.599999 -10.300000
v 2.400000 0.399999 -10.300000
v 2.400000 0.499999 -10.300000
v 2.500000 0.499999 -10.300000
v 2.500000 0.599999 -10.300000
v 4.300000 0.399999 -10.300000
v 4.300000 0.599999 -10.300000
v -15.600000 -0.000001 -10.400000
v -15.600000 0.299999 -10.400000
v -15.600000 0.399999 -10.400000
v -15.500000 0.199999 -10.400000
v -15.500000 0.299999 -10.400000
v -13.700000 0.199999 -10.400000
v -13.700000 0.299999 -10.400000
v -13.500000 0.199999 -10.400000
v -13.500000 0.299999 -10.400000
v -11.700000 0.199999 -10.400000
v -11.700000 0.299999 -10.400000
v -11.500000 0.199999 -10.400000
v -11.500000 0.299999 -10.400000
v -9.700000 0.199999 -10.400000
v -9.700000 0.299999 -10.400000
v -9.500000 0.199999 -10.400000
v -9.500000 0.299999 -10.400000
v -7.700000 0.199999 -10.400000
v -7.700000 0.299999 -10.400000
v -7.500000 0.199999 -10.400000
v -7.500000 0.299999 -10.400000
v -5.700000 0.199999 -10.400000
v -5.700000 0.299999 -10.400000
v -5.500000 0.199999 -10.400000
v -5.500000 0.299999 -10.400000
v -3.700000 0.199999 -10.400000
v -3.700000 0.299999 -10.400000
v -3.500000 0.199999 -10.400000
v -3.500000 0.299999 -10.400000
v -1.700000 0.199999 -10.400000
v -1.700000 0.299999 -10.400000
v -1.500000 0.199999 -10.400000
v -1.500000 0.299999 -10.400000
v 0.299999 0.199999 -10.400000
v 0.299999 0.299999 -10.400000
v 0.500000 0.199999 -10.400000
v 0.500000 0.299999 -10.400000
v 2.300000 0.199999 -10.400000
v 2.300000 0.299999 -10.400000
v 2.500000 0.199999 -10.400000
v 2.500000 0.299999 -10.400000
v 4.300000 0.199999 -10.400000
v 4.300000 0.299999 -10.400000
v 4.400000 -0.000001 -10.400000
v 4.400000 0.299999 -10.400000
v 4.400000 0.399999 -10.400000
v -15.600000 0.000000 1.600000
v 4.400000 0.000000 1.600000
v -15.600000 -0.000001 -10.400000
v 4.400000 -0.000001 -10.400000
v -15.600000 0.400000 1.600000
v -15.500000 0.400000 1.600000
v -13.700000 0.400000 1.600000
v -13.500000 0.400000 1.600000
v -11.700000 0.400000 1.600000
v -11.500000 0.400000 1.600000
v -9.700000 0.400000 1.600000
v -9.500000 0.400000 1.600000
v -7.700000 0.400000 1.600000
v -7.500000 0.400000 1.600000
v -5.700000 0.400000 1.600000
v -5.500000 0.400000 1.600000
v -3.700000 0.400000 1.600000
v -3.500000 0.400000 1.600000
v -1.700000 0.400000 1.600000
v -1.500000 0.400000 1.600000
v 0.299999 0.400000 1.600000
v 0.500000 0.400000 1.600000
v 2.300000 0.400000 1.600000
v 2.500000 0.400000 1.600000
v 4.300000 0.400000 1.600000
v 4.400000 0.400000 1.600000
v -15.600000 0.400000 1.500000
v -15.500000 0.400000 1.500000
v -13.600000 0.400000 1.500000
v -13.500000 0.400000 1.500000
v -11.600000 0.400000 1.500000
v -11.500000 0.400000 1.500000
v -9.600000 0.400000 1.500000
v -9.500000 0.400000 1.500000
v -7.600000 0.400000 1.500000
v -7.500000 0.400000 1.500000
v -5.600000 0.400000 1.500000
v -5.500000 0.400000 1.500000
v -3.600000 0.400000 1.500000
v -3.500000 0.400000 1.500000
v -1.600000 0.400000 1.500000
v -1.500000 0.400000 1.500000
v 0.400000 0.400000 1.500000
v 0.500000 0.400000 1.500000
v 2.400000 0.400000 1.500000
v 2.500000 0.400000 1.500000
v -15.600000 0.400000 -0.300000
v -13.700000 0.400000 -0.300000
v -13.600000 0.400000 -0.300000
v -11.700000 0.400000 -0.300000
v -11.600000 0.400000 -0.300000
v -9.700000 0.400000 -0.300000
v -9.600000 0.400000 -0.300000
v -7.700000 0.400000 -0.300000
v -7.600000 0.400000 -0.300000
v -5.700000 0.400000 -0.300000
v -5.600000 0.400000 -0.300000
v -3.700000 0.400000 -0.300000
v -3.600000 0.400000 -0.300000
v -1.700000 0.400000 -0.300000
v -1.600000 0.400000 -0.300000
v 0.299999 0.400000 -0.300000
v 0.400000 0.400000 -0.300000
v 2.300000 0.400000 -0.300000
v 2.400000 0.400000 -0.300000
v 4.300000 0.400000 -0.300000
v -15.500000 0.400000 -0.400000
v -13.700000 0.400000 -0.400000
v -13.500000 0.400000 -0.400000
v -11.700000 0.400000 -0.400000
v -11.500000 0.400000 -0.400000
v -9.700000 0.400000 -0.400000
v -9.500000 0.400000 -0.400000
v -7.700000 0.400000 -0.400000
v -7.500000 0.400000 -0.400000
v -5.700000 0.400000 -0.400000
v -5.500000 0.400000 -0.400000
v -3.700000 0.400000 -0.400000
v -3.500000 0.400000 -0.400000
v -1.700000 0.400000 -0.400000
v -1.500000 0.400000 -0.400000
v 0.299999 0.400000 -0.400000
v 0.500000 0.400000 -0.400000
v 2.300000 0.400000 -0.400000
v 2.500000 0.400000 -0.400000
v 4.300000 0.400000 -0.400000
v -15.600000 0.400000 -0.500000
v -15.500000 0.400000 -0.500000
v -13.600000 0.400000 -0.500000
v -13.500000 0.400000 -0.500000
v -11.600000 0.400000 -0.500000
v -11.500000 0.400000 -0.500000
v -9.600000 0.400000 -0.500000
v -9.500000 0.400000 -0.500000
v -7.600000 0.400000 -0.500000
v -7.500000 0.400000 -0.500000
v -5.600000 0.400000 -0.500000
v -5.500000 0.400000 -0.500000
v -3.600000 0.400000 -0.500000
v -3.500000 0.400000 -0.500000
v -1.600000 0.400000 -0.500000
v -1.500000 0.400000 -0.500000
v 0.400000 0.400000 -0.500000
v 0.500000 0.400000 -0.500000
v 2.400000 0.400000 -0.500000
v 2.500000 0.400000 -0.500000
v -15.600000 0.400000 -2.300000
v -13.700000 0.400000 -2.300000
v -13.600000 0.400000 -2.300000
v -11.700000 0.400000 -2.300000
v -11.600000 0.400000 -2.300000
v -9.700000 0.400000 -2.300000
v -9.600000 0.400000 -2.300000
v -7.700000 0.400000 -2.300000
v -7.600000 0.400000 -2.300000
v -5.700000 0.400000 -2.300000
v -5.600000 0.400000 -2.300000
v -3.700000 0.400000 -2.300000
v -3.600000 0.400000 -2.300000
v -1.700000 0.400000 -2.300000
v -1.600000 0.400000 -2.300000
v 0.299999 0.400000 -2.300000
v 0.400000 0.400000 -2.300000
v 2.300000 0.400000 -2.300000
v 2.400000 0.400000 -2.300000
v 4.300000 0.400000 -2.300000
v -15.500000 0.400000 -2.400000
v -13.700000 0.400000 -2.400000
v -13.500000 0.400000 -2.400000
v -11.700000 0.400000 -2.400000
v -11.500000 0.400000 -2.400000
v -9.700000 0.400000 -2.400000
v -9.500000 0.400000 -2.400000
v -7.700000 0.400000 -2.400000
v -7.500000 0.400000 -2.400000
v -5.700000 0.400000 -2.400000
v -5.500000 0.400000 -2.400000
v -3.700000 0.400000 -2.400000
v -3.500000 0.400000 -2.400000
v -1.700000 0.400000 -2.400000
v -1.500000 0.400000 -2.400000
v 0.299999 0.400000 -2.400000
v 0.500000 0.400000 -2.400000
v 2.300000 0.400000 -2.400000
v 2.500000 0.400000 -2.400000
v 4.300000 0.400000 -2.400000
v -15.600000 0.400000 -2.500000
v -15.500000 0.400000 -2.500000
v -13.600000 0.400000 -2.500000
v -13.500000 0.400000 -2.500000
v -11.600000 0.400000 -2.500000
v -11.500000 0.400000 -2.500000
v -9.600000 0.400000 -2.500000
v -9.500000 0.400000 -2.500000
v -7.600000 0.400000 -2.500000
v -7.500000 0.400000 -2.500000
v -5.600000 0.400000 -2.500000
v -5.500000 0.400000 -2.500000
v -3.600000 0.400000 -2.500000
v -3.500000 0.400000 -2.500000
v -1.600000 0.400000 -2.500000
v -1.500000 0.400000 -2.500000
v 0.400000 0.400000 -2.500000
v 0.500000 0.400000 -2.500000
v 2.400000 0.400000 -2.500000
v 2.500000 0.400000 -2.500000
v -15.600000 0.400000 -4.300000
v -13.700000 0.400000 -4.300000
v -13.600000 0.400000 -4.300000
v -11.700000 0.400000 -4.300000
v -11.600000 0.400000 -4.300000
v -9.700000 0.400000 -4.300000
v -9.600000 0.400000 -4.300000
v -7.700000 0.400000 -4.300000
v -7.600000 0.400000 -4.300000
v -5.700000 0.400000 -4.300000
v -5.600000 0.400000 -4.300000
v -3.700000 0.400000 -4.300000
v -3.600000 0.400000 -4.300000
v -1.700000 0.400000 -4.300000
v -1.600000 0.400000 -4.300000
v 0.299999 0.400000 -4.300000
v 0.400000 0.400000 -4.300000
v 2.300000 0.400000 -4.300000
v 2.400000 0.400000 -4.300000
v 4.300000 0.400000 -4.300000
v -15.500000 0.400000 -4.400000
v -13.700000 0.400000 -4.400000
v -13.500000 0.400000 -4.400000
v -11.700000 0.400000 -4.400000
v -11.500000 0.400000 -4.400000
v -9.700000 0.400000 -4.400000
v -9.500000 0.400000 -4.400000
v -7.700000 0.400000 -4.400000
v -7.500000 0.400000 -4.400000
v -5.700000 0.400000 -4.400000
v -5.500000 0.400000 -4.400000
v -3.700000 0.400000 -4.400000
v -3.500000 0.400000 -4.400000
v -1.700000 0.400000 -4.400000
v -1.500000 0.400000 -4.400000
v 0.299999 0.400000 -4.400000
v 0.500000 0.400000 -4.400000
v 2.300000 0.400000 -4.400000
v 2.500000 0.400000 -4.400000
v 4.300000 0.400000 -4.400000
v -15.600000 0.400000 -4.500000
v -15.500000 0.400000 -4.500000
v -13.600000 0.400000 -4.500000
v -13.500000 0.400000 -4.500000
v -11.600000 0.400000 -4.500000
v -11.500000 0.400000 -4.500000
v -9.600000 0.400000 -4.500000
v -9.500000 0.400000 -4.500000
v -7.600000 0.400000 -4.500000
v -7.500000 0.400000 -4.500000
v -5.600000 0.400000 -4.500000
v -5.500000 0.400000 -4.500000
v -3.600000 0.400000 -4.500000
v -3.500000 0.400000 -4.500000
v -1.600000 0.400000 -4.500000
v -1.500000 0.400000 -4.500000
v 0.400000 0.400000 -4.500000
v 0.500000 0.400000 -4.500000
v 2.400000 0.400000 -4.500000
v 2.500000 0.400000 -4.500000
v -15.600000 0.400000 -6.300000
v -13.700000 0.400000 -6.300000
v -13.600000 0.400000 -6.300000
v -11.700000 0.400000 -6.300000
v -11.600000 0.400000 -6.300000
v -9.700000 0.400000 -6.300000
v -9.600000 0.400000 -6.300000
v -7.700000 0.400000 -6.300000
v -7.600000 0.400000 -6.300000
v -5.700000 0.400000 -6.300000
v -5.600000 0.400000 -6.300000
v -3.700000 0.400000 -6.300000
v -3.600000 0.400000 -6.300000
v -1.700000 0.400000 -6.300000
v -1.600000 0.400000 -6.300000
v 0.299999 0.400000 -6.300000
v 0.400000 0.400000 -6.300000
v 2.300000 0.400000 -6.300000
v 2.400000 0.400000 -6.300000
v 4.300000 0.400000 -6.300000
v -15.500000 0.400000 -6.400000
v -13.700000 0.400000 -6.400000
v -13.500000 0.400000 -6.400000
v -11.700000 0.400000 -6.400000
v -11.500000 0.400000 -6.400000
v -9.700000 0.400000 -6.400000
v -9.500000 0.400000 -6.400000
v -7.700000 0.400000 -6.400000
v -7.500000 0.400000 -6.400000
v -5.700000 0.400000 -6.400000
v -5.500000 0.400000 -6.400000
v -3.700000 0.400000 -6.400000
v -3.500000 0.400000 -6.400000
v -1.700000 0.400000 -6.400000
v -1.500000 0.400000 -6.400000
v 0.299999 0.400000 -6.400000
v 0.500000 0.400000 -6.400000
v 2.300000 0.400000 -6.400000
v 2.500000 0.400000 -6.400000
v 4.300000 0.400000 -6.400000
v -15.600000 0.400000 -6.500000
v -15.500000 0.400000 -6.500000
v -13.600000 0.400000 -6.500000
v -13.500000 0.400000 -6.500000
v -11.600000 0.400000 -6.500000
v -11.500000 0.400000 -6.500000
v -9.600000 0.400000 -6.500000
v -9.500000 0.400000 -6.500000
v -7.600000 0.400000 -6.500000
v -7.500000 0.400000 -6.500000
v -5.600000 0.400000 -6.500000
v -5.500000 0.400000 -6.500000
v -3.600000 0.400000 -6.500000
v -3.500000 0.400000 -6.500000
v -1.600000 0.400000 -6.500000
v -1.500000 0.400000 -6.500000
v 0.400000 0.400000 -6.500000
v 0.500000 0.400000 -6.500000
v 2.400000 0.400000 -6.500000
v 2.500000 0.400000 -6.500000
v -15.600000 0.399999 -8.300000
v -13.700000 0.399999 -8.300000
v -13.600000 0.399999 -8.300000
v -11.700000 0.399999 -8.300000
v -11.600000 0.399999 -8.300000
v -9.700000 0.399999 -8.300000
v -9.600000 0.399999 -8.300000
v -7.700000 0.399999 -8.300000
v -7.600000 0.399999 -8.300000
v -5.700000 0.399999 -8.300000
v -5.600000 0.399999 -8.300000
v -3.700000 0.399999 -8.300000
v -3.600000 0.399999 -8.300000
v -1.700000 0.399999 -8.300000
v -1.600000 0.399999 -8.300000
v 0.299999 0.399999 -8.300000
v 0.400000 0.399999 -8.300000
v 2.300000 0.399999 -8.300000
v 2.400000 0.399999 -8.300000
v 4.300000 0.399999 -8.300000
v -15.500000 0.399999 -8.400000
v -13.700000 0.399999 -8.400000
v -13.500000 0.399999 -8.400000
v -11.700000 0.399999 -8.400000
v -11.500000 0.399999 -8.400000
v -9.700000 0.399999 -8.400000
v -9.500000 0.399999 -8.400000
v -7.700000 0.399999 -8.400000
v -7.500000 0.399999 -8.400000
v -5.700000 0.399999 -8.400000
v -5.500000 0.399999 -8.400000
v -3.700000 0.399999 -8.400000
v -3.500000 0.399999 -8.400000
v -1.700000 0.399999 -8.400000
v -1.500000 0.399999 -8.400000
v 0.299999 0.399999 -8.400000
v 0.500000 0.399999 -8.400000
v 2.300000 0.399999 -8.400000
v 2.500000 0.399999 -8.400000
v 4.300000 0.399999 -8.400000
v -15.600000 0.399999 -8.500000
v -15.500000 0.399999 -8.500000
v -13.600000 0.399999 -8.500000
v -13.500000 0.399999 -8.500000
v -11.600000 0.399999 -8.500000
v -11.500000 0.399999 -8.500000
v -9.600000 0.399999 -8.500000
v -9.500000 0.399999 -8.500000
v -7.600000 0.399999 -8.500000
v -7.500000 0.399999 -8.500000
v -5.600000 0.399999 -8.500000
v -5.500000 0.399999 -8.500000
v -3.600000 0.399999 -8.500000
v -3.500000 0.399999 -8.500000
v -1.600000 0.399999 -8.500000
v -1.500000 0.399999 -8.500000
v 0.400000 0.399999 -8.500000
v 0.500000 0.399999 -8.500000
v 2.400000 0.399999 -8.500000
v 2.500000 0.399999 -8.500000
v -15.600000 0.399999 -10.300000
v -13.700000 0.399999 -10.300000
v -13.600000 0.399999 -10.300000
v -11.700000 0.399999 -10.300000
v -11.600000 0.399999 -10.300000
v -9.700000 0.399999 -10.300000
v -9.600000 0.399999 -10.300000
v -7.700000 0.399999 -10.300000
v -7.600000 0.399999 -10.300000
v -5.700000 0.399999 -10.300000
v -5.600000 0.399999 -10.300000
v -3.700000 0.399999 -10.300000
v -3.600000 0.399999 -10.300000
v -1.700000 0.399999 -10.300000
v -1.600000 0.399999 -10.300000
v 0.299999 0.399999 -10.300000
v 0.400000 0.399999 -10.300000
v 2.300000 0.399999 -10.300000
v 2.400000 0.399999 -10.300000
v 4.300000 0.399999 -10.300000
v -15.600000 0.399999 -10.400000
v 4.400000 0.399999 -10.400000
v -15.500000 0.500000 1.600000
v -13.700000 0.500000 1.600000
v -13.500000 0.500000 1.600000
v -11.700000 0.500000 1.600000
v -11.500000 0.500000 1.600000
v -9.700000 0.500000 1.600000
v -9.500000 0.500000 1.600000
v -7.700000 0.500000 1.600000
v -7.500000 0.500000 1.600000
v -5.700000 0.500000 1.600000
v -5.500000 0.500000 1.600000
v -3.700000 0.500000 1.600000
v -3.500000 0.500000 1.600000
v -1.700000 0.500000 1.600000
v -1.500000 0.500000 1.600000
v 0.299999 0.500000 1.600000
v 0.500000 0.500000 1.600000
v 2.300000 0.500000 1.600000
v 2.500000 0.500000 1.600000
v 4.300000 0.500000 1.600000
v -15.600000 0.500000 1.500000
v -15.500000 0.500000 1.500000
v -13.700000 0.500000 1.500000
v -13.600000 0.500000 1.500000
v -13.500000 0.500000 1.500000
v -11.700000 0.500000 1.500000
v -11.600000 0.500000 1.500000
v -11.500000 0.500000 1.500000
v -9.700000 0.500000 1.500000
v -9.600000 0.500000 1.500000
v -9.500000 0.500000 1.500000
v -7.700000 0.500000 1.500000
v -7.600000 0.500000 1.500000
v -7.500000 0.500000 1.500000
v -5.700000 0.500000 1.500000
v -5.600000 0.500000 1.500000
v -5.500000 0.500000 1.500000
v -3.700000 0.500000 1.500000
v -3.600000 0.500000 1.500000
v -3.500000 0.500000 1.500000
v -1.700000 0.500000 1.500000
v -1.600000 0.500000 1.500000
v -1.500000 0.500000 1.500000
v 0.299999 0.500000 1.500000
v 0.400000 0.500000 1.500000
v 0.500000 0.500000 1.500000
v 2.300000 0.500000 1.500000
v 2.400000 0.500000 1.500000
v 2.500000 0.500000 1.500000
v 4.300000 0.500000 1.500000
v -15.600000 0.500000 -0.300000
v -15.500000 0.500000 -0.300000
v -13.600000 0.500000 -0.300000
v -13.500000 0.500000 -0.300000
v -11.600000 0.500000 -0.300000
v -11.500000 0.500000 -0.300000
v -9.600000 0.500000 -0.300000
v -9.500000 0.500000 -0.300000
v -7.600000 0.500000 -0.300000
v -7.500000 0.500000 -0.300000
v -5.600000 0.500000 -0.300000
v -5.500000 0.500000 -0.300000
v -3.600000 0.500000 -0.300000
v -3.500000 0.500000 -0.300000
v -1.600000 0.500000 -0.300000
v -1.500000 0.500000 -0.300000
v 0.400000 0.500000 -0.300000
v 0.500000 0.500000 -0.300000
v 2.400000 0.500000 -0.300000
v 2.500000 0.500000 -0.300000
v -15.500000 0.500000 -0.400000
v -13.700000 0.500000 -0.400000
v -13.500000 0.500000 -0.400000
v -11.700000 0.500000 -0.400000
v -11.500000 0.500000 -0.400000
v -9.700000 0.500000 -0.400000
v -9.500000 0.500000 -0.400000
v -7.700000 0.500000 -0.400000
v -7.500000 0.500000 -0.400000
v -5.700000 0.500000 -0.400000
v -5.500000 0.500000 -0.400000
v -3.700000 0.500000 -0.400000
v -3.500000 0.500000 -0.400000
v -1.700000 0.500000 -0.400000
v -1.500000 0.500000 -0.400000
v 0.299999 0.500000 -0.400000
v 0.500000 0.500000 -0.400000
v 2.300000 0.500000 -0.400000
v 2.500000 0.500000 -0.400000
v 4.300000 0.500000 -0.400000
v -15.600000 0.500000 -0.500000
v -15.500000 0.500000 -0.500000
v -13.700000 0.500000 -0.500000
v -13.600000 0.500000 -0.500000
v -13.500000 0.500000 -0.500000
v -11.700000 0.500000 -0.500000
v -11.600000 0.500000 -0.500000
v -11.500000 0.500000 -0.500000
v -9.700000 0.500000 -0.500000
v -9.600000 0.500000 -0.500000
v -9.500000 0.500000 -0.500000
v -7.700000 0.500000 -0.500000
v -7.600000 0.500000 -0.500000
v -7.500000 0.500000 -0.500000
v -5.700000 0.500000 -0.500000
v -5.600000 0.500000 -0.500000
v -5.500000 0.500000 -0.500000
v -3.700000 0.500000 -0.500000
v -3.600000 0.500000 -0.500000
v -3.500000 0.500000 -0.500000
v -1.700000 0.500000 -0.500000
v -1.600000 0.500000 -0.500000
v -1.500000 0.500000 -0.500000
v 0.299999 0.500000 -0.500000
v 0.400000 0.500000 -0.500000
v 0.500000 0.500000 -0.500000
v 2.300000 0.500000 -0.500000
v 2.400000 0.500000 -0.500000
v 2.500000 0.500000 -0.500000
v 4.300000 0.500000 -0.500000
v -15.600000 0.500000 -2.300000
v -15.500000 0.500000 -2.300000
v -13.600000 0.500000 -2.300000
v -13.500000 0.500000 -2.300000
v -11.600000 0.500000 -2.300000
v -11.500000 0.500000 -2.300000
v -9.600000 0.500000 -2.300000
v -9.500000 0.500000 -2.300000
v -7.600000 0.500000 -2.300000
v -7.500000 0.500000 -2.300000
v -5.600000 0.500000 -2.300000
v -5.500000 0.500000 -2.300000
v -3.600000 0.500000 -2.300000
v -3.500000 0.500000 -2.300000
v -1.600000 0.500000 -2.300000
v -1.500000 0.500000 -2.300000
v 0.400000 0.500000 -2.300000
v 0.500000 0.500000 -2.300000
v 2.400000 0.500000 -2.300000
v 2.500000 0.500000 -2.300000
v -15.500000 0.500000 -2.400000
v -13.700000 0.500000 -2.400000
v -13.500000 0.500000 -2.400000
v -11.700000 0.500000 -2.400000
v -11.500000 0.500000 -2.400000
v -9.700000 0.500000 -2.400000
v -9.500000 0.500000 -2.400000
v -7.700000 0.500000 -2.400000
v -7.500000 0.500000 -2.400000
v -5.700000 0.500000 -2.400000
v -5.500000 0.500000 -2.400000
v -3.700000 0.500000 -2.400000
v -3.500000 0.500000 -2.400000
v -1.700000 0.500000 -2.400000
v -1.500000 0.500000 -2.400000
v 0.299999 0.500000 -2.400000
v 0.500000 0.500000 -2.400000
v 2.300000 0.500000 -2.400000
v 2.500000 0.500000 -2.400000
v 4.300000 0.500000 -2.400000
v -15.600000 0.500000 -2.500000
v -15.500000 0.500000 -2.500000
v -13.700000 0.500000 -2.500000
v -13.600000 0.500000 -2.500000
v -13.500000 0.500000 -2.500000
v -11.700000 0.500000 -2.500000
v -11.600000 0.500000 -2.500000
v -11.500000 0.500000 -2.500000
v -9.700000 0.500000 -2.500000
v -9.600000 0.500000 -2.500000
v -9.500000 0.500000 -2.500000
v -7.700000 0.500000 -2.500000
v -7.600000 0.500000 -2.500000
v -7.500000 0.500000 -2.500000
v -5.700000 0.500000 -2.500000
v -5.600000 0.500000 -2.500000
v -5.500000 0.500000 -2.500000
v -3.700000 0.500000 -2.500000
v -3.600000 0.500000 -2.500000
v -3.500000 0.500000 -2.500000
v -1.700000 0.500000 -2.500000
v -1.600000 0.500000 -2.500000
v -1.500000 0.500000 -2.500000
v 0.299999 0.500000 -2.500000
v 0.400000 0.500000 -2.500000
v 0.500000 0.500000 -2.500000
v 2.300000 0.500000 -2.500000
v 2.400000 0.500000 -2.500000
v 2.500000 0.500000 -2.500000
v 4.300000 0.500000 -2.500000
v -15.600000 0.500000 -4.300000
v -15.500000 0.500000 -4.300000
v -13.600000 0.500000 -4.300000
v -13.500000 0.500000 -4.300000
v -11.600000 0.500000 -4.300000
v -11.500000 0.500000 -4.300000
v -9.600000 0.500000 -4.300000
v -9.500000 0.500000 -4.300000
v -7.600000 0.500000 -4.300000
v -7.500000 0.500000 -4.300000
v -5.600000 0.500000 -4.300000
v -5.500000 0.500000 -4.300000
v -3.600000 0.500000 -4.300000
v -3.500000 0.500000 -4.300000
v -1.600000 0.500000 -4.300000
v -1.500000 0.500000 -4.300000
v 0.400000 0.500000 -4.300000
v 0.500000 0.500000 -4.300000
v 2.400000 0.500000 -4.300000
v 2.500000 0.500000 -4.300000
v -15.500000 0.500000 -4.400000
v -13.700000 0.500000 -4.400000
v -13.500000 0.500000 -4.400000
v -11.700000 0.500000 -4.400000
v -11.500000 0.500000 -4.400000
v -9.700000 0.500000 -4.400000
v -9.500000 0.500000 -4.400000
v -7.700000 0.500000 -4.400000
v -7.500000 0.500000 -4.400000
v -5.700000 0.500000 -4.400000
v -5.500000 0.500000 -4.400000
v -3.700000 0.500000 -4.400000
v -3.500000 0.500000 -4.400000
v -1.700000 0.500000 -4.400000
v -1.500000 0.500000 -4.400000
v 0.299999 0.500000 -4.400000
v 0.500000 0.500000 -4.400000
v 2.300000 0.500000 -4.400000
v 2.500000 0.500000 -4.400000
v 4.300000 0.500000 -4.400000
v -15.600000 0.500000 -4.500000
v -15.500000 0.500000 -4.500000
v -13.700000 0.500000 -4.500000
v -13.600000 0.500000 -4.500000
v -13.500000 0.500000 -4.500000
v -11.700000 0.500000 -4.500000
v -11.600000 0.500000 -4.500000
v -11.500000 0.500000 -4.500000
v -9.700000 0.500000 -4.500000
v -9.600000 0.500000 -4.500000
v -9.500000 0.500000 -4.500000
v -7.700000 0.500000 -4.500000
v -7.600000 0.500000 -4.500000
v -7.500000 0.500000 -4.500000
v -5.700000 0.500000 -4.500000
v -5.600000 0.500000 -4.500000
v -5.500000 0.500000 -4.500000
v -3.700000 0.500000 -4.500000
v -3.600000 0.500000 -4.500000
v -3.500000 0.500000 -4.500000
v -1.700000 0.500000 -4.500000
v -1.600000 0.500000 -4.500000
v -1.500000 0.500000 -4.500000
v 0.299999 0.500000 -4.500000
v 0.400000 0.500000 -4.500000
v 0.500000 0.500000 -4.500000
v 2.300000 0.500000 -4.500000
v 2.400000 0.500000 -4.500000
v 2.500000 0.500000 -4.500000
v 4.300000 0.500000 -4.500000
v -15.600000 0.500000 -6.300000
v -15.500000 0.500000 -6.300000
v -13.600000 0.500000 -6.300000
v -13.500000 0.500000 -6.300000
v -11.600000 0.500000 -6.300000
v -11.500000 0.500000 -6.300000
v -9.600000 0.500000 -6.300000
v -9.500000 0.500000 -6.300000
v -7.600000 0.500000 -6.300000
v -7.500000 0.500000 -6.300000
v -5.600000 0.500000 -6.300000
v -5.500000 0.500000 -6.300000
v -3.600000 0.500000 -6.300000
v -3.500000 0.500000 -6.300000
v -1.600000 0.500000 -6.300000
v -1.500000 0.500000 -6.300000
v 0.400000 0.500000 -6.300000
v 0.500000 0.500000 -6.300000
v 2.400000 0.500000 -6.300000
v 2.500000 0.500000 -6.300000
v -15.500000 0.500000 -6.400000
v -13.700000 0.500000 -6.400000
v -13.500000 0.500000 -6.400000
v -11.700000 0.500000 -6.400000
v -11.500000 0.500000 -6.400000
v -9.700000 0.500000 -6.400000
v -9.500000 0.500000 -6.400000
v -7.700000 0.500000 -6.400000
v -7.500000 0.500000 -6.400000
v -5.700000 0.500000 -6.400000
v -5.500000 0.500000 -6.400000
v -3.700000 0.500000 -6.400000
v -3.500000 0.500000 -6.400000
v -1.700000 0.500000 -6.400000
v -1.500000 0.500000 -6.400000
v 0.299999 0.500000 -6.400000
v 0.500000 0.500000 -6.400000
v 2.300000 0.500000 -6.400000
v 2.500000 0.500000 -6.400000
v 4.300000 0.500000 -6.400000
v -15.600000 0.500000 -6.500000
v -15.500000 0.500000 -6.500000
v -13.700000 0.500000 -6.500000
v -13.600000 0.500000 -6.500000
v -13.500000 0.500000 -6.500000
v -11.700000 0.500000 -6.500000
v -11.600000 0.500000 -6.500000
v -11.500000 0.500000 -6.500000
v -9.700000 0.500000 -6.500000
v -9.600000 0.500000 -6.500000
v -9.500000 0.500000 -6.500000
v -7.700000 0.500000 -6.500000
v -7.600000 0.500000 -6.500000
v -7.500000 0.500000 -6.500000
v -5.700000 0.500000 -6.500000
v -5.600000 0.500000 -6.500000
v -5.500000 0.500000 -6.500000
v -3.700000 0.500000 -6.500000
v -3.600000 0.500000 -6.500000
v -3.500000 0.500000 -6.500000
v -1.700000 0.500000 -6.500000
v -1.600000 0.500000 -6.500000
v -1.500000 0.500000 -6.500000
v 0.299999 0.500000 -6.500000
v 0.400000 0.500000 -6.500000
v 0.500000 0.500000 -6.500000
v 2.300000 0.500000 -6.500000
v 2.400000 0.500000 -6.500000
v 2.500000 0.500000 -6.500000
v 4.300000 0.500000 -6.500000
v -15.600000 0.499999 -8.300000
v -15.500000 0.499999 -8.300000
v -13.600000 0.499999 -8.300000
v -13.500000 0.499999 -8.300000
v -11.600000 0.499999 -8.300000
v -11.500000 0.499999 -8.300000
v -9.600000 0.499999 -8.300000
v -9.500000 0.499999 -8.300000
v -7.600000 0.499999 -8.300000
v -7.500000 0.499999 -8.300000
v -5.600000 0.499999 -8.300000
v -5.500000 0.499999 -8.300000
v -3.600000 0.499999 -8.300000
v -3.500000 0.499999 -8.300000
v -1.600000 0.499999 -8.300000
v -1.500000 0.499999 -8.300000
v 0.400000 0.499999 -8.300000
v 0.500000 0.499999 -8.300000
v 2.400000 0.499999 -8.300000
v 2.500000 0.499999 -8.300000
v -15.500000 0.499999 -8.400000
v -13.700000 0.499999 -8.400000
v -13.500000 0.499999 -8.400000
v -11.700000 0.499999 -8.400000
v -11.500000 0.499999 -8.400000
v -9.700000 0.499999 -8.400000
v -9.500000 0.499999 -8.400000
v -7.700000 0.499999 -8.400000
v -7.500000 0.499999 -8.400000
v -5.700000 0.499999 -8.400000
v -5.500000 0.499999 -8.400000
v -3.700000 0.499999 -8.400000
v -3.500000 0.499999 -8.400000
v -1.700000 0.499999 -8.400000
v -1.500000 0.499999 -8.400000
v 0.299999 0.499999 -8.400000
v 0.500000 0.499999 -8.400000
v 2.300000 0.499999 -8.400000
v 2.500000 0.499999 -8.400000
v 4.300000 0.499999 -8.400000
v -15.600000 0.499999 -8.500000
v -15.500000 0.499999 -8.500000
v -13.700000 0.499999 -8.500000
v -13.600000 0.499999 -8.500000
v -13.500000 0.499999 -8.500000
v -11.700000 0.499999 -8.500000
v -11.600000 0.499999 -8.500000
v -11.500000 0.499999 -8.500000
v -9.700000 0.499999 -8.500000
v -9.600000 0.499999 -8.500000
v -9.500000 0.499999 -8.500000
v -7.700000 0.499999 -8.500000
v -7.600000 0.499999 -8.500000
v -7.500000 0.499999 -8.500000
v -5.700000 0.499999 -8.500000
v -5.600000 0.499999 -8.500000
v -5.500000 0.499999 -8.500000
v -3.700000 0.499999 -8.500000
v -3.600000 0.499999 -8.500000
v -3.500000 0.499999 -8.500000
v -1.700000 0.499999 -8.500000
v -1.600000 0.499999 -8.500000
v -1.500000 0.499999 -8.500000
v 0.299999 0.499999 -8.500000
v 0.400000 0.499999 -8.500000
v 0.500000 0.499999 -8.500000
v 2.300000 0.499999 -8.500000
v 2.400000 0.499999 -8.500000
v 2.500000 0.499999 -8.500000
v 4.300000 0.499999 -8.500000
v -15.600000 0.499999 -10.300000
v -15.500000 0.499999 -10.300000
v -13.600000 0.499999 -10.300000
v -13.500000 0.499999 -10.300000
v -11.600000 0.499999 -10.300000
v -11.500000 0.499999 -10.300000
v -9.600000 0.499999 -10.300000
v -9.500000 0.499999 -10.300000
v -7.600000 0.499999 -10.300000
v -7.500000 0.499999 -10.300000
v -5.600000 0.499999 -10.300000
v -5.500000 0.499999 -10.300000
v -3.600000 0.499999 -10.300000
v -3.500000 0.499999 -10.300000
v -1.600000 0.499999 -10.300000
v -1.500000 0.499999 -10.300000
v 0.400000 0.499999 -10.300000
v 0.500000 0.499999 -10.300000
v 2.400000 0.499999 -10.300000
v 2.500000 0.499999 -10.300000
v -15.500000 0.600000 1.500000
v -13.700000 0.600000 1.500000
v -13.500000 0.600000 1.500000
v -11.700000 0.600000 1.500000
v -11.500000 0.600000 1.500000
v -9.700000 0.600000 1.500000
v -9.500000 0.600000 1.500000
v -7.700000 0.600000 1.500000
v -7.500000 0.600000 1.500000
v -5.700000 0.600000 1.500000
v -5.500000 0.600000 1.500000
v -3.700000 0.600000 1.500000
v -3.500000 0.600000 1.500000
v -1.700000 0.600000 1.500000
v -1.500000 0.600000 1.500000
v 0.299999 0.600000 1.500000
v 0.500000 0.600000 1.500000
v 2.300000 0.600000 1.500000
v 2.500000 0.600000 1.500000
v 4.300000 0.600000 1.500000
v -15.500000 0.600000 -0.300000
v -13.700000 0.600000 -0.300000
v -13.500000 0.600000 -0.300000
v -11.700000 0.600000 -0.300000
v -11.500000 0.600000 -0.300000
v -9.700000 0.600000 -0.300000
v -9.500000 0.600000 -0.300000
v -7.700000 0.600000 -0.300000
v -7.500000 0.600000 -0.300000
v -5.700000 0.600000 -0.300000
v -5.500000 0.600000 -0.300000
v -3.700000 0.600000 -0.300000
v -3.500000 0.600000 -0.300000
v -1.700000 0.600000 -0.300000
v -1.500000 0.600000 -0.300000
v 0.299999 0.600000 -0.300000
v 0.500000 0.600000 -0.300000
v 2.300000 0.600000 -0.300000
v 2.500000 0.600000 -0.300000
v 4.300000 0.600000 -0.300000
v -15.500000 0.600000 -0.500000
v -13.700000 0.600000 -0.500000
v -13.500000 0.600000 -0.500000
v -11.700000 0.600000 -0.500000
v -11.500000 0.600000 -0.500000
v -9.700000 0.600000 -0.500000
v -9.500000 0.600000 -0.500000
v -7.700000 0.600000 -0.500000
v -7.500000 0.600000 -0.500000
v -5.700000 0.600000 -0.500000
v -5.500000 0.600000 -0.500000
v -3.700000 0.600000 -0.500000
v -3.500000 0.600000 -0.500000
v -1.700000 0.600000 -0.500000
v -1.500000 0.600000 -0.500000
v 0.299999 0.600000 -0.500000
v 0.500000 0.600000 -0.500000
v 2.300000 0.600000 -0.500000
v 2.500000 0.600000 -0.500000
v 4.300000 0.600000 -0.500000
v -15.500000 0.600000 -2.300000
v -13.700000 0.600000 -2.300000
v -13.500000 0.600000 -2.300000
v -11.700000 0.600000 -2.300000
v -11.500000 0.600000 -2.300000
v -9.700000 0.600000 -2.300000
v -9.500000 0.600000 -2.300000
v -7.700000 0.600000 -2.300000
v -7.500000 0.600000 -2.300000
v -5.700000 0.600000 -2.300000
v -5.500000 0.600000 -2.300000
v -3.700000 0.600000 -2.300000
v -3.500000 0.600000 -2.300000
v -1.700000 0.600000 -2.300000
v -1.500000 0.600000 -2.300000
v 0.299999 0.600000 -2.300000
v 0.500000 0.600000 -2.300000
v 2.300000 0.600000 -2.300000
v 2.500000 0.600000 -2.300000
v 4.300000 0.600000 -2.300000
v -15.500000 0.600000 -2.500000
v -13.700000 0.600000 -2.500000
v -13.500000 0.600000 -2.500000
v -11.700000 0.600000 -2.500000
v -11.500000 0.600000 -2.500000
v -9.700000 0.600000 -2.500000
v -9.500000 0.600000 -2.500000
v -7.700000 0.600000 -2.500000
v -7.500000 0.600000 -2.500000
v -5.700000 0.600000 -2.500000
v -5.500000 0.600000 -2.500000
v -3.700000 0.600000 -2.500000
v -3.500000 0.600000 -2.500000
v -1.700000 0.600000 -2.500000
v -1.500000 0.600000 -2.500000
v 0.299999 0.600000 -2.500000
v 0.500000 0.600000 -2.500000
v 2.300000 0.600000 -2.500000
v 2.500000 0.600000 -2.500000
v 4.300000 0.600000 -2.500000
v -15.500000 0.600000 -4.300000
v -13.700000 0.600000 -4.300000
v -13.500000 0.600000 -4.300000
v -11.700000 0.600000 -4.300000
v -11.500000 0.600000 -4.300000
v -9.700000 0.600000 -4.300000
v -9.500000 0.600000 -4.300000
v -7.700000 0.600000 -4.300000
v -7.500000 0.600000 -4.300000
v -5.700000 0.600000 -4.300000
v -5.500000 0.600000 -4.300000
v -3.700000 0.600000 -4.300000
v -3.500000 0.600000 -4.300000
v -1.700000 0.600000 -4.300000
v -1.500000 0.600000 -4.300000
v 0.299999 0.600000 -4.300000
v 0.500000 0.600000 -4.300000
v 2.300000 0.600000 -4.300000
v 2.500000 0.600000 -4.300000
v 4.300000 0.600000 -4.300000
v -15.500000 0.600000 -4.500000
v -13.700000 0.600000 -4.500000
v -13.500000 0.600000 -4.500000
v -11.700000 0.600000 -4.500000
v -11.500000 0.600000 -4.500000
v -9.700000 0.600000 -4.500000
v -9.500000 0.600000 -4.500000
v -7.700000 0.600000 -4.500000
v -7.500000 0.600000 -4.500000
v -5.700000 0.600000 -4.500000
v -5.500000 0.600000 -4.500000
v -3.700000 0.600000 -4.500000
v -3.500000 0.600000 -4.500000
v -1.700000 0.600000 -4.500000
v -1.500000 0.600000 -4.500000
v 0.299999 0.600000 -4.500000
v 0.500000 0.600000 -4.500000
v 2.300000 0.600000 -4.500000
v 2.500000 0.600000 -4.500000
v 4.300000 0.600000 -4.500000
v -15.500000 0.600000 -6.300000
v -13.700000 0.600000 -6.300000
v -13.500000 0.600000 -6.300000
v -11.700000 0.600000 -6.300000
v -11.500000 0.600000 -6.300000
v -9.700000 0.600000 -6.300000
v -9.500000 0.600000 -6.300000
v -7.700000 0.600000 -6.300000
v -7.500000 0.600000 -6.300000
v -5.700000 0.600000 -6.300000
v -5.500000 0.600000 -6.300000
v -3.700000 0.600000 -6.300000
v -3.500000 0.600000 -6.300000
v -1.700000 0.600000 -6.300000
v -1.500000 0.600000 -6.300000
v 0.299999 0.600000 -6.300000
v 0.500000 0.600000 -6.300000
v 2.300000 0.600000 -6.300000
v 2.500000 0.600000 -6.300000
v 4.300000 0.600000 -6.300000
v -15.500000 0.600000 -6.500000
v -13.700000 0.600000 -6.500000
v -13.500000 0.600000 -6.500000
v -11.700000 0.600000 -6.500000
v -11.500000 0.600000 -6.500000
v -9.700000 0.600000 -6.500000
v -9.500000 0.600000 -6.500000
v -7.700000 0.600000 -6.500000
v -7.500000 0.600000 -6.500000
v -5.700000 0.600000 -6.500000
v -5.500000 0.600000 -6.500000
v -3.700000 0.600000 -6.500000
v -3.500000 0.600000 -6.500000
v -1.700000 0.600000 -6.500000
v -1.500000 0.600000 -6.500000
v 0.299999 0.600000 -6.500000
v 0.500000 0.600000 -6.500000
v 2.300000 0.600000 -6.500000
v 2.500000 0.600000 -6.500000
v 4.300000 0.600000 -6.500000
v -15.500000 0.599999 -8.300000
v -13.700000 0.599999 -8.300000
v -13.500000 0.599999 -8.300000
v -11.700000 0.599999 -8.300000
v -11.500000 0.599999 -8.300000
v -9.700000 0.599999 -8.300000
v -9.500000 0.599999 -8.300000
v -7.700000 0.599999 -8.300000
v -7.500000 0.599999 -8.300000
v -5.700000 0.599999 -8.300000
v -5.500000 0.599999 -8.300000
v -3.700000 0.599999 -8.300000
v -3.500000 0.599999 -8.300000
v -1.700000 0.599999 -8.300000
v -1.500000 0.599999 -8.300000
v 0.299999 0.599999 -8.300000
v 0.500000 0.599999 -8.300000
v 2.300000 0.599999 -8.300000
v 2.500000 0.599999 -8.300000
v 4.300000 0.599999 -8.300000
v -15.500000 0.599999 -8.500000
v -13.700000 0.599999 -8.500000
v -13.500000 0.599999 -8.500000
v -11.700000 0.599999 -8.500000
v -11.500000 0.599999 -8.500000
v -9.700000 0.599999 -8.500000
v -9.500000 0.599999 -8.500000
v -7.700000 0.599999 -8.500000
v -7.500000 0.599999 -8.500000
v -5.700000 0.599999 -8.500000
v -5.500000 0.599999 -8.500000
v -3.700000 0.599999 -8.500000
v -3.500000 0.599999 -8.500000
v -1.700000 0.599999 -8.500000
v -1.500000 0.599999 -8.500000
v 0.299999 0.599999 -8.500000
v 0.500000 0.599999 -8.500000
v 2.300000 0.599999 -8.500000
v 2.500000 0.599999 -8.500000
v 4.300000 0.599999 -8.500000
v -15.500000 0.599999 -10.300000
v -13.700000 0.599999 -10.300000
v -13.500000 0.599999 -10.300000
v -11.700000 0.599999 -10.300000
v -11.500000 0.599999 -10.300000
v -9.700000 0.599999 -10.300000
v -9.500000 0.599999 -10.300000
v -7.700000 0.599999 -10.300000
v -7.500000 0.599999 -10.300000
v -5.700000 0.599999 -10.300000
v -5.500000 0.599999 -10.300000
v -3.700000 0.599999 -10.300000
v -3.500000 0.599999 -10.300000
v -1.700000 0.599999 -10.300000
v -1.500000 0.599999 -10.300000
v 0.299999 0.599999 -10.300000
v 0.500000 0.599999 -10.300000
v 2.300000 0.599999 -10.300000
v 2.500000 0.599999 -10.300000
v 4.300000 0.599999 -10.300000
vn -1.0000 -0.0000 -0.0000
vn -1.0000 -0.0001 -0.0000
vn -1.0000 0.0001 -0.0000
vn 1.0000 -0.0000 -0.0000
vn 1.0000 -0.0002 -0.0000
vn 1.0000 0.0001 -0.0000
vn 1.0000 -0.0001 -0.0000
vn -0.0000 -0.0000 1.0000
vn -0.0000 -0.0000 -1.0000
vn -0.0000 -1.0000 -0.0000
vn -0.0000 1.0000 -0.0000
vn -0.0000 1.0000 -0.0001
vn -0.0000 1.0000 0.0001
vt 0.970703 0.500000
vt 0.974609 0.500000
s 1
usemtl palette
f 3/1/1 2/1/1 1/1/1
f 4/1/2 2/1/1 3/1/1
f 5/1/1 2/1/1 4/1/2
f 6/1/1 2/1/1 5/1/1
f 7/1/1 2/1/1 6/1/1
f 8/1/2 2/1/1 7/1/1
f 9/1/1 2/1/1 8/1/2
f 10/1/3 2/1/1 9/1/1
f 11/1/1 2/1/1 10/1/3
f 12/1/1 2/1/1 11/1/1
f 13/1/1 2/1/1 12/1/1
f 14/1/2 2/1/1 13/1/1
f 15/1/1 2/1/1 14/1/2
f 16/1/1 2/1/1 15/1/1
f 17/2/1 4/2/2 3/2/1
f 18/1/1 5/1/1 4/1/2
f 18/2/1 4/2/2 17/2/1
f 19/2/1 6/2/1 5/2/1
f 19/1/1 5/1/1 18/1/1
f 20/1/1 7/1/1 6/1/1
f 20/2/1 6/2/1 19/2/1
f 21/2/1 8/2/2 7/2/1
f 21/1/1 7/1/1 20/1/1
f 22/1/1 9/1/1 8/1/2
f 22/2/1 8/2/2 21/2/1
f 23/2/1 10/2/3 9/2/1
f 23/1/1 9/1/1 22/1/1
f 24/1/1 11/1/1 10/1/3
f 24/2/1 10/2/3 23/2/1
f 25/2/1 12/2/1 11/2/1
f 25/1/1 11/1/1 24/1/1
f 26/1/1 13/1/1 12/1/1
f 26/2/1 12/2/1 25/2/1
f 27/2/1 14/2/2 13/2/1
f 27/1/1 13/1/1 26/1/1
f 28/1/1 15/1/1 14/1/2
f 28/2/1 14/2/2 27/2/1
f 29/2/1 16/2/1 15/2/1
f 29/1/1 15/1/1 28/1/1
f 30/2/1 16/2/1 29/2/1
f 31/1/1 19/1/1 18/1/1
f 32/1/1 19/1/1 31/1/1
f 33/1/1 21/1/1 20/1/1
f 34/1/1 21/1/1 33/1/1
f 35/1/1 23/1/1 22/1/1
f 36/1/1 23/1/1 35/1/1
f 37/1/1 25/1/1 24/1/1
f 38/1/1 25/1/1 37/1/1
f 39/1/1 27/1/1 26/1/1
f 40/1/1 27/1/1 39/1/1
f 41/1/1 29/1/1 28/1/1
f 42/1/1 29/1/1 41/1/1
f 55/1/1 44/1/1 43/1/1
f 56/1/1 44/1/1 55/1/1
f 58/1/1 46/1/1 45/1/1
f 59/1/1 46/1/1 58/1/1
f 61/1/1 48/1/1 47/1/1
f 62/1/1 48/1/1 61/1/1
f 64/1/1 50/1/1 49/1/1
f 65/1/1 50/1/1 64/1/1
f 67/1/1 52/1/1 51/1/1
f 68/1/1 52/1/1 67/1/1
f 70/1/1 54/1/1 53/1/1
f 71/1/1 54/1/1 70/1/1
f 73/1/1 57/1/1 56/1/1
f 74/1/1 57/1/1 73/1/1
f 75/1/1 60/1/1 59/1/1
f 76/1/1 60/1/1 75/1/1
f 77/1/1 63/1/1 62/1/1
f 78/1/1 63/1/1 77/1/1
f 79/1/1 66/1/1 65/1/1
f 80/1/1 66/1/1 79/1/1
f 81/1/1 69/1/1 68/1/1
f 82/1/1 69/1/1 81/1/1
f 83/1/1 72/1/1 71/1/1
f 84/1/1 72/1/1 83/1/1
f 97/1/1 86/1/1 85/1/1
f 98/1/1 86/1/1 97/1/1
f 99/1/1 88/1/1 87/1/1
f 100/1/1 88/1/1 99/1/1
f 101/1/1 90/1/1 89/1/1
f 102/1/1 90/1/1 101/1/1
f 103/1/1 92/1/1 91/1/1
f 104/1/1 92/1/1 103/1/1
f 105/1/1 94/1/1 93/1/1
f 106/1/1 94/1/1 105/1/1
f 107/1/1 96/1/1 95/1/1
f 108/1/1 96/1/1 107/1/1
f 121/1/1 110/1/1 109/1/1
f 122/1/1 110/1/1 121/1/1
f 124/1/1 112/1/1 111/1/1
f 125/1/1 112/1/1 124/1/1
f 127/1/1 114/1/1 113/1/1
f 128/1/1 114/1/1 127/1/1
f 130/1/1 116/1/1 115/1/1
f 131/1/1 116/1/1 130/1/1
f 133/1/1 118/1/1 117/1/1
f 134/1/1 118/1/1 133/1/1
f 136/1/1 120/1/1 119/1/1
f 137/1/1 120/1/1 136/1/1
f 139/1/1 123/1/1 122/1/1
f 140/1/1 123/1/1 139/1/1
f 141/1/1 126/1/1 125/1/1
f 142/1/1 126/1/1 141/1/1
f 143/1/1 129/1/1 128/1/1
f 144/1/1 129/1/1 143/1/1
f 145/1/1 132/1/1 131/1/1
f 146/1/1 132/1/1 145/1/1
f 147/1/1 135/1/1 134/1/1
f 148/1/1 135/1/1 147/1/1
f 149/1/1 138/1/1 137/1/1
f 150/1/1 138/1/1 149/1/1
f 163/1/1 152/1/1 151/1/1
f 164/1/1 152/1/1 163/1/1
f 165/1/1 154/1/1 153/1/1
f 166/1/1 154/1/1 165/1/1
f 167/1/1 156/1/1 155/1/1
f 168/1/1 156/1/1 167/1/1
f 169/1/1 158/1/1 157/1/1
f 170/1/1 158/1/1 169/1/1
f 171/1/1 160/1/1 159/1/1
f 172/1/1 160/1/1 171/1/1
f 173/1/1 162/1/1 161/1/1
f 174/1/1 162/1/1 173/1/1
f 187/1/1 176/1/1 175/1/1
f 188/1/1 176/1/1 187/1/1
f 190/1/1 178/1/1 177/1/1
f 191/1/1 178/1/1 190/1/1
f 193/1/1 180/1/1 179/1/1
f 194/1/1 180/1/1 193/1/1
f 196/1/1 182/1/1 181/1/1
f 197/1/1 182/1/1 196/1/1
f 199/1/1 184/1/1 183/1/1
f 200/1/1 184/1/1 199/1/1
f 202/1/1 186/1/1 185/1/1
f 203/1/1 186/1/1 202/1/1
f 205/1/1 189/1/1 188/1/1
f 206/1/1 189/1/1 205/1/1
f 207/1/1 192/1/1 191/1/1
f 208/1/1 192/1/1 207/1/1
f 209/1/1 195/1/1 194/1/1
f 210/1/1 195/1/1 209/1/1
f 211/1/1 198/1/1 197/1/1
f 212/1/1 198/1/1 211/1/1
f 213/1/1 201/1/1 200/1/1
f 214/1/1 201/1/1 213/1/1
f 215/1/1 204/1/1 203/1/1
f 216/1/1 204/1/1 215/1/1
f 229/1/1 218/1/1 217/1/1
f 230/1/1 218/1/1 229/1/1
f 231/1/1 220/1/1 219/1/1
f 232/1/1 220/1/1 231/1/1
f 233/1/1 222/1/1 221/1/1
f 234/1/1 222/1/1 233/1/1
f 235/1/1 224/1/1 223/1/1
f 236/1/1 224/1/1 235/1/1
f 237/1/1 226/1/1 225/1/1
f 238/1/1 226/1/1 237/1/1
f 239/1/1 228/1/1 227/1/1
f 240/1/1 228/1/1 239/1/1
f 253/1/1 242/1/1 241/1/1
f 254/1/1 242/1/1 253/1/1
f 256/1/1 244/1/1 243/1/1
f 257/1/1 244/1/1 256/1/1
f 259/1/1 246/1/1 245/1/1
f 260/1/1 246/1/1 259/1/1
f 262/1/1 248/1/1 247/1/1
f 263/1/1 248/1/1 262/1/1
f 265/1/1 250/1/1 249/1/1
f 266/1/1 250/1/1 265/1/1
f 268/1/1 252/1/1 251/1/1
f 269/1/1 252/1/1 268/1/1
f 271/1/1 255/1/1 254/1/1
f 272/1/1 255/1/1 271/1/1
f 273/1/1 258/1/1 257/1/1
f 274/1/1 258/1/1 273/1/1
f 275/1/1 261/1/1 260/1/1
f 276/1/1 261/1/1 275/1/1
f 277/1/1 264/1/1 263/1/1
f 278/1/1 264/1/1 277/1/1
f 279/1/1 267/1/1 266/1/1
f 280/1/1 267/1/1 279/1/1
f 281/1/1 270/1/1 269/1/1
f 282/1/1 270/1/1 281/1/1
f 295/1/1 284/1/1 283/1/1
f 296/1/1 284/1/1 295/1/1
f 297/1/1 286/1/1 285/1/1
f 298/1/1 286/1/1 297/1/1
f 299/1/1 288/1/1 287/1/1
f 300/1/1 288/1/1 299/1/1
f 301/1/1 290/1/1 289/1/1
f 302/1/1 290/1/1 301/1/1
f 303/1/1 292/1/1 291/1/1
f 304/1/1 292/1/1 303/1/1
f 305/1/1 294/1/1 293/1/1
f 306/1/1 294/1/1 305/1/1
f 319/1/1 308/1/1 307/1/1
f 320/1/1 308/1/1 319/1/1
f 322/1/1 310/1/1 309/1/1
f 323/1/1 310/1/1 322/1/1
f 325/1/1 312/1/1 311/1/1
f 326/1/1 312/1/1 325/1/1
f 328/1/1 314/1/1 313/1/1
f 329/1/1 314/1/1 328/1/1
f 331/1/1 316/1/1 315/1/1
f 332/1/1 316/1/1 331/1/1
f 334/1/1 318/1/1 317/1/1
f 335/1/1 318/1/1 334/1/1
f 337/1/1 321/1/1 320/1/1
f 338/1/1 321/1/1 337/1/1
f 339/1/1 324/1/1 323/1/1
f 340/1/1 324/1/1 339/1/1
f 341/1/1 327/1/1 326/1/1
f 342/1/1 327/1/1 341/1/1
f 343/1/1 330/1/1 329/1/1
f 344/1/1 330/1/1 343/1/1
f 345/1/1 333/1/1 332/1/1
f 346/1/1 333/1/1 345/1/1
f 347/1/1 336/1/1 335/1/1
f 348/1/1 336/1/1 347/1/1
f 361/1/1 350/1/1 349/1/1
f 362/1/1 350/1/1 361/1/1
f 363/1/1 352/1/1 351/1/1
f 364/1/1 352/1/1 363/1/1
f 365/1/1 354/1/1 353/1/1
f 366/1/1 354/1/1 365/1/1
f 367/1/1 356/1/1 355/1/1
f 368/1/1 356/1/1 367/1/1
f 369/1/1 358/1/1 357/1/1
f 370/1/1 358/1/1 369/1/1
f 371/1/1 360/1/1 359/1/1
f 372/1/1 360/1/1 371/1/1
f 385/1/1 374/1/1 373/1/1
f 386/1/1 374/1/1 385/1/1
f 388/1/1 376/1/1 375/1/1
f 389/1/1 376/1/1 388/1/1
f 391/1/1 378/1/1 377/1/1
f 392/1/1 378/1/1 391/1/1
f 394/1/1 380/1/1 379/1/1
f 395/1/1 380/1/1 394/1/1
f 397/1/1 382/1/1 381/1/1
f 398/1/1 382/1/1 397/1/1
f 400/1/1 384/1/1 383/1/1
f 401/1/1 384/1/1 400/1/1
f 403/1/1 387/1/1 386/1/1
f 404/1/1 387/1/1 403/1/1
f 405/1/1 390/1/1 389/1/1
f 406/1/1 390/1/1 405/1/1
f 407/1/1 393/1/1 392/1/1
f 408/1/1 393/1/1 407/1/1
f 409/1/1 396/1/1 395/1/1
f 410/1/1 396/1/1 409/1/1
f 411/1/1 399/1/1 398/1/1
f 412/1/1 399/1/1 411/1/1
f 413/1/1 402/1/1 401/1/1
f 414/1/1 402/1/1 413/1/1
f 427/1/1 416/1/1 415/1/1
f 428/1/1 416/1/1 427/1/1
f 429/1/1 418/1/1 417/1/1
f 430/1/1 418/1/1 429/1/1
f 431/1/1 420/1/1 419/1/1
f 432/1/1 420/1/1 431/1/1
f 433/1/1 422/1/1 421/1/1
f 434/1/1 422/1/1 433/1/1
f 435/1/1 424/1/1 423/1/1
f 436/1/1 424/1/1 435/1/1
f 437/1/1 426/1/1 425/1/1
f 438/1/1 426/1/1 437/1/1
f 451/1/1 440/1/1 439/1/1
f 452/1/1 440/1/1 451/1/1
f 454/1/1 442/1/1 441/1/1
f 455/1/1 442/1/1 454/1/1
f 457/1/1 444/1/1 443/1/1
f 458/1/1 444/1/1 457/1/1
f 460/1/1 446/1/1 445/1/1
f 461/1/1 446/1/1 460/1/1
f 463/1/1 448/1/1 447/1/1
f 464/1/1 448/1/1 463/1/1
f 466/1/1 450/1/1 449/1/1
f 467/1/1 450/1/1 466/1/1
f 469/1/1 453/1/1 452/1/1
f 470/1/1 453/1/1 469/1/1
f 471/1/1 456/1/1 455/1/1
f 472/1/1 456/1/1 471/1/1
f 473/1/1 459/1/1 458/1/1
f 474/1/1 459/1/1 473/1/1
f 475/1/1 462/1/1 461/1/1
f 476/1/1 462/1/1 475/1/1
f 477/1/1 465/1/1 464/1/1
f 478/1/1 465/1/1 477/1/1
f 479/1/1 468/1/1 467/1/1
f 480/1/1 468/1/1 479/1/1
f 493/1/1 482/1/1 481/1/1
f 494/1/1 482/1/1 493/1/1
f 495/1/1 484/1/1 483/1/1
f 496/1/1 484/1/1 495/1/1
f 497/1/1 486/1/1 485/1/1
f 498/1/1 486/1/1 497/1/1
f 499/1/1 488/1/1 487/1/1
f 500/1/1 488/1/1 499/1/1
f 501/1/1 490/1/1 489/1/1
f 502/1/1 490/1/1 501/1/1
f 503/1/1 492/1/1 491/1/1
f 504/1/1 492/1/1 503/1/1
f 517/1/1 506/1/1 505/1/1
f 518/1/1 506/1/1 517/1/1
f 520/1/1 508/1/1 507/1/1
f 521/1/1 508/1/1 520/1/1
f 523/1/1 510/1/1 509/1/1
f 524/1/1 510/1/1 523/1/1
f 526/1/1 512/1/1 511/1/1
f 527/1/1 512/1/1 526/1/1
f 529/1/1 514/1/1 513/1/1
f 530/1/1 514/1/1 529/1/1
f 532/1/1 516/1/1 515/1/1
f 533/1/1 516/1/1 532/1/1
f 535/1/1 519/1/1 518/1/1
f 536/1/1 519/1/1 535/1/1
f 537/1/1 522/1/1 521/1/1
f 538/1/1 522/1/1 537/1/1
f 539/1/1 525/1/1 524/1/1
f 540/1/1 525/1/1 539/1/1
f 541/1/1 528/1/1 527/1/1
f 542/1/1 528/1/1 541/1/1
f 543/1/1 531/1/1 530/1/1
f 544/1/1 531/1/1 543/1/1
f 545/1/1 534/1/1 533/1/1
f 546/1/1 534/1/1 545/1/1
f 559/1/1 548/1/1 547/1/1
f 560/1/1 548/1/1 559/1/1
f 561/1/1 550/1/1 549/1/1
f 562/1/1 550/1/1 561/1/1
f 563/1/1 552/1/1 551/1/1
f 564/1/1 552/1/1 563/1/1
f 565/1/1 554/1/1 553/1/1
f 566/1/1 554/1/1 565/1/1
f 567/1/1 556/1/1 555/1/1
f 568/1/1 556/1/1 567/1/1
f 569/1/1 558/1/1 557/1/1
f 570/1/1 558/1/1 569/1/1
f 583/1/1 572/1/1 571/1/1
f 584/1/1 572/1/1 583/1/1
f 586/1/1 574/1/1 573/1/1
f 587/1/1 574/1/1 586/1/1
f 589/1/1 576/1/1 575/1/1
f 590/1/1 576/1/1 589/1/1
f 592/1/1 578/1/1 577/1/1
f 593/1/1 578/1/1 592/1/1
f 595/1/1 580/1/1 579/1/1
f 596/1/1 580/1/1 595/1/1
f 598/1/1 582/1/1 581/1/1
f 599/1/1 582/1/1 598/1/1
f 601/1/1 585/1/1 584/1/1
f 602/1/1 585/1/1 601/1/1
f 603/1/1 588/1/1 587/1/1
f 604/1/1 588/1/1 603/1/1
f 605/1/1 591/1/1 590/1/1
f 606/1/1 591/1/1 605/1/1
f 607/1/1 594/1/1 593/1/1
f 608/1/1 594/1/1 607/1/1
f 609/1/1 597/1/1 596/1/1
f 610/1/1 597/1/1 609/1/1
f 611/1/1 600/1/1 599/1/1
f 612/1/1 600/1/1 611/1/1
f 625/1/1 614/1/1 613/1/1
f 626/1/1 614/1/1 625/1/1
f 627/1/1 616/1/1 615/1/1
f 628/1/1 616/1/1 627/1/1
f 629/1/1 618/1/1 617/1/1
f 630/1/1 618/1/1 629/1/1
f 631/1/1 620/1/1 619/1/1
f 632/1/1 620/1/1 631/1/1
f 633/1/1 622/1/1 621/1/1
f 634/1/1 622/1/1 633/1/1
f 635/1/1 624/1/1 623/1/1
f 636/1/1 624/1/1 635/1/1
f 649/1/1 638/1/1 637/1/1
f 650/1/1 638/1/1 649/1/1
f 652/1/1 640/1/1 639/1/1
f 653/1/1 640/1/1 652/1/1
f 655/1/1 642/1/1 641/1/1
f 656/1/1 642/1/1 655/1/1
f 658/1/1 644/1/1 643/1/1
f 659/1/1 644/1/1 658/1/1
f 661/1/1 646/1/1 645/1/1
f 662/1/1 646/1/1 661/1/1
f 664/1/1 648/1/1 647/1/1
f 665/1/1 648/1/1 664/1/1
f 667/1/1 651/1/1 650/1/1
f 668/1/1 651/1/1 667/1/1
f 669/1/1 654/1/1 653/1/1
f 670/1/1 654/1/1 669/1/1
f 671/1/1 657/1/1 656/1/1
f 672/1/1 657/1/1 671/1/1
f 673/1/1 660/1/1 659/1/1
f 674/1/1 660/1/1 673/1/1
f 675/1/1 663/1/1 662/1/1
f 676/1/1 663/1/1 675/1/1
f 677/1/1 666/1/1 665/1/1
f 678/1/1 666/1/1 677/1/1
f 679/1/4 680/1/4 691/1/4
f 691/1/4 680/1/4 692/1/4
f 681/1/4 682/1/4 693/1/4
f 693/1/4 682/1/4 694/1/4
f 683/1/4 684/1/4 695/1/4
f 695/1/4 684/1/4 696/1/4
f 685/1/4 686/1/4 697/1/4
f 697/1/4 686/1/4 698/1/4
f 687/1/4 688/1/4 699/1/4
f 699/1/4 688/1/4 700/1/4
f 689/1/4 690/1/4 701/1/4
f 701/1/4 690/1/4 702/1/5
f 692/1/4 680/1/4 703/1/4
f 703/1/4 680/1/4 704/1/4
f 694/1/4 682/1/4 705/1/4
f 705/1/4 682/1/4 706/1/4
f 696/1/4 684/1/4 707/1/4
f 707/1/4 684/1/4 708/1/4
f 698/1/4 686/1/4 709/1/4
f 709/1/4 686/1/4 710/1/4
f 700/1/4 688/1/4 711/1/4
f 711/1/4 688/1/4 712/1/4
f 702/1/5 690/1/4 713/1/4
f 713/1/4 690/1/4 714/1/4
f 715/1/4 716/1/4 727/1/4
f 727/1/4 716/1/4 728/1/5
f 717/1/4 718/1/4 729/1/4
f 729/1/4 718/1/4 730/1/4
f 719/1/4 720/1/4 731/1/4
f 731/1/4 720/1/4 732/1/5
f 721/1/4 722/1/4 733/1/4
f 733/1/4 722/1/4 734/1/5
f 723/1/4 724/1/4 735/1/4
f 735/1/4 724/1/4 736/1/5
f 725/1/4 726/1/4 737/1/4
f 737/1/4 726/1/4 738/1/5
f 728/1/5 716/1/4 739/1/4
f 739/1/4 716/1/4 740/1/4
f 730/1/4 718/1/4 741/1/4
f 741/1/4 718/1/4 742/1/4
f 732/1/5 720/1/4 743/1/4
f 743/1/4 720/1/4 744/1/4
f 734/1/5 722/1/4 745/1/4
f 745/1/4 722/1/4 746/1/4
f 736/1/5 724/1/4 747/1/4
f 747/1/4 724/1/4 748/1/4
f 738/1/5 726/1/4 749/1/4
f 749/1/4 726/1/4 750/1/4
f 751/1/4 752/1/4 763/1/4
f 763/1/4 752/1/4 764/1/5
f 753/1/4 754/1/4 765/1/4
f 765/1/4 754/1/4 766/1/5
f 755/1/4 756/1/4 767/1/4
f 767/1/4 756/1/4 768/1/4
f 757/1/4 758/1/4 769/1/4
f 769/1/4 758/1/4 770/1/4
f 759/1/4 760/1/4 771/1/4
f 771/1/4 760/1/4 772/1/4
f 761/1/4 762/1/4 773/1/4
f 773/1/4 762/1/4 774/1/5
f 764/1/5 752/1/4 775/1/4
f 775/1/4 752/1/4 776/1/4
f 766/1/5 754/1/4 777/1/4
f 777/1/4 754/1/4 778/1/4
f 768/1/4 756/1/4 779/1/4
f 779/1/4 756/1/4 780/1/4
f 770/1/4 758/1/4 781/1/4
f 781/1/4 758/1/4 782/1/4
f 772/1/4 760/1/4 783/1/4
f 783/1/4 760/1/4 784/1/4
f 774/1/5 762/1/4 785/1/4
f 785/1/4 762/1/4 786/1/4
f 787/1/4 788/1/4 799/1/4
f 799/1/4 788/1/4 800/1/4
f 789/1/4 790/1/4 801/1/4
f 801/1/4 790/1/4 802/1/4
f 791/1/4 792/1/4 803/1/4
f 803/1/4 792/1/4 804/1/6
f 793/1/4 794/1/4 805/1/4
f 805/1/4 794/1/4 806/1/6
f 795/1/4 796/1/4 807/1/4
f 807/1/4 796/1/4 808/1/6
f 797/1/4 798/1/4 809/1/4
f 809/1/4 798/1/4 810/1/6
f 800/1/4 788/1/4 811/1/4
f 811/1/4 788/1/4 812/1/4
f 802/1/4 790/1/4 813/1/4
f 813/1/4 790/1/4 814/1/4
f 804/1/6 792/1/4 815/1/4
f 815/1/4 792/1/4 816/1/4
f 806/1/6 794/1/4 817/1/4
f 817/1/4 794/1/4 818/1/4
f 808/1/6 796/1/4 819/1/4
f 819/1/4 796/1/4 820/1/4
f 810/1/6 798/1/4 821/1/4
f 821/1/4 798/1/4 822/1/4
f 823/1/4 824/1/4 835/1/4
f 835/1/4 824/1/4 836/1/7
f 825/1/4 826/1/4 837/1/4
f 837/1/4 826/1/4 838/1/7
f 827/1/4 828/1/4 839/1/4
f 839/1/4 828/1/4 840/1/6
f 829/1/4 830/1/4 841/1/4
f 841/1/4 830/1/4 842/1/6
f 831/1/4 832/1/4 843/1/4
f 843/1/4 832/1/4 844/1/6
f 833/1/4 834/1/4 845/1/4
f 845/1/4 834/1/4 846/1/6
f 836/1/7 824/1/4 847/1/4
f 847/1/4 824/1/4 848/1/4
f 838/1/7 826/1/4 849/1/4
f 849/1/4 826/1/4 850/1/4
f 840/1/6 828/1/4 851/1/4
f 851/1/4 828/1/4 852/1/4
f 842/1/6 830/1/4 853/1/4
f 853/1/4 830/1/4 854/1/4
f 844/1/6 832/1/4 855/1/4
f 855/1/4 832/1/4 856/1/4
f 846/1/6 834/1/4 857/1/4
f 857/1/4 834/1/4 858/1/4
f 859/1/4 860/1/4 871/1/4
f 871/1/4 860/1/4 872/1/7
f 861/1/4 862/1/4 873/1/4
f 873/1/4 862/1/4 874/1/7
f 863/1/4 864/1/4 875/1/4
f 875/1/4 864/1/4 876/1/4
f 865/1/4 866/1/4 877/1/4
f 877/1/4 866/1/4 878/1/4
f 867/1/4 868/1/4 879/1/4
f 879/1/4 868/1/4 880/1/4
f 869/1/4 870/1/4 881/1/4
f 881/1/4 870/1/4 882/1/4
f 872/1/7 860/1/4 883/1/4
f 883/1/4 860/1/4 884/1/4
f 874/1/7 862/1/4 885/1/4
f 885/1/4 862/1/4 886/1/4
f 876/1/4 864/1/4 887/1/4
f 887/1/4 864/1/4 888/1/4
f 878/1/4 866/1/4 889/1/4
f 889/1/4 866/1/4 890/1/4
f 880/1/4 868/1/4 891/1/4
f 891/1/4 868/1/4 892/1/4
f 882/1/4 870/1/4 893/1/4
f 893/1/4 870/1/4 894/1/4
f 895/1/4 896/1/4 907/1/4
f 907/1/4 896/1/4 908/1/4
f 897/1/4 898/1/4 909/1/4
f 909/1/4 898/1/4 910/1/4
f 899/1/4 900/1/4 911/1/4
f 911/1/4 900/1/4 912/1/4
f 901/1/4 902/1/4 913/1/4
f 913/1/4 902/1/4 914/1/4
f 903/1/4 904/1/4 915/1/4
f 915/1/4 904/1/4 916/1/4
f 905/1/4 906/1/4 917/1/4
f 917/1/4 906/1/4 918/1/4
f 908/1/4 896/1/4 919/1/4
f 919/1/4 896/1/4 920/1/4
f 910/1/4 898/1/4 921/1/4
f 921/1/4 898/1/4 922/1/4
f 912/1/4 900/1/4 923/1/4
f 923/1/4 900/1/4 924/1/4
f 914/1/4 902/1/4 925/1/4
f 925/1/4 902/1/4 926/1/4
f 916/1/4 904/1/4 927/1/4
f 927/1/4 904/1/4 928/1/4
f 918/1/4 906/1/4 929/1/4
f 929/1/4 906/1/4 930/1/4
f 931/1/4 932/1/4 943/1/4
f 943/1/4 932/1/4 944/1/4
f 933/1/4 934/1/4 945/1/4
f 945/1/4 934/1/4 946/1/4
f 935/1/4 936/1/4 947/1/4
f 947/1/4 936/1/4 948/1/4
f 937/1/4 938/1/4 949/1/4
f 949/1/4 938/1/4 950/1/4
f 939/1/4 940/1/4 951/1/4
f 951/1/4 940/1/4 952/1/4
f 941/1/4 942/1/4 953/1/4
f 953/1/4 942/1/4 954/1/4
f 944/1/4 932/1/4 955/1/4
f 955/1/4 932/1/4 956/1/4
f 946/1/4 934/1/4 957/1/4
f 957/1/4 934/1/4 958/1/4
f 948/1/4 936/1/4 959/1/4
f 959/1/4 936/1/4 960/1/4
f 950/1/4 938/1/4 961/1/4
f 961/1/4 938/1/4 962/1/4
f 952/1/4 940/1/4 963/1/4
f 963/1/4 940/1/4 964/1/4
f 954/1/4 942/1/4 965/1/4
f 965/1/4 942/1/4 966/1/4
f 967/1/4 968/1/4 979/1/4
f 979/1/4 968/1/4 980/1/6
f 969/1/4 970/1/4 981/1/4
f 981/1/4 970/1/4 982/1/4
f 971/1/4 972/1/4 983/1/4
f 983/1/4 972/1/4 984/1/4
f 973/1/4 974/1/4 985/1/4
f 985/1/4 974/1/4 986/1/4
f 975/1/4 976/1/4 987/1/4
f 987/1/4 976/1/4 988/1/4
f 977/1/4 978/1/4 989/1/4
f 989/1/4 978/1/4 990/1/4
f 980/1/6 968/1/4 991/1/4
f 991/1/4 968/1/4 992/1/4
f 982/1/4 970/1/4 993/1/4
f 993/1/4 970/1/4 994/1/4
f 984/1/4 972/1/4 995/1/4
f 995/1/4 972/1/4 996/1/4
f 986/1/4 974/1/4 997/1/4
f 997/1/4 974/1/4 998/1/4
f 988/1/4 976/1/4 999/1/4
f 999/1/4 976/1/4 1000/1/4
f 990/1/4 978/1/4 1001/1/4
f 1001/1/4 978/1/4 1002/1/4
f 1003/1/4 1004/1/4 1015/1/4
f 1015/1/4 1004/1/4 1016/1/6
f 1005/1/4 1006/1/4 1017/1/4
f 1017/1/4 1006/1/4 1018/1/4
f 1007/1/4 1008/1/4 1019/1/4
f 1019/1/4 1008/1/4 1020/1/4
f 1009/1/4 1010/1/4 1021/1/4
f 1021/1/4 1010/1/4 1022/1/4
f 1011/1/4 1012/1/4 1023/1/4
f 1023/1/4 1012/1/4 1024/1/4
f 1013/1/4 1014/1/4 1025/1/4
f 1025/1/4 1014/1/4 1026/1/4
f 1016/1/6 1004/1/4 1027/1/4
f 1027/1/4 1004/1/4 1028/1/4
f 1018/1/4 1006/1/4 1029/1/4
f 1029/1/4 1006/1/4 1030/1/4
f 1020/1/4 1008/1/4 1031/1/4
f 1031/1/4 1008/1/4 1032/1/4
f 1022/1/4 1010/1/4 1033/1/4
f 1033/1/4 1010/1/4 1034/1/4
f 1024/1/4 1012/1/4 1035/1/4
f 1035/1/4 1012/1/4 1036/1/4
f 1026/1/4 1014/1/4 1037/1/4
f 1037/1/4 1014/1/4 1038/1/4
f 1039/1/4 1040/1/4 1041/1/4
f 1041/1/4 1040/1/4 1042/1/4
f 1042/1/4 1040/1/4 1043/1/4
f 1043/1/4 1040/1/4 1044/1/4
f 1044/1/4 1040/1/4 1045/1/4
f 1045/1/4 1040/1/4 1046/1/4
f 1046/1/4 1040/1/4 1047/1/4
f 1047/1/4 1040/1/4 1048/1/4
f 1048/1/4 1040/1/4 1049/1/4
f 1049/1/4 1040/1/4 1050/1/4
f 1050/1/4 1040/1/4 1051/1/4
f 1051/1/4 1040/1/4 1052/1/4
f 1039/1/4 1041/1/4 1053/1/4
f 1041/2/4 1042/2/4 1054/2/4
f 1053/1/4 1041/1/4 1054/1/4
f 1042/1/4 1043/1/4 1055/1/4
f 1054/2/4 1042/2/4 1055/2/4
f 1043/2/4 1044/2/4 1056/2/4
f 1055/1/4 1043/1/4 1056/1/4
f 1044/1/4 1045/1/4 1057/1/4
f 1056/2/4 1044/2/4 1057/2/4
f 1045/2/4 1046/2/4 1058/2/4
f 1057/1/4 1045/1/4 1058/1/4
f 1046/1/4 1047/1/4 1059/1/4
f 1058/2/4 1046/2/4 1059/2/4
f 1047/2/4 1048/2/4 1060/2/4
f 1059/1/4 1047/1/4 1060/1/4
f 1048/1/4 1049/1/4 1061/1/5
f 1060/2/4 1048/2/4 1061/2/5
f 1049/2/4 1050/2/4 1062/2/4
f 1061/1/5 1049/1/4 1062/1/4
f 1050/1/4 1051/1/4 1063/1/4
f 1062/2/4 1050/2/4 1063/2/4
f 1051/2/4 1052/2/4 1064/2/4
f 1063/1/4 1051/1/4 1064/1/4
f 1052/1/4 1040/1/4 1065/1/4
f 1064/2/4 1052/2/4 1065/2/4
f 1065/1/4 1040/1/4 1066/1/4
f 1063/2/4 1064/2/4 1067/2/4
f 1053/2/4 1054/2/4 1067/2/4
f 1065/2/4 1066/2/4 1067/2/4
f 1064/2/4 1065/2/4 1067/2/4
f 1062/2/4 1063/2/4 1067/2/4
f 1061/2/5 1062/2/4 1067/2/4
f 1060/2/4 1061/2/5 1067/2/4
f 1059/2/4 1060/2/4 1067/2/4
f 1058/2/4 1059/2/4 1067/2/4
f 1057/2/4 1058/2/4 1067/2/4
f 1056/2/4 1057/2/4 1067/2/4
f 1055/2/4 1056/2/4 1067/2/4
f 1054/2/4 1055/2/4 1067/2/4
f 1067/2/4 1066/2/4 1068/2/4
f 1072/1/8 1070/1/8 1069/1/8
f 1072/2/8 1071/2/8 1070/2/8
f 1073/2/8 1071/2/8 1072/2/8
f 1075/1/8 1072/1/8 1069/1/8
f 1075/1/8 1074/1/8 1073/1/8
f 1075/1/8 1073/1/8 1072/1/8
f 1076/1/8 1074/1/8 1075/1/8
f 1077/1/8 1074/1/8 1076/1/8
f 1078/1/8 1075/1/8 1069/1/8
f 1078/2/8 1076/2/8 1075/2/8
f 1079/2/8 1076/2/8 1078/2/8
f 1081/1/8 1078/1/8 1069/1/8
f 1081/1/8 1080/1/8 1079/1/8
f 1081/1/8 1079/1/8 1078/1/8
f 1082/1/8 1080/1/8 1081/1/8
f 1083/1/8 1080/1/8 1082/1/8
f 1084/1/8 1081/1/8 1069/1/8
f 1084/2/8 1082/2/8 1081/2/8
f 1085/2/8 1082/2/8 1084/2/8
f 1087/1/8 1084/1/8 1069/1/8
f 1087/1/8 1086/1/8 1085/1/8
f 1087/1/8 1085/1/8 1084/1/8
f 1088/1/8 1086/1/8 1087/1/8
f 1089/1/8 1086/1/8 1088/1/8
f 1090/1/8 1087/1/8 1069/1/8
f 1090/2/8 1088/2/8 1087/2/8
f 1091/2/8 1088/2/8 1090/2/8
f 1093/1/8 1090/1/8 1069/1/8
f 1093/1/8 1092/1/8 1091/1/8
f 1093/1/8 1091/1/8 1090/1/8
f 1094/1/8 1092/1/8 1093/1/8
f 1095/1/8 1092/1/8 1094/1/8
f 1096/1/8 1093/1/8 1069/1/8
f 1096/2/8 1094/2/8 1093/2/8
f 1097/2/8 1094/2/8 1096/2/8
f 1099/1/8 1096/1/8 1069/1/8
f 1099/1/8 1098/1/8 1097/1/8
f 1099/1/8 1097/1/8 1096/1/8
f 1100/1/8 1098/1/8 1099/1/8
f 1101/1/8 1098/1/8 1100/1/8
f 1102/1/8 1099/1/8 1069/1/8
f 1102/2/8 1100/2/8 1099/2/8
f 1103/2/8 1100/2/8 1102/2/8
f 1105/1/8 1102/1/8 1069/1/8
f 1105/1/8 1104/1/8 1103/1/8
f 1105/1/8 1103/1/8 1102/1/8
f 1106/1/8 1104/1/8 1105/1/8
f 1107/1/8 1104/1/8 1106/1/8
f 1108/1/8 1105/1/8 1069/1/8
f 1108/2/8 1106/2/8 1105/2/8
f 1109/2/8 1106/2/8 1108/2/8
f 1111/1/8 1108/1/8 1069/1/8
f 1111/1/8 1110/1/8 1109/1/8
f 1111/1/8 1109/1/8 1108/1/8
f 1112/1/8 1110/1/8 1111/1/8
f 1113/1/8 1110/1/8 1112/1/8
f 1114/1/8 1111/1/8 1069/1/8
f 1114/2/8 1112/2/8 1111/2/8
f 1115/2/8 1112/2/8 1114/2/8
f 1117/1/8 1114/1/8 1069/1/8
f 1117/1/8 1116/1/8 1115/1/8
f 1117/1/8 1115/1/8 1114/1/8
f 1118/1/8 1116/1/8 1117/1/8
f 1119/1/8 1116/1/8 1118/1/8
f 1120/1/8 1117/1/8 1069/1/8
f 1120/2/8 1118/2/8 1117/2/8
f 1121/2/8 1118/2/8 1120/2/8
f 1123/1/8 1120/1/8 1069/1/8
f 1123/1/8 1122/1/8 1121/1/8
f 1123/1/8 1121/1/8 1120/1/8
f 1124/1/8 1122/1/8 1123/1/8
f 1125/1/8 1122/1/8 1124/1/8
f 1126/1/8 1123/1/8 1069/1/8
f 1126/2/8 1124/2/8 1123/2/8
f 1127/2/8 1124/2/8 1126/2/8
f 1129/1/8 1126/1/8 1069/1/8
f 1129/1/8 1128/1/8 1127/1/8
f 1129/1/8 1127/1/8 1126/1/8
f 1130/1/8 1128/1/8 1129/1/8
f 1131/1/8 1128/1/8 1130/1/8
f 1132/1/8 1129/1/8 1069/1/8
f 1133/2/8 1130/2/8 1129/2/8
f 1133/1/8 1129/1/8 1132/1/8
f 1134/2/8 1130/2/8 1133/2/8
f 1137/1/8 1136/1/8 1135/1/8
f 1138/1/8 1136/1/8 1137/1/8
f 1140/1/8 1139/1/8 1138/1/8
f 1141/1/8 1139/1/8 1140/1/8
f 1144/1/8 1143/1/8 1142/1/8
f 1145/1/8 1143/1/8 1144/1/8
f 1147/1/8 1146/1/8 1145/1/8
f 1148/1/8 1146/1/8 1147/1/8
f 1151/1/8 1150/1/8 1149/1/8
f 1152/1/8 1150/1/8 1151/1/8
f 1154/1/8 1153/1/8 1152/1/8
f 1155/1/8 1153/1/8 1154/1/8
f 1158/1/8 1157/1/8 1156/1/8
f 1159/1/8 1157/1/8 1158/1/8
f 1161/1/8 1160/1/8 1159/1/8
f 1162/1/8 1160/1/8 1161/1/8
f 1165/1/8 1164/1/8 1163/1/8
f 1166/1/8 1164/1/8 1165/1/8
f 1168/1/8 1167/1/8 1166/1/8
f 1169/1/8 1167/1/8 1168/1/8
f 1172/1/8 1171/1/8 1170/1/8
f 1173/1/8 1171/1/8 1172/1/8
f 1175/1/8 1174/1/8 1173/1/8
f 1176/1/8 1174/1/8 1175/1/8
f 1179/1/8 1178/1/8 1177/1/8
f 1180/1/8 1178/1/8 1179/1/8
f 1182/1/8 1181/1/8 1180/1/8
f 1183/1/8 1181/1/8 1182/1/8
f 1186/1/8 1185/1/8 1184/1/8
f 1187/1/8 1185/1/8 1186/1/8
f 1189/1/8 1188/1/8 1187/1/8
f 1190/1/8 1188/1/8 1189/1/8
f 1193/1/8 1192/1/8 1191/1/8
f 1194/1/8 1192/1/8 1193/1/8
f 1196/1/8 1195/1/8 1194/1/8
f 1197/1/8 1195/1/8 1196/1/8
f 1200/1/8 1199/1/8 1198/1/8
f 1201/1/8 1199/1/8 1200/1/8
f 1203/1/8 1202/1/8 1201/1/8
f 1204/1/8 1202/1/8 1203/1/8
f 1207/1/8 1206/1/8 1205/1/8
f 1208/1/8 1206/1/8 1207/1/8
f 1211/1/8 1210/1/8 1209/1/8
f 1212/1/8 1210/1/8 1211/1/8
f 1215/1/8 1214/1/8 1213/1/8
f 1216/1/8 1214/1/8 1215/1/8
f 1219/1/8 1218/1/8 1217/1/8
f 1220/1/8 1218/1/8 1219/1/8
f 1223/1/8 1222/1/8 1221/1/8
f 1224/1/8 1222/1/8 1223/1/8
f 1227/1/8 1226/1/8 1225/1/8
f 1228/1/8 1226/1/8 1227/1/8
f 1231/1/8 1230/1/8 1229/1/8
f 1232/1/8 1230/1/8 1231/1/8
f 1235/1/8 1234/1/8 1233/1/8
f 1236/1/8 1234/1/8 1235/1/8
f 1239/1/8 1238/1/8 1237/1/8
f 1240/1/8 1238/1/8 1239/1/8
f 1243/1/8 1242/1/8 1241/1/8
f 1244/1/8 1242/1/8 1243/1/8
f 1247/1/8 1246/1/8 1245/1/8
f 1248/1/8 1246/1/8 1247/1/8
f 1250/1/8 1249/1/8 1248/1/8
f 1251/1/8 1249/1/8 1250/1/8
f 1254/1/8 1253/1/8 1252/1/8
f 1255/1/8 1253/1/8 1254/1/8
f 1257/1/8 1256/1/8 1255/1/8
f 1258/1/8 1256/1/8 1257/1/8
f 1261/1/8 1260/1/8 1259/1/8
f 1262/1/8 1260/1/8 1261/1/8
f 1264/1/8 1263/1/8 1262/1/8
f 1265/1/8 1263/1/8 1264/1/8
f 1268/1/8 1267/1/8 1266/1/8
f 1269/1/8 1267/1/8 1268/1/8
f 1271/1/8 1270/1/8 1269/1/8
f 1272/1/8 1270/1/8 1271/1/8
f 1275/1/8 1274/1/8 1273/1/8
f 1276/1/8 1274/1/8 1275/1/8
f 1278/1/8 1277/1/8 1276/1/8
f 1279/1/8 1277/1/8 1278/1/8
f 1282/1/8 1281/1/8 1280/1/8
f 1283/1/8 1281/1/8 1282/1/8
f 1285/1/8 1284/1/8 1283/1/8
f 1286/1/8 1284/1/8 1285/1/8
f 1289/1/8 1288/1/8 1287/1/8
f 1290/1/8 1288/1/8 1289/1/8
f 1292/1/8 1291/1/8 1290/1/8
f 1293/1/8 1291/1/8 1292/1/8
f 1296/1/8 1295/1/8 1294/1/8
f 1297/1/8 1295/1/8 1296/1/8
f 1299/1/8 1298/1/8 1297/1/8
f 1300/1/8 1298/1/8 1299/1/8
f 1303/1/8 1302/1/8 1301/1/8
f 1304/1/8 1302/1/8 1303/1/8
f 1306/1/8 1305/1/8 1304/1/8
f 1307/1/8 1305/1/8 1306/1/8
f 1310/1/8 1309/1/8 1308/1/8
f 1311/1/8 1309/1/8 1310/1/8
f 1313/1/8 1312/1/8 1311/1/8
f 1314/1/8 1312/1/8 1313/1/8
f 1317/1/8 1316/1/8 1315/1/8
f 1318/1/8 1316/1/8 1317/1/8
f 1321/1/8 1320/1/8 1319/1/8
f 1322/1/8 1320/1/8 1321/1/8
f 1325/1/8 1324/1/8 1323/1/8
f 1326/1/8 1324/1/8 1325/1/8
f 1329/1/8 1328/1/8 1327/1/8
f 1330/1/8 1328/1/8 1329/1/8
f 1333/1/8 1332/1/8 1331/1/8
f 1334/1/8 1332/1/8 1333/1/8
f 1337/1/8 1336/1/8 1335/1/8
f 1338/1/8 1336/1/8 1337/1/8
f 1341/1/8 1340/1/8 1339/1/8
f 1342/1/8 1340/1/8 1341/1/8
f 1345/1/8 1344/1/8 1343/1/8
f 1346/1/8 1344/1/8 1345/1/8
f 1349/1/8 1348/1/8 1347/1/8
f 1350/1/8 1348/1/8 1349/1/8
f 1353/1/8 1352/1/8 1351/1/8
f 1354/1/8 1352/1/8 1353/1/8
f 1357/1/8 1356/1/8 1355/1/8
f 1358/1/8 1356/1/8 1357/1/8
f 1360/1/8 1359/1/8 1358/1/8
f 1361/1/8 1359/1/8 1360/1/8
f 1364/1/8 1363/1/8 1362/1/8
f 1365/1/8 1363/1/8 1364/1/8
f 1367/1/8 1366/1/8 1365/1/8
f 1368/1/8 1366/1/8 1367/1/8
f 1371/1/8 1370/1/8 1369/1/8
f 1372/1/8 1370/1/8 1371/1/8
f 1374/1/8 1373/1/8 1372/1/8
f 1375/1/8 1373/1/8 1374/1/8
f 1378/1/8 1377/1/8 1376/1/8
f 1379/1/8 1377/1/8 1378/1/8
f 1381/1/8 1380/1/8 1379/1/8
f 1382/1/8 1380/1/8 1381/1/8
f 1385/1/8 1384/1/8 1383/1/8
f 1386/1/8 1384/1/8 1385/1/8
f 1388/1/8 1387/1/8 1386/1/8
f 1389/1/8 1387/1/8 1388/1/8
f 1392/1/8 1391/1/8 1390/1/8
f 1393/1/8 1391/1/8 1392/1/8
f 1395/1/8 1394/1/8 1393/1/8
f 1396/1/8 1394/1/8 1395/1/8
f 1399/1/8 1398/1/8 1397/1/8
f 1400/1/8 1398/1/8 1399/1/8
f 1402/1/8 1401/1/8 1400/1/8
f 1403/1/8 1401/1/8 1402/1/8
f 1406/1/8 1405/1/8 1404/1/8
f 1407/1/8 1405/1/8 1406/1/8
f 1409/1/8 1408/1/8 1407/1/8
f 1410/1/8 1408/1/8 1409/1/8
f 1413/1/8 1412/1/8 1411/1/8
f 1414/1/8 1412/1/8 1413/1/8
f 1416/1/8 1415/1/8 1414/1/8
f 1417/1/8 1415/1/8 1416/1/8
f 1420/1/8 1419/1/8 1418/1/8
f 1421/1/8 1419/1/8 1420/1/8
f 1423/1/8 1422/1/8 1421/1/8
f 1424/1/8 1422/1/8 1423/1/8
f 1427/1/8 1426/1/8 1425/1/8
f 1428/1/8 1426/1/8 1427/1/8
f 1431/1/8 1430/1/8 1429/1/8
f 1432/1/8 1430/1/8 1431/1/8
f 1435/1/8 1434/1/8 1433/1/8
f 1436/1/8 1434/1/8 1435/1/8
f 1439/1/8 1438/1/8 1437/1/8
f 1440/1/8 1438/1/8 1439/1/8
f 1443/1/8 1442/1/8 1441/1/8
f 1444/1/8 1442/1/8 1443/1/8
f 1447/1/8 1446/1/8 1445/1/8
f 1448/1/8 1446/1/8 1447/1/8
f 1451/1/8 1450/1/8 1449/1/8
f 1452/1/8 1450/1/8 1451/1/8
f 1455/1/8 1454/1/8 1453/1/8
f 1456/1/8 1454/1/8 1455/1/8
f 1459/1/8 1458/1/8 1457/1/8
f 1460/1/8 1458/1/8 1459/1/8
f 1463/1/8 1462/1/8 1461/1/8
f 1464/1/8 1462/1/8 1463/1/8
f 1467/1/8 1466/1/8 1465/1/8
f 1468/1/8 1466/1/8 1467/1/8
f 1470/1/8 1469/1/8 1468/1/8
f 1471/1/8 1469/1/8 1470/1/8
f 1474/1/8 1473/1/8 1472/1/8
f 1475/1/8 1473/1/8 1474/1/8
f 1477/1/8 1476/1/8 1475/1/8
f 1478/1/8 1476/1/8 1477/1/8
f 1481/1/8 1480/1/8 1479/1/8
f 1482/1/8 1480/1/8 1481/1/8
f 1484/1/8 1483/1/8 1482/1/8
f 1485/1/8 1483/1/8 1484/1/8
f 1488/1/8 1487/1/8 1486/1/8
f 1489/1/8 1487/1/8 1488/1/8
f 1491/1/8 1490/1/8 1489/1/8
f 1492/1/8 1490/1/8 1491/1/8
f 1495/1/8 1494/1/8 1493/1/8
f 1496/1/8 1494/1/8 1495/1/8
f 1498/1/8 1497/1/8 1496/1/8
f 1499/1/8 1497/1/8 1498/1/8
f 1502/1/8 1501/1/8 1500/1/8
f 1503/1/8 1501/1/8 1502/1/8
f 1505/1/8 1504/1/8 1503/1/8
f 1506/1/8 1504/1/8 1505/1/8
f 1509/1/8 1508/1/8 1507/1/8
f 1510/1/8 1508/1/8 1509/1/8
f 1512/1/8 1511/1/8 1510/1/8
f 1513/1/8 1511/1/8 1512/1/8
f 1516/1/8 1515/1/8 1514/1/8
f 1517/1/8 1515/1/8 1516/1/8
f 1519/1/8 1518/1/8 1517/1/8
f 1520/1/8 1518/1/8 1519/1/8
f 1523/1/8 1522/1/8 1521/1/8
f 1524/1/8 1522/1/8 1523/1/8
f 1526/1/8 1525/1/8 1524/1/8
f 1527/1/8 1525/1/8 1526/1/8
f 1530/1/8 1529/1/8 1528/1/8
f 1531/1/8 1529/1/8 1530/1/8
f 1533/1/8 1532/1/8 1531/1/8
f 1534/1/8 1532/1/8 1533/1/8
f 1537/1/8 1536/1/8 1535/1/8
f 1538/1/8 1536/1/8 1537/1/8
f 1541/1/8 1540/1/8 1539/1/8
f 1542/1/8 1540/1/8 1541/1/8
f 1545/1/8 1544/1/8 1543/1/8
f 1546/1/8 1544/1/8 1545/1/8
f 1549/1/8 1548/1/8 1547/1/8
f 1550/1/8 1548/1/8 1549/1/8
f 1553/1/8 1552/1/8 1551/1/8
f 1554/1/8 1552/1/8 1553/1/8
f 1557/1/8 1556/1/8 1555/1/8
f 1558/1/8 1556/1/8 1557/1/8
f 1561/1/8 1560/1/8 1559/1/8
f 1562/1/8 1560/1/8 1561/1/8
f 1565/1/8 1564/1/8 1563/1/8
f 1566/1/8 1564/1/8 1565/1/8
f 1569/1/8 1568/1/8 1567/1/8
f 1570/1/8 1568/1/8 1569/1/8
f 1573/1/8 1572/1/8 1571/1/8
f 1574/1/8 1572/1/8 1573/1/8
f 1577/1/8 1576/1/8 1575/1/8
f 1578/1/8 1576/1/8 1577/1/8
f 1580/1/8 1579/1/8 1578/1/8
f 1581/1/8 1579/1/8 1580/1/8
f 1584/1/8 1583/1/8 1582/1/8
f 1585/1/8 1583/1/8 1584/1/8
f 1587/1/8 1586/1/8 1585/1/8
f 1588/1/8 1586/1/8 1587/1/8
f 1591/1/8 1590/1/8 1589/1/8
f 1592/1/8 1590/1/8 1591/1/8
f 1594/1/8 1593/1/8 1592/1/8
f 1595/1/8 1593/1/8 1594/1/8
f 1598/1/8 1597/1/8 1596/1/8
f 1599/1/8 1597/1/8 1598/1/8
f 1601/1/8 1600/1/8 1599/1/8
f 1602/1/8 1600/1/8 1601/1/8
f 1605/1/8 1604/1/8 1603/1/8
f 1606/1/8 1604/1/8 1605/1/8
f 1608/1/8 1607/1/8 1606/1/8
f 1609/1/8 1607/1/8 1608/1/8
f 1612/1/8 1611/1/8 1610/1/8
f 1613/1/8 1611/1/8 1612/1/8
f 1615/1/8 1614/1/8 1613/1/8
f 1616/1/8 1614/1/8 1615/1/8
f 1619/1/8 1618/1/8 1617/1/8
f 1620/1/8 1618/1/8 1619/1/8
f 1622/1/8 1621/1/8 1620/1/8
f 1623/1/8 1621/1/8 1622/1/8
f 1626/1/8 1625/1/8 1624/1/8
f 1627/1/8 1625/1/8 1626/1/8
f 1629/1/8 1628/1/8 1627/1/8
f 1630/1/8 1628/1/8 1629/1/8
f 1633/1/8 1632/1/8 1631/1/8
f 1634/1/8 1632/1/8 1633/1/8
f 1636/1/8 1635/1/8 1634/1/8
f 1637/1/8 1635/1/8 1636/1/8
f 1640/1/8 1639/1/8 1638/1/8
f 1641/1/8 1639/1/8 1640/1/8
f 1643/1/8 1642/1/8 1641/1/8
f 1644/1/8 1642/1/8 1643/1/8
f 1647/1/8 1646/1/8 1645/1/8
f 1648/1/8 1646/1/8 1647/1/8
f 1651/1/8 1650/1/8 1649/1/8
f 1652/1/8 1650/1/8 1651/1/8
f 1655/1/8 1654/1/8 1653/1/8
f 1656/1/8 1654/1/8 1655/1/8
f 1659/1/8 1658/1/8 1657/1/8
f 1660/1/8 1658/1/8 1659/1/8
f 1663/1/8 1662/1/8 1661/1/8
f 1664/1/8 1662/1/8 1663/1/8
f 1667/1/8 1666/1/8 1665/1/8
f 1668/1/8 1666/1/8 1667/1/8
f 1671/1/8 1670/1/8 1669/1/8
f 1672/1/8 1670/1/8 1671/1/8
f 1675/1/8 1674/1/8 1673/1/8
f 1676/1/8 1674/1/8 1675/1/8
f 1679/1/8 1678/1/8 1677/1/8
f 1680/1/8 1678/1/8 1679/1/8
f 1683/1/8 1682/1/8 1681/1/8
f 1684/1/8 1682/1/8 1683/1/8
f 1687/1/8 1686/1/8 1685/1/8
f 1688/1/8 1686/1/8 1687/1/8
f 1690/1/8 1689/1/8 1688/1/8
f 1691/1/8 1689/1/8 1690/1/8
f 1694/1/8 1693/1/8 1692/1/8
f 1695/1/8 1693/1/8 1694/1/8
f 1697/1/8 1696/1/8 1695/1/8
f 1698/1/8 1696/1/8 1697/1/8
f 1701/1/8 1700/1/8 1699/1/8
f 1702/1/8 1700/1/8 1701/1/8
f 1704/1/8 1703/1/8 1702/1/8
f 1705/1/8 1703/1/8 1704/1/8
f 1708/1/8 1707/1/8 1706/1/8
f 1709/1/8 1707/1/8 1708/1/8
f 1711/1/8 1710/1/8 1709/1/8
f 1712/1/8 1710/1/8 1711/1/8
f 1715/1/8 1714/1/8 1713/1/8
f 1716/1/8 1714/1/8 1715/1/8
f 1718/1/8 1717/1/8 1716/1/8
f 1719/1/8 1717/1/8 1718/1/8
f 1722/1/8 1721/1/8 1720/1/8
f 1723/1/8 1721/1/8 1722/1/8
f 1725/1/8 1724/1/8 1723/1/8
f 1726/1/8 1724/1/8 1725/1/8
f 1729/1/8 1728/1/8 1727/1/8
f 1730/1/8 1728/1/8 1729/1/8
f 1732/1/8 1731/1/8 1730/1/8
f 1733/1/8 1731/1/8 1732/1/8
f 1736/1/8 1735/1/8 1734/1/8
f 1737/1/8 1735/1/8 1736/1/8
f 1739/1/8 1738/1/8 1737/1/8
f 1740/1/8 1738/1/8 1739/1/8
f 1743/1/8 1742/1/8 1741/1/8
f 1744/1/8 1742/1/8 1743/1/8
f 1746/1/8 1745/1/8 1744/1/8
f 1747/1/8 1745/1/8 1746/1/8
f 1750/1/8 1749/1/8 1748/1/8
f 1751/1/8 1749/1/8 1750/1/8
f 1753/1/8 1752/1/8 1751/1/8
f 1754/1/8 1752/1/8 1753/1/8
f 1755/1/9 1756/1/9 1757/1/9
f 1755/1/9 1757/1/9 1759/1/9
f 1757/1/9 1758/1/9 1759/1/9
f 1759/1/9 1758/1/9 1760/1/9
f 1761/1/9 1762/1/9 1763/1/9
f 1761/1/9 1763/1/9 1765/1/9
f 1763/1/9 1764/1/9 1765/1/9
f 1765/1/9 1764/1/9 1766/1/9
f 1767/1/9 1768/1/9 1769/1/9
f 1767/1/9 1769/1/9 1771/1/9
f 1769/1/9 1770/1/9 1771/1/9
f 1771/1/9 1770/1/9 1772/1/9
f 1773/1/9 1774/1/9 1775/1/9
f 1773/1/9 1775/1/9 1777/1/9
f 1775/1/9 1776/1/9 1777/1/9
f 1777/1/9 1776/1/9 1778/1/9
f 1779/1/9 1780/1/9 1781/1/9
f 1779/1/9 1781/1/9 1783/1/9
f 1781/1/9 1782/1/9 1783/1/9
f 1783/1/9 1782/1/9 1784/1/9
f 1785/1/9 1786/1/9 1787/1/9
f 1785/1/9 1787/1/9 1789/1/9
f 1787/1/9 1788/1/9 1789/1/9
f 1789/1/9 1788/1/9 1790/1/9
f 1791/1/9 1792/1/9 1793/1/9
f 1791/1/9 1793/1/9 1795/1/9
f 1793/1/9 1794/1/9 1795/1/9
f 1795/1/9 1794/1/9 1796/1/9
f 1797/1/9 1798/1/9 1799/1/9
f 1797/1/9 1799/1/9 1801/1/9
f 1799/1/9 1800/1/9 1801/1/9
f 1801/1/9 1800/1/9 1802/1/9
f 1803/1/9 1804/1/9 1805/1/9
f 1803/1/9 1805/1/9 1807/1/9
f 1805/1/9 1806/1/9 1807/1/9
f 1807/1/9 1806/1/9 1808/1/9
f 1809/1/9 1810/1/9 1811/1/9
f 1809/1/9 1811/1/9 1813/1/9
f 1811/1/9 1812/1/9 1813/1/9
f 1813/1/9 1812/1/9 1814/1/9
f 1815/1/9 1816/1/9 1817/1/9
f 1815/1/9 1817/1/9 1819/1/9
f 1817/1/9 1818/1/9 1819/1/9
f 1819/1/9 1818/1/9 1820/1/9
f 1821/1/9 1822/1/9 1823/1/9
f 1821/1/9 1823/1/9 1825/1/9
f 1823/1/9 1824/1/9 1825/1/9
f 1825/1/9 1824/1/9 1826/1/9
f 1827/1/9 1828/1/9 1829/1/9
f 1827/1/9 1829/1/9 1831/1/9
f 1829/1/9 1830/1/9 1831/1/9
f 1831/1/9 1830/1/9 1832/1/9
f 1833/1/9 1834/1/9 1835/1/9
f 1833/1/9 1835/1/9 1837/1/9
f 1835/1/9 1836/1/9 1837/1/9
f 1837/1/9 1836/1/9 1838/1/9
f 1839/1/9 1840/1/9 1841/1/9
f 1839/1/9 1841/1/9 1843/1/9
f 1841/1/9 1842/1/9 1843/1/9
f 1843/1/9 1842/1/9 1844/1/9
f 1845/1/9 1846/1/9 1847/1/9
f 1845/1/9 1847/1/9 1849/1/9
f 1847/1/9 1848/1/9 1849/1/9
f 1849/1/9 1848/1/9 1850/1/9
f 1851/1/9 1852/1/9 1853/1/9
f 1851/1/9 1853/1/9 1855/1/9
f 1853/1/9 1854/1/9 1855/1/9
f 1855/1/9 1854/1/9 1856/1/9
f 1857/1/9 1858/1/9 1859/1/9
f 1857/1/9 1859/1/9 1861/1/9
f 1859/1/9 1860/1/9 1861/1/9
f 1861/1/9 1860/1/9 1862/1/9
f 1863/1/9 1864/1/9 1865/1/9
f 1863/1/9 1865/1/9 1867/1/9
f 1865/1/9 1866/1/9 1867/1/9
f 1867/1/9 1866/1/9 1868/1/9
f 1869/1/9 1870/1/9 1871/1/9
f 1869/1/9 1871/1/9 1873/1/9
f 1871/1/9 1872/1/9 1873/1/9
f 1873/1/9 1872/1/9 1874/1/9
f 1875/1/9 1876/1/9 1877/1/9
f 1875/1/9 1877/1/9 1879/1/9
f 1877/1/9 1878/1/9 1879/1/9
f 1879/1/9 1878/1/9 1880/1/9
f 1881/1/9 1882/1/9 1883/1/9
f 1881/1/9 1883/1/9 1885/1/9
f 1883/1/9 1884/1/9 1885/1/9
f 1885/1/9 1884/1/9 1886/1/9
f 1887/1/9 1888/1/9 1889/1/9
f 1887/1/9 1889/1/9 1891/1/9
f 1889/1/9 1890/1/9 1891/1/9
f 1891/1/9 1890/1/9 1892/1/9
f 1893/1/9 1894/1/9 1895/1/9
f 1893/1/9 1895/1/9 1897/1/9
f 1895/1/9 1896/1/9 1897/1/9
f 1897/1/9 1896/1/9 1898/1/9
f 1899/1/9 1900/1/9 1901/1/9
f 1899/1/9 1901/1/9 1903/1/9
f 1901/1/9 1902/1/9 1903/1/9
f 1903/1/9 1902/1/9 1904/1/9
f 1905/1/9 1906/1/9 1907/1/9
f 1905/1/9 1907/1/9 1909/1/9
f 1907/1/9 1908/1/9 1909/1/9
f 1909/1/9 1908/1/9 1910/1/9
f 1911/1/9 1912/1/9 1913/1/9
f 1911/1/9 1913/1/9 1915/1/9
f 1913/1/9 1914/1/9 1915/1/9
f 1915/1/9 1914/1/9 1916/1/9
f 1917/1/9 1918/1/9 1919/1/9
f 1917/1/9 1919/1/9 1921/1/9
f 1919/1/9 1920/1/9 1921/1/9
f 1921/1/9 1920/1/9 1922/1/9
f 1923/1/9 1924/1/9 1925/1/9
f 1923/1/9 1925/1/9 1927/1/9
f 1925/1/9 1926/1/9 1927/1/9
f 1927/1/9 1926/1/9 1928/1/9
f 1929/1/9 1930/1/9 1931/1/9
f 1929/1/9 1931/1/9 1933/1/9
f 1931/1/9 1932/1/9 1933/1/9
f 1933/1/9 1932/1/9 1934/1/9
f 1935/1/9 1936/1/9 1937/1/9
f 1935/1/9 1937/1/9 1939/1/9
f 1937/1/9 1938/1/9 1939/1/9
f 1939/1/9 1938/1/9 1940/1/9
f 1941/1/9 1942/1/9 1943/1/9
f 1941/1/9 1943/1/9 1945/1/9
f 1943/1/9 1944/1/9 1945/1/9
f 1945/1/9 1944/1/9 1946/1/9
f 1947/1/9 1948/1/9 1949/1/9
f 1947/1/9 1949/1/9 1951/1/9
f 1949/1/9 1950/1/9 1951/1/9
f 1951/1/9 1950/1/9 1952/1/9
f 1953/1/9 1954/1/9 1955/1/9
f 1953/1/9 1955/1/9 1957/1/9
f 1955/1/9 1956/1/9 1957/1/9
f 1957/1/9 1956/1/9 1958/1/9
f 1959/1/9 1960/1/9 1961/1/9
f 1959/1/9 1961/1/9 1963/1/9
f 1961/1/9 1962/1/9 1963/1/9
f 1963/1/9 1962/1/9 1964/1/9
f 1965/1/9 1966/1/9 1967/1/9
f 1965/1/9 1967/1/9 1969/1/9
f 1967/1/9 1968/1/9 1969/1/9
f 1969/1/9 1968/1/9 1970/1/9
f 1971/1/9 1972/1/9 1973/1/9
f 1971/1/9 1973/1/9 1975/1/9
f 1973/1/9 1974/1/9 1975/1/9
f 1975/1/9 1974/1/9 1976/1/9
f 1977/1/9 1978/1/9 1979/1/9
f 1977/1/9 1979/1/9 1981/1/9
f 1979/1/9 1980/1/9 1981/1/9
f 1981/1/9 1980/1/9 1982/1/9
f 1983/1/9 1984/1/9 1985/1/9
f 1983/1/9 1985/1/9 1987/1/9
f 1985/1/9 1986/1/9 1987/1/9
f 1987/1/9 1986/1/9 1988/1/9
f 1989/1/9 1990/1/9 1991/1/9
f 1989/1/9 1991/1/9 1993/1/9
f 1991/1/9 1992/1/9 1993/1/9
f 1993/1/9 1992/1/9 1994/1/9
f 1995/1/9 1996/1/9 1997/1/9
f 1995/1/9 1997/1/9 1999/1/9
f 1997/1/9 1998/1/9 1999/1/9
f 1999/1/9 1998/1/9 2000/1/9
f 2001/1/9 2002/1/9 2003/1/9
f 2001/1/9 2003/1/9 2005/1/9
f 2003/1/9 2004/1/9 2005/1/9
f 2005/1/9 2004/1/9 2006/1/9
f 2007/1/9 2008/1/9 2009/1/9
f 2007/1/9 2009/1/9 2011/1/9
f 2009/1/9 2010/1/9 2011/1/9
f 2011/1/9 2010/1/9 2012/1/9
f 2013/1/9 2014/1/9 2015/1/9
f 2013/1/9 2015/1/9 2017/1/9
f 2015/1/9 2016/1/9 2017/1/9
f 2017/1/9 2016/1/9 2018/1/9
f 2019/1/9 2020/1/9 2021/1/9
f 2019/1/9 2021/1/9 2023/1/9
f 2021/1/9 2022/1/9 2023/1/9
f 2023/1/9 2022/1/9 2024/1/9
f 2025/1/9 2026/1/9 2027/1/9
f 2025/1/9 2027/1/9 2029/1/9
f 2027/1/9 2028/1/9 2029/1/9
f 2029/1/9 2028/1/9 2030/1/9
f 2031/1/9 2032/1/9 2033/1/9
f 2031/1/9 2033/1/9 2035/1/9
f 2033/1/9 2034/1/9 2035/1/9
f 2035/1/9 2034/1/9 2036/1/9
f 2037/1/9 2038/1/9 2039/1/9
f 2037/1/9 2039/1/9 2041/1/9
f 2039/1/9 2040/1/9 2041/1/9
f 2041/1/9 2040/1/9 2042/1/9
f 2043/1/9 2044/1/9 2045/1/9
f 2043/1/9 2045/1/9 2047/1/9
f 2045/1/9 2046/1/9 2047/1/9
f 2047/1/9 2046/1/9 2048/1/9
f 2049/1/9 2050/1/9 2051/1/9
f 2049/1/9 2051/1/9 2053/1/9
f 2051/1/9 2052/1/9 2053/1/9
f 2053/1/9 2052/1/9 2054/1/9
f 2055/1/9 2056/1/9 2057/1/9
f 2055/1/9 2057/1/9 2059/1/9
f 2057/1/9 2058/1/9 2059/1/9
f 2059/1/9 2058/1/9 2060/1/9
f 2061/1/9 2062/1/9 2063/1/9
f 2061/1/9 2063/1/9 2065/1/9
f 2063/1/9 2064/1/9 2065/1/9
f 2065/1/9 2064/1/9 2066/1/9
f 2067/1/9 2068/1/9 2069/1/9
f 2067/1/9 2069/1/9 2071/1/9
f 2069/1/9 2070/1/9 2071/1/9
f 2071/1/9 2070/1/9 2072/1/9
f 2073/1/9 2074/1/9 2075/1/9
f 2073/1/9 2075/1/9 2077/1/9
f 2075/1/9 2076/1/9 2077/1/9
f 2077/1/9 2076/1/9 2078/1/9
f 2079/1/9 2080/1/9 2081/1/9
f 2079/1/9 2081/1/9 2083/1/9
f 2081/1/9 2082/1/9 2083/1/9
f 2083/1/9 2082/1/9 2084/1/9
f 2085/1/9 2086/1/9 2087/1/9
f 2085/1/9 2087/1/9 2089/1/9
f 2087/1/9 2088/1/9 2089/1/9
f 2089/1/9 2088/1/9 2090/1/9
f 2091/1/9 2092/1/9 2093/1/9
f 2091/1/9 2093/1/9 2095/1/9
f 2093/1/9 2094/1/9 2095/1/9
f 2095/1/9 2094/1/9 2096/1/9
f 2097/1/9 2098/1/9 2099/1/9
f 2097/1/9 2099/1/9 2101/1/9
f 2099/1/9 2100/1/9 2101/1/9
f 2101/1/9 2100/1/9 2102/1/9
f 2103/1/9 2104/1/9 2105/1/9
f 2103/1/9 2105/1/9 2107/1/9
f 2105/1/9 2106/1/9 2107/1/9
f 2107/1/9 2106/1/9 2108/1/9
f 2109/1/9 2110/1/9 2111/1/9
f 2109/1/9 2111/1/9 2113/1/9
f 2111/1/9 2112/1/9 2113/1/9
f 2113/1/9 2112/1/9 2114/1/9
f 2115/1/9 2116/1/9 2118/1/9
f 2116/2/9 2117/2/9 2119/2/9
f 2118/1/9 2116/1/9 2119/1/9
f 2115/1/9 2118/1/9 2120/1/9
f 2118/2/9 2119/2/9 2120/2/9
f 2119/2/9 2117/2/9 2121/2/9
f 2120/2/9 2119/2/9 2121/2/9
f 2115/1/9 2120/1/9 2122/1/9
f 2120/1/9 2121/1/9 2122/1/9
f 2121/2/9 2117/2/9 2123/2/9
f 2122/1/9 2121/1/9 2123/1/9
f 2115/1/9 2122/1/9 2124/1/9
f 2122/2/9 2123/2/9 2124/2/9
f 2123/2/9 2117/2/9 2125/2/9
f 2124/2/9 2123/2/9 2125/2/9
f 2115/1/9 2124/1/9 2126/1/9
f 2124/1/9 2125/1/9 2126/1/9
f 2125/2/9 2117/2/9 2127/2/9
f 2126/1/9 2125/1/9 2127/1/9
f 2115/1/9 2126/1/9 2128/1/9
f 2126/2/9 2127/2/9 2128/2/9
f 2127/2/9 2117/2/9 2129/2/9
f 2128/2/9 2127/2/9 2129/2/9
f 2115/1/9 2128/1/9 2130/1/9
f 2128/1/9 2129/1/9 2130/1/9
f 2129/2/9 2117/2/9 2131/2/9
f 2130/1/9 2129/1/9 2131/1/9
f 2115/1/9 2130/1/9 2132/1/9
f 2130/2/9 2131/2/9 2132/2/9
f 2131/2/9 2117/2/9 2133/2/9
f 2132/2/9 2131/2/9 2133/2/9
f 2115/1/9 2132/1/9 2134/1/9
f 2132/1/9 2133/1/9 2134/1/9
f 2133/2/9 2117/2/9 2135/2/9
f 2134/1/9 2133/1/9 2135/1/9
f 2115/1/9 2134/1/9 2136/1/9
f 2134/2/9 2135/2/9 2136/2/9
f 2135/2/9 2117/2/9 2137/2/9
f 2136/2/9 2135/2/9 2137/2/9
f 2115/1/9 2136/1/9 2138/1/9
f 2136/1/9 2137/1/9 2138/1/9
f 2137/2/9 2117/2/9 2139/2/9
f 2138/1/9 2137/1/9 2139/1/9
f 2115/1/9 2138/1/9 2140/1/9
f 2138/2/9 2139/2/9 2140/2/9
f 2139/2/9 2117/2/9 2141/2/9
f 2140/2/9 2139/2/9 2141/2/9
f 2115/1/9 2140/1/9 2142/1/9
f 2140/1/9 2141/1/9 2142/1/9
f 2141/2/9 2117/2/9 2143/2/9
f 2142/1/9 2141/1/9 2143/1/9
f 2115/1/9 2142/1/9 2144/1/9
f 2142/2/9 2143/2/9 2144/2/9
f 2143/2/9 2117/2/9 2145/2/9
f 2144/2/9 2143/2/9 2145/2/9
f 2115/1/9 2144/1/9 2146/1/9
f 2144/1/9 2145/1/9 2146/1/9
f 2145/2/9 2117/2/9 2147/2/9
f 2146/1/9 2145/1/9 2147/1/9
f 2115/1/9 2146/1/9 2148/1/9
f 2146/2/9 2147/2/9 2148/2/9
f 2147/2/9 2117/2/9 2149/2/9
f 2148/2/9 2147/2/9 2149/2/9
f 2115/1/9 2148/1/9 2150/1/9
f 2148/1/9 2149/1/9 2150/1/9
f 2149/2/9 2117/2/9 2151/2/9
f 2150/1/9 2149/1/9 2151/1/9
f 2115/1/9 2150/1/9 2152/1/9
f 2150/2/9 2151/2/9 2152/2/9
f 2151/2/9 2117/2/9 2153/2/9
f 2152/2/9 2151/2/9 2153/2/9
f 2115/1/9 2152/1/9 2154/1/9
f 2152/1/9 2153/1/9 2154/1/9
f 2153/2/9 2117/2/9 2155/2/9
f 2154/1/9 2153/1/9 2155/1/9
f 2115/1/9 2154/1/9 2156/1/9
f 2154/2/9 2155/2/9 2156/2/9
f 2155/2/9 2117/2/9 2157/2/9
f 2156/2/9 2155/2/9 2157/2/9
f 2115/1/9 2156/1/9 2158/1/9
f 2156/1/9 2157/1/9 2158/1/9
f 2157/2/9 2117/2/9 2159/2/9
f 2158/1/9 2157/1/9 2159/1/9
f 2159/2/9 2117/2/9 2160/2/9
f 2163/1/10 2162/1/10 2161/1/10
f 2164/1/10 2162/1/10 2163/1/10
f 2165/2/11 2166/2/11 2187/2/11
f 2187/2/11 2166/2/11 2188/2/11
f 2167/2/11 2168/2/11 2189/2/11
f 2189/2/11 2168/2/11 2190/2/11
f 2169/2/11 2170/2/11 2191/2/11
f 2191/2/11 2170/2/11 2192/2/11
f 2171/2/11 2172/2/11 2193/2/11
f 2193/2/11 2172/2/11 2194/2/11
f 2173/2/11 2174/2/11 2195/2/11
f 2195/2/11 2174/2/11 2196/2/11
f 2175/2/11 2176/2/11 2197/2/11
f 2197/2/11 2176/2/11 2198/2/11
f 2177/2/11 2178/2/11 2199/2/11
f 2199/2/11 2178/2/11 2200/2/11
f 2179/2/11 2180/2/11 2201/2/11
f 2201/2/11 2180/2/11 2202/2/11
f 2181/2/11 2182/2/11 2203/2/11
f 2203/2/11 2182/2/11 2204/2/11
f 2183/2/11 2184/2/11 2205/2/11
f 2205/2/11 2184/2/11 2206/2/11
f 2167/2/11 2189/2/11 2208/2/11
f 2208/2/11 2189/2/11 2209/2/11
f 2169/2/11 2191/2/11 2210/2/11
f 2210/2/11 2191/2/11 2211/2/11
f 2171/2/11 2193/2/11 2212/2/11
f 2212/2/11 2193/2/11 2213/2/11
f 2173/2/11 2195/2/11 2214/2/11
f 2214/2/11 2195/2/11 2215/2/11
f 2175/2/11 2197/2/11 2216/2/11
f 2216/2/11 2197/2/11 2217/2/11
f 2177/2/11 2199/2/11 2218/2/12
f 2218/2/12 2199/2/11 2219/2/11
f 2179/2/11 2201/2/11 2220/2/11
f 2220/2/11 2201/2/11 2221/2/11
f 2181/2/11 2203/2/11 2222/2/11
f 2222/2/11 2203/2/11 2223/2/11
f 2183/2/11 2205/2/11 2224/2/11
f 2224/2/11 2205/2/11 2225/2/11
f 2185/2/11 2186/2/11 2226/2/11
f 2224/2/11 2225/2/11 2227/2/11
f 2225/2/11 2226/2/11 2227/2/11
f 2223/2/11 2224/2/11 2227/2/11
f 2222/2/11 2223/2/11 2227/2/11
f 2220/2/11 2221/2/11 2227/2/11
f 2221/2/11 2222/2/11 2227/2/11
f 2218/2/12 2219/2/11 2227/2/11
f 2219/2/11 2220/2/11 2227/2/11
f 2216/2/11 2217/2/11 2227/2/11
f 2217/2/11 2218/2/12 2227/2/11
f 2214/2/11 2215/2/11 2227/2/11
f 2215/2/11 2216/2/11 2227/2/11
f 2212/2/11 2213/2/11 2227/2/11
f 2213/2/11 2214/2/11 2227/2/11
f 2210/2/11 2211/2/11 2227/2/11
f 2211/2/11 2212/2/11 2227/2/11
f 2208/2/11 2209/2/11 2227/2/11
f 2209/2/11 2210/2/11 2227/2/11
f 2207/2/11 2208/2/11 2227/2/11
f 2227/2/11 2226/2/11 2228/2/11
f 2228/2/11 2226/2/11 2229/2/11
f 2229/2/11 2226/2/11 2230/2/11
f 2230/2/11 2226/2/11 2231/2/11
f 2231/2/11 2226/2/11 2232/2/11
f 2232/2/11 2226/2/11 2233/2/11
f 2233/2/11 2226/2/11 2234/2/11
f 2234/2/11 2226/2/11 2235/2/11
f 2235/2/11 2226/2/11 2236/2/11
f 2236/2/11 2226/2/11 2237/2/11
f 2237/2/11 2226/2/11 2238/2/11
f 2238/2/11 2226/2/11 2239/2/11
f 2239/2/11 2226/2/11 2240/2/11
f 2240/2/11 2226/2/11 2241/2/11
f 2241/2/11 2226/2/11 2242/2/11
f 2242/2/11 2226/2/11 2243/2/11
f 2243/2/11 2226/2/11 2244/2/11
f 2244/2/11 2226/2/11 2245/2/11
f 2226/2/11 2186/2/11 2246/2/11
f 2245/2/11 2226/2/11 2246/2/11
f 2207/2/11 2227/2/11 2247/2/11
f 2247/2/11 2227/2/11 2248/2/11
f 2228/2/11 2229/2/11 2249/2/11
f 2249/2/11 2229/2/11 2250/2/11
f 2230/2/11 2231/2/11 2251/2/11
f 2251/2/11 2231/2/11 2252/2/11
f 2232/2/11 2233/2/11 2253/2/11
f 2253/2/11 2233/2/11 2254/2/11
f 2234/2/11 2235/2/11 2255/2/11
f 2255/2/11 2235/2/11 2256/2/11
f 2236/2/11 2237/2/11 2257/2/11
f 2257/2/11 2237/2/11 2258/2/11
f 2238/2/11 2239/2/11 2259/2/11
f 2259/2/11 2239/2/11 2260/2/11
f 2240/2/11 2241/2/11 2261/2/11
f 2261/2/11 2241/2/11 2262/2/11
f 2242/2/11 2243/2/11 2263/2/11
f 2263/2/11 2243/2/11 2264/2/11
f 2244/2/11 2245/2/11 2265/2/11
f 2265/2/11 2245/2/11 2266/2/11
f 2228/2/11 2249/2/11 2268/2/11
f 2268/2/11 2249/2/11 2269/2/11
f 2230/2/11 2251/2/11 2270/2/11
f 2270/2/11 2251/2/11 2271/2/11
f 2232/2/11 2253/2/11 2272/2/11
f 2272/2/11 2253/2/11 2273/2/11
f 2234/2/11 2255/2/11 2274/2/11
f 2274/2/11 2255/2/11 2275/2/11
f 2236/2/11 2257/2/11 2276/2/11
f 2276/2/11 2257/2/11 2277/2/11
f 2238/2/11 2259/2/11 2278/2/12
f 2278/2/12 2259/2/11 2279/2/11
f 2240/2/11 2261/2/11 2280/2/11
f 2280/2/11 2261/2/11 2281/2/11
f 2242/2/11 2263/2/11 2282/2/11
f 2282/2/11 2263/2/11 2283/2/11
f 2244/2/11 2265/2/11 2284/2/11
f 2284/2/11 2265/2/11 2285/2/11
f 2246/2/11 2186/2/11 2286/2/11
f 2284/2/11 2285/2/11 2287/2/11
f 2285/2/11 2286/2/11 2287/2/11
f 2283/2/11 2284/2/11 2287/2/11
f 2282/2/11 2283/2/11 2287/2/11
f 2280/2/11 2281/2/11 2287/2/11
f 2281/2/11 2282/2/11 2287/2/11
f 2278/2/12 2279/2/11 2287/2/11
f 2279/2/11 2280/2/11 2287/2/11
f 2276/2/11 2277/2/11 2287/2/11
f 2277/2/11 2278/2/12 2287/2/11
f 2274/2/11 2275/2/11 2287/2/11
f 2275/2/11 2276/2/11 2287/2/11
f 2272/2/11 2273/2/11 2287/2/11
f 2273/2/11 2274/2/11 2287/2/11
f 2270/2/11 2271/2/11 2287/2/11
f 2271/2/11 2272/2/11 2287/2/11
f 2268/2/11 2269/2/11 2287/2/11
f 2269/2/11 2270/2/11 2287/2/11
f 2267/2/11 2268/2/11 2287/2/11
f 2287/2/11 2286/2/11 2288/2/11
f 2288/2/11 2286/2/11 2289/2/11
f 2289/2/11 2286/2/11 2290/2/11
f 2290/2/11 2286/2/11 2291/2/11
f 2291/2/11 2286/2/11 2292/2/11
f 2292/2/11 2286/2/11 2293/2/11
f 2293/2/11 2286/2/11 2294/2/11
f 2294/2/11 2286/2/11 2295/2/11
f 2295/2/11 2286/2/11 2296/2/11
f 2296/2/11 2286/2/11 2297/2/11
f 2297/2/11 2286/2/11 2298/2/11
f 2298/2/11 2286/2/11 2299/2/11
f 2299/2/11 2286/2/11 2300/2/11
f 2300/2/11 2286/2/11 2301/2/11
f 2301/2/11 2286/2/11 2302/2/11
f 2302/2/11 2286/2/11 2303/2/11
f 2303/2/11 2286/2/11 2304/2/11
f 2304/2/11 2286/2/11 2305/2/11
f 2286/2/11 2186/2/11 2306/2/11
f 2305/2/11 2286/2/11 2306/2/11
f 2267/2/11 2287/2/11 2307/2/11
f 2307/2/11 2287/2/11 2308/2/11
f 2288/2/11 2289/2/11 2309/2/11
f 2309/2/11 2289/2/11 2310/2/11
f 2290/2/11 2291/2/11 2311/2/11
f 2311/2/11 2291/2/11 2312/2/11
f 2292/2/11 2293/2/11 2313/2/11
f 2313/2/11 2293/2/11 2314/2/11
f 2294/2/11 2295/2/11 2315/2/11
f 2315/2/11 2295/2/11 2316/2/11
f 2296/2/11 2297/2/11 2317/2/11
f 2317/2/11 2297/2/11 2318/2/11
f 2298/2/11 2299/2/11 2319/2/11
f 2319/2/11 2299/2/11 2320/2/11
f 2300/2/11 2301/2/11 2321/2/11
f 2321/2/11 2301/2/11 2322/2/11
f 2302/2/11 2303/2/11 2323/2/11
f 2323/2/11 2303/2/11 2324/2/11
f 2304/2/11 2305/2/11 2325/2/11
f 2325/2/11 2305/2/11 2326/2/11
f 2288/2/11 2309/2/11 2328/2/11
f 2328/2/11 2309/2/11 2329/2/11
f 2290/2/11 2311/2/11 2330/2/11
f 2330/2/11 2311/2/11 2331/2/11
f 2292/2/11 2313/2/11 2332/2/11
f 2332/2/11 2313/2/11 2333/2/11
f 2294/2/11 2315/2/11 2334/2/11
f 2334/2/11 2315/2/11 2335/2/11
f 2296/2/11 2317/2/11 2336/2/11
f 2336/2/11 2317/2/11 2337/2/11
f 2298/2/11 2319/2/11 2338/2/12
f 2338/2/12 2319/2/11 2339/2/11
f 2300/2/11 2321/2/11 2340/2/11
f 2340/2/11 2321/2/11 2341/2/11
f 2302/2/11 2323/2/11 2342/2/11
f 2342/2/11 2323/2/11 2343/2/11
f 2304/2/11 2325/2/11 2344/2/11
f 2344/2/11 2325/2/11 2345/2/11
f 2306/2/11 2186/2/11 2346/2/11
f 2344/2/11 2345/2/11 2347/2/11
f 2345/2/11 2346/2/11 2347/2/11
f 2343/2/11 2344/2/11 2347/2/11
f 2342/2/11 2343/2/11 2347/2/11
f 2340/2/11 2341/2/11 2347/2/11
f 2341/2/11 2342/2/11 2347/2/11
f 2338/2/12 2339/2/11 2347/2/11
f 2339/2/11 2340/2/11 2347/2/11
f 2336/2/11 2337/2/11 2347/2/11
f 2337/2/11 2338/2/12 2347/2/11
f 2334/2/11 2335/2/11 2347/2/11
f 2335/2/11 2336/2/11 2347/2/11
f 2332/2/11 2333/2/11 2347/2/11
f 2333/2/11 2334/2/11 2347/2/11
f 2330/2/11 2331/2/11 2347/2/11
f 2331/2/11 2332/2/11 2347/2/11
f 2328/2/11 2329/2/11 2347/2/11
f 2329/2/11 2330/2/11 2347/2/11
f 2327/2/11 2328/2/11 2347/2/11
f 2347/2/11 2346/2/11 2348/2/11
f 2348/2/11 2346/2/11 2349/2/11
f 2349/2/11 2346/2/11 2350/2/11
f 2350/2/11 2346/2/11 2351/2/11
f 2351/2/11 2346/2/11 2352/2/11
f 2352/2/11 2346/2/11 2353/2/11
f 2353/2/11 2346/2/11 2354/2/11
f 2354/2/11 2346/2/11 2355/2/11
f 2355/2/11 2346/2/11 2356/2/11
f 2356/2/11 2346/2/11 2357/2/11
f 2357/2/11 2346/2/11 2358/2/11
f 2358/2/11 2346/2/11 2359/2/11
f 2359/2/11 2346/2/11 2360/2/11
f 2360/2/11 2346/2/11 2361/2/11
f 2361/2/11 2346/2/11 2362/2/11
f 2362/2/11 2346/2/11 2363/2/11
f 2363/2/11 2346/2/11 2364/2/11
f 2364/2/11 2346/2/11 2365/2/11
f 2346/2/11 2186/2/11 2366/2/11
f 2365/2/11 2346/2/11 2366/2/11
f 2327/2/11 2347/2/11 2367/2/11
f 2367/2/11 2347/2/11 2368/2/11
f 2348/2/11 2349/2/11 2369/2/11
f 2369/2/11 2349/2/11 2370/2/11
f 2350/2/11 2351/2/11 2371/2/11
f 2371/2/11 2351/2/11 2372/2/11
f 2352/2/11 2353/2/11 2373/2/11
f 2373/2/11 2353/2/11 2374/2/11
f 2354/2/11 2355/2/11 2375/2/11
f 2375/2/11 2355/2/11 2376/2/11
f 2356/2/11 2357/2/11 2377/2/11
f 2377/2/11 2357/2/11 2378/2/11
f 2358/2/11 2359/2/11 2379/2/11
f 2379/2/11 2359/2/11 2380/2/11
f 2360/2/11 2361/2/11 2381/2/11
f 2381/2/11 2361/2/11 2382/2/11
f 2362/2/11 2363/2/11 2383/2/11
f 2383/2/11 2363/2/11 2384/2/11
f 2364/2/11 2365/2/11 2385/2/11
f 2385/2/11 2365/2/11 2386/2/11
f 2348/2/11 2369/2/11 2388/2/11
f 2388/2/11 2369/2/11 2389/2/11
f 2350/2/11 2371/2/11 2390/2/11
f 2390/2/11 2371/2/11 2391/2/11
f 2352/2/11 2373/2/11 2392/2/11
f 2392/2/11 2373/2/11 2393/2/11
f 2354/2/11 2375/2/11 2394/2/11
f 2394/2/11 2375/2/11 2395/2/11
f 2356/2/11 2377/2/11 2396/2/11
f 2396/2/11 2377/2/11 2397/2/11
f 2358/2/11 2379/2/11 2398/2/12
f 2398/2/12 2379/2/11 2399/2/11
f 2360/2/11 2381/2/11 2400/2/11
f 2400/2/11 2381/2/11 2401/2/11
f 2362/2/11 2383/2/11 2402/2/11
f 2402/2/11 2383/2/11 2403/2/11
f 2364/2/11 2385/2/11 2404/2/11
f 2404/2/11 2385/2/11 2405/2/11
f 2366/2/11 2186/2/11 2406/2/11
f 2404/2/11 2405/2/11 2407/2/11
f 2405/2/11 2406/2/11 2407/2/11
f 2403/2/11 2404/2/11 2407/2/11
f 2402/2/11 2403/2/11 2407/2/11
f 2400/2/11 2401/2/11 2407/2/11
f 2401/2/11 2402/2/11 2407/2/11
f 2398/2/12 2399/2/11 2407/2/11
f 2399/2/11 2400/2/11 2407/2/11
f 2396/2/11 2397/2/11 2407/2/11
f 2397/2/11 2398/2/12 2407/2/11
f 2394/2/11 2395/2/11 2407/2/11
f 2395/2/11 2396/2/11 2407/2/11
f 2392/2/11 2393/2/11 2407/2/11
f 2393/2/11 2394/2/11 2407/2/11
f 2390/2/11 2391/2/11 2407/2/11
f 2391/2/11 2392/2/11 2407/2/11
f 2388/2/11 2389/2/11 2407/2/11
f 2389/2/11 2390/2/11 2407/2/11
f 2387/2/11 2388/2/11 2407/2/11
f 2407/2/11 2406/2/11 2408/2/11
f 2408/2/11 2406/2/11 2409/2/11
f 2409/2/11 2406/2/11 2410/2/11
f 2410/2/11 2406/2/11 2411/2/11
f 2411/2/11 2406/2/11 2412/2/11
f 2412/2/11 2406/2/11 2413/2/11
f 2413/2/11 2406/2/11 2414/2/11
f 2414/2/11 2406/2/11 2415/2/11
f 2415/2/11 2406/2/11 2416/2/11
f 2416/2/11 2406/2/11 2417/2/11
f 2417/2/11 2406/2/11 2418/2/11
f 2418/2/11 2406/2/11 2419/2/11
f 2419/2/11 2406/2/11 2420/2/11
f 2420/2/11 2406/2/11 2421/2/11
f 2421/2/11 2406/2/11 2422/2/11
f 2422/2/11 2406/2/11 2423/2/11
f 2423/2/11 2406/2/11 2424/2/11
f 2424/2/11 2406/2/11 2425/2/11
f 2406/2/11 2186/2/11 2426/2/11
f 2425/2/11 2406/2/11 2426/2/11
f 2387/2/11 2407/2/11 2427/2/11
f 2427/2/11 2407/2/11 2428/2/11
f 2408/2/11 2409/2/11 2429/2/11
f 2429/2/11 2409/2/11 2430/2/11
f 2410/2/11 2411/2/11 2431/2/11
f 2431/2/11 2411/2/11 2432/2/11
f 2412/2/11 2413/2/11 2433/2/11
f 2433/2/11 2413/2/11 2434/2/11
f 2414/2/11 2415/2/11 2435/2/11
f 2435/2/11 2415/2/11 2436/2/11
f 2416/2/11 2417/2/11 2437/2/11
f 2437/2/11 2417/2/11 2438/2/11
f 2418/2/11 2419/2/11 2439/2/11
f 2439/2/11 2419/2/11 2440/2/11
f 2420/2/11 2421/2/11 2441/2/11
f 2441/2/11 2421/2/11 2442/2/11
f 2422/2/11 2423/2/11 2443/2/11
f 2443/2/11 2423/2/11 2444/2/11
f 2424/2/11 2425/2/11 2445/2/11
f 2445/2/11 2425/2/11 2446/2/11
f 2408/2/11 2429/2/11 2448/2/11
f 2448/2/11 2429/2/11 2449/2/11
f 2410/2/11 2431/2/11 2450/2/11
f 2450/2/11 2431/2/11 2451/2/11
f 2412/2/11 2433/2/11 2452/2/11
f 2452/2/11 2433/2/11 2453/2/11
f 2414/2/11 2435/2/11 2454/2/11
f 2454/2/11 2435/2/11 2455/2/11
f 2416/2/11 2437/2/11 2456/2/11
f 2456/2/11 2437/2/11 2457/2/11
f 2418/2/11 2439/2/11 2458/2/12
f 2458/2/12 2439/2/11 2459/2/11
f 2420/2/11 2441/2/11 2460/2/11
f 2460/2/11 2441/2/11 2461/2/11
f 2422/2/11 2443/2/11 2462/2/11
f 2462/2/11 2443/2/11 2463/2/11
f 2424/2/11 2445/2/11 2464/2/11
f 2464/2/11 2445/2/11 2465/2/11
f 2426/2/11 2186/2/11 2466/2/11
f 2464/2/11 2465/2/11 2467/2/11
f 2465/2/11 2466/2/11 2467/2/11
f 2463/2/11 2464/2/11 2467/2/11
f 2462/2/11 2463/2/11 2467/2/11
f 2460/2/11 2461/2/11 2467/2/11
f 2461/2/11 2462/2/11 2467/2/11
f 2458/2/12 2459/2/11 2467/2/11
f 2459/2/11 2460/2/11 2467/2/11
f 2456/2/11 2457/2/11 2467/2/11
f 2457/2/11 2458/2/12 2467/2/11
f 2454/2/11 2455/2/11 2467/2/11
f 2455/2/11 2456/2/11 2467/2/11
f 2452/2/11 2453/2/11 2467/2/11
f 2453/2/11 2454/2/11 2467/2/11
f 2450/2/11 2451/2/11 2467/2/11
f 2451/2/11 2452/2/11 2467/2/11
f 2448/2/11 2449/2/11 2467/2/11
f 2449/2/11 2450/2/11 2467/2/11
f 2447/2/11 2448/2/11 2467/2/11
f 2467/2/11 2466/2/11 2468/2/11
f 2468/2/11 2466/2/11 2469/2/11
f 2469/2/11 2466/2/11 2470/2/11
f 2470/2/11 2466/2/11 2471/2/11
f 2471/2/11 2466/2/11 2472/2/11
f 2472/2/11 2466/2/11 2473/2/11
f 2473/2/11 2466/2/11 2474/2/11
f 2474/2/11 2466/2/11 2475/2/11
f 2475/2/11 2466/2/11 2476/2/11
f 2476/2/11 2466/2/11 2477/2/11
f 2477/2/11 2466/2/11 2478/2/11
f 2478/2/11 2466/2/11 2479/2/11
f 2479/2/11 2466/2/11 2480/2/11
f 2480/2/11 2466/2/11 2481/2/11
f 2481/2/11 2466/2/11 2482/2/11
f 2482/2/11 2466/2/11 2483/2/11
f 2483/2/11 2466/2/11 2484/2/11
f 2484/2/11 2466/2/11 2485/2/11
f 2466/2/11 2186/2/11 2486/2/11
f 2485/2/11 2466/2/11 2486/2/11
f 2447/2/11 2467/2/11 2487/2/11
f 2487/2/11 2467/2/11 2488/2/11
f 2468/2/11 2469/2/11 2489/2/11
f 2489/2/11 2469/2/11 2490/2/11
f 2470/2/11 2471/2/11 2491/2/11
f 2491/2/11 2471/2/11 2492/2/11
f 2472/2/11 2473/2/11 2493/2/11
f 2493/2/11 2473/2/11 2494/2/11
f 2474/2/11 2475/2/11 2495/2/11
f 2495/2/11 2475/2/11 2496/2/11
f 2476/2/11 2477/2/11 2497/2/11
f 2497/2/11 2477/2/11 2498/2/11
f 2478/2/11 2479/2/11 2499/2/11
f 2499/2/11 2479/2/11 2500/2/11
f 2480/2/11 2481/2/11 2501/2/11
f 2501/2/11 2481/2/11 2502/2/11
f 2482/2/11 2483/2/11 2503/2/11
f 2503/2/11 2483/2/11 2504/2/11
f 2484/2/11 2485/2/11 2505/2/11
f 2505/2/11 2485/2/11 2506/2/11
f 2468/2/11 2489/2/11 2508/2/11
f 2508/2/11 2489/2/11 2509/2/11
f 2470/2/11 2491/2/11 2510/2/11
f 2510/2/11 2491/2/11 2511/2/11
f 2472/2/11 2493/2/11 2512/2/11
f 2512/2/11 2493/2/11 2513/2/11
f 2474/2/11 2495/2/11 2514/2/11
f 2514/2/11 2495/2/11 2515/2/11
f 2476/2/11 2497/2/11 2516/2/11
f 2516/2/11 2497/2/11 2517/2/11
f 2478/2/11 2499/2/11 2518/2/11
f 2518/2/11 2499/2/11 2519/2/11
f 2480/2/11 2501/2/11 2520/2/12
f 2520/2/12 2501/2/11 2521/2/11
f 2482/2/11 2503/2/11 2522/2/12
f 2522/2/12 2503/2/11 2523/2/11
f 2484/2/11 2505/2/11 2524/2/13
f 2524/2/13 2505/2/11 2525/2/11
f 2486/2/11 2186/2/11 2526/2/11
f 2524/2/13 2525/2/11 2527/2/11
f 2525/2/11 2526/2/11 2527/2/11
f 2523/2/11 2524/2/13 2527/2/11
f 2522/2/12 2523/2/11 2527/2/11
f 2520/2/12 2521/2/11 2527/2/11
f 2521/2/11 2522/2/12 2527/2/11
f 2518/2/11 2519/2/11 2527/2/11
f 2519/2/11 2520/2/12 2527/2/11
f 2516/2/11 2517/2/11 2527/2/11
f 2517/2/11 2518/2/11 2527/2/11
f 2514/2/11 2515/2/11 2527/2/11
f 2515/2/11 2516/2/11 2527/2/11
f 2512/2/11 2513/2/11 2527/2/11
f 2513/2/11 2514/2/11 2527/2/11
f 2510/2/11 2511/2/11 2527/2/11
f 2511/2/11 2512/2/11 2527/2/11
f 2508/2/11 2509/2/11 2527/2/11
f 2509/2/11 2510/2/11 2527/2/11
f 2507/2/11 2508/2/11 2527/2/11
f 2526/2/11 2186/2/11 2528/2/11
f 2527/2/11 2526/2/11 2528/2/11
f 2529/1/11 2530/1/11 2550/1/11
f 2550/1/11 2530/1/11 2551/1/11
f 2531/1/11 2532/1/11 2553/1/11
f 2553/1/11 2532/1/11 2554/1/11
f 2533/1/11 2534/1/11 2556/1/11
f 2556/1/11 2534/1/11 2557/1/11
f 2535/1/11 2536/1/11 2559/1/11
f 2559/1/11 2536/1/11 2560/1/11
f 2537/1/11 2538/1/11 2562/1/11
f 2562/1/11 2538/1/11 2563/1/11
f 2539/1/11 2540/1/11 2565/1/11
f 2565/1/11 2540/1/11 2566/1/11
f 2541/1/11 2542/1/11 2568/1/11
f 2568/1/11 2542/1/11 2569/1/11
f 2543/1/11 2544/1/11 2571/1/11
f 2571/1/11 2544/1/11 2572/1/11
f 2545/1/11 2546/1/11 2574/1/11
f 2574/1/11 2546/1/11 2575/1/11
f 2547/1/11 2548/1/11 2577/1/11
f 2577/1/11 2548/1/11 2578/1/11
f 2549/1/11 2550/1/11 2579/1/11
f 2579/1/11 2550/1/11 2580/1/11
f 2552/1/11 2553/1/11 2581/1/11
f 2581/1/11 2553/1/11 2582/1/11
f 2555/1/11 2556/1/11 2583/1/11
f 2583/1/11 2556/1/11 2584/1/11
f 2558/1/11 2559/1/11 2585/1/11
f 2585/1/11 2559/1/11 2586/1/11
f 2561/1/11 2562/1/11 2587/1/11
f 2587/1/11 2562/1/11 2588/1/11
f 2564/1/11 2565/1/11 2589/1/11
f 2589/1/11 2565/1/11 2590/1/11
f 2567/1/11 2568/1/11 2591/1/11
f 2591/1/11 2568/1/11 2592/1/11
f 2570/1/11 2571/1/11 2593/1/11
f 2593/1/11 2571/1/11 2594/1/11
f 2573/1/11 2574/1/11 2595/1/11
f 2595/1/11 2574/1/11 2596/1/11
f 2576/1/11 2577/1/11 2597/1/11
f 2597/1/11 2577/1/11 2598/1/11
f 2599/1/11 2600/1/11 2620/1/11
f 2620/1/11 2600/1/11 2621/1/11
f 2601/1/11 2602/1/11 2623/1/11
f 2623/1/11 2602/1/11 2624/1/11
f 2603/1/11 2604/1/11 2626/1/11
f 2626/1/11 2604/1/11 2627/1/11
f 2605/1/11 2606/1/11 2629/1/11
f 2629/1/11 2606/1/11 2630/1/11
f 2607/1/11 2608/1/11 2632/1/11
f 2632/1/11 2608/1/11 2633/1/11
f 2609/1/11 2610/1/11 2635/1/11
f 2635/1/11 2610/1/11 2636/1/11
f 2611/1/11 2612/1/11 2638/1/11
f 2638/1/11 2612/1/11 2639/1/11
f 2613/1/11 2614/1/11 2641/1/11
f 2641/1/11 2614/1/11 2642/1/11
f 2615/1/11 2616/1/11 2644/1/11
f 2644/1/11 2616/1/11 2645/1/11
f 2617/1/11 2618/1/11 2647/1/11
f 2647/1/11 2618/1/11 2648/1/11
f 2619/1/11 2620/1/11 2649/1/11
f 2649/1/11 2620/1/11 2650/1/11
f 2622/1/11 2623/1/11 2651/1/11
f 2651/1/11 2623/1/11 2652/1/11
f 2625/1/11 2626/1/11 2653/1/11
f 2653/1/11 2626/1/11 2654/1/11
f 2628/1/11 2629/1/11 2655/1/11
f 2655/1/11 2629/1/11 2656/1/11
f 2631/1/11 2632/1/11 2657/1/11
f 2657/1/11 2632/1/11 2658/1/11
f 2634/1/11 2635/1/11 2659/1/11
f 2659/1/11 2635/1/11 2660/1/11
f 2637/1/11 2638/1/11 2661/1/11
f 2661/1/11 2638/1/11 2662/1/11
f 2640/1/11 2641/1/11 2663/1/11
f 2663/1/11 2641/1/11 2664/1/11
f 2643/1/11 2644/1/11 2665/1/11
f 2665/1/11 2644/1/11 2666/1/11
f 2646/1/11 2647/1/11 2667/1/11
f 2667/1/11 2647/1/11 2668/1/11
f 2669/1/11 2670/1/11 2690/1/11
f 2690/1/11 2670/1/11 2691/1/11
f 2671/1/11 2672/1/11 2693/1/11
f 2693/1/11 2672/1/11 2694/1/11
f 2673/1/11 2674/1/11 2696/1/11
f 2696/1/11 2674/1/11 2697/1/11
f 2675/1/11 2676/1/11 2699/1/11
f 2699/1/11 2676/1/11 2700/1/11
f 2677/1/11 2678/1/11 2702/1/11
f 2702/1/11 2678/1/11 2703/1/11
f 2679/1/11 2680/1/11 2705/1/11
f 2705/1/11 2680/1/11 2706/1/11
f 2681/1/11 2682/1/11 2708/1/11
f 2708/1/11 2682/1/11 2709/1/11
f 2683/1/11 2684/1/11 2711/1/11
f 2711/1/11 2684/1/11 2712/1/11
f 2685/1/11 2686/1/11 2714/1/11
f 2714/1/11 2686/1/11 2715/1/11
f 2687/1/11 2688/1/11 2717/1/11
f 2717/1/11 2688/1/11 2718/1/11
f 2689/1/11 2690/1/11 2719/1/11
f 2719/1/11 2690/1/11 2720/1/11
f 2692/1/11 2693/1/11 2721/1/11
f 2721/1/11 2693/1/11 2722/1/11
f 2695/1/11 2696/1/11 2723/1/11
f 2723/1/11 2696/1/11 2724/1/11
f 2698/1/11 2699/1/11 2725/1/11
f 2725/1/11 2699/1/11 2726/1/11
f 2701/1/11 2702/1/11 2727/1/11
f 2727/1/11 2702/1/11 2728/1/11
f 2704/1/11 2705/1/11 2729/1/11
f 2729/1/11 2705/1/11 2730/1/11
f 2707/1/11 2708/1/11 2731/1/11
f 2731/1/11 2708/1/11 2732/1/11
f 2710/1/11 2711/1/11 2733/1/11
f 2733/1/11 2711/1/11 2734/1/11
f 2713/1/11 2714/1/11 2735/1/11
f 2735/1/11 2714/1/11 2736/1/11
f 2716/1/11 2717/1/11 2737/1/11
f 2737/1/11 2717/1/11 2738/1/11
f 2739/1/11 2740/1/11 2760/1/11
f 2760/1/11 2740/1/11 2761/1/11
f 2741/1/11 2742/1/11 2763/1/11
f 2763/1/11 2742/1/11 2764/1/11
f 2743/1/11 2744/1/11 2766/1/11
f 2766/1/11 2744/1/11 2767/1/11
f 2745/1/11 2746/1/11 2769/1/11
f 2769/1/11 2746/1/11 2770/1/11
f 2747/1/11 2748/1/11 2772/1/11
f 2772/1/11 2748/1/11 2773/1/11
f 2749/1/11 2750/1/11 2775/1/11
f 2775/1/11 2750/1/11 2776/1/11
f 2751/1/11 2752/1/11 2778/1/11
f 2778/1/11 2752/1/11 2779/1/11
f 2753/1/11 2754/1/11 2781/1/11
f 2781/1/11 2754/1/11 2782/1/11
f 2755/1/11 2756/1/11 2784/1/11
f 2784/1/11 2756/1/11 2785/1/11
f 2757/1/11 2758/1/11 2787/1/11
f 2787/1/11 2758/1/11 2788/1/11
f 2759/1/11 2760/1/11 2789/1/11
f 2789/1/11 2760/1/11 2790/1/11
f 2762/1/11 2763/1/11 2791/1/11
f 2791/1/11 2763/1/11 2792/1/11
f 2765/1/11 2766/1/11 2793/1/11
f 2793/1/11 2766/1/11 2794/1/11
f 2768/1/11 2769/1/11 2795/1/11
f 2795/1/11 2769/1/11 2796/1/11
f 2771/1/11 2772/1/11 2797/1/11
f 2797/1/11 2772/1/11 2798/1/11
f 2774/1/11 2775/1/11 2799/1/11
f 2799/1/11 2775/1/11 2800/1/11
f 2777/1/11 2778/1/11 2801/1/11
f 2801/1/11 2778/1/11 2802/1/11
f 2780/1/11 2781/1/11 2803/1/11
f 2803/1/11 2781/1/11 2804/1/11
f 2783/1/11 2784/1/11 2805/1/11
f 2805/1/11 2784/1/11 2806/1/11
f 2786/1/11 2787/1/11 2807/1/11
f 2807/1/11 2787/1/11 2808/1/11
f 2809/1/11 2810/1/11 2830/1/11
f 2830/1/11 2810/1/11 2831/1/11
f 2811/1/11 2812/1/11 2833/1/11
f 2833/1/11 2812/1/11 2834/1/11
f 2813/1/11 2814/1/11 2836/1/11
f 2836/1/11 2814/1/11 2837/1/11
f 2815/1/11 2816/1/11 2839/1/11
f 2839/1/11 2816/1/11 2840/1/11
f 2817/1/11 2818/1/11 2842/1/11
f 2842/1/11 2818/1/11 2843/1/11
f 2819/1/11 2820/1/11 2845/1/11
f 2845/1/11 2820/1/11 2846/1/11
f 2821/1/11 2822/1/11 2848/1/11
f 2848/1/11 2822/1/11 2849/1/11
f 2823/1/11 2824/1/11 2851/1/11
f 2851/1/11 2824/1/11 2852/1/11
f 2825/1/11 2826/1/11 2854/1/11
f 2854/1/11 2826/1/11 2855/1/11
f 2827/1/11 2828/1/11 2857/1/11
f 2857/1/11 2828/1/11 2858/1/11
f 2829/1/11 2830/1/11 2859/1/11
f 2859/1/11 2830/1/11 2860/1/11
f 2832/1/11 2833/1/11 2861/1/11
f 2861/1/11 2833/1/11 2862/1/11
f 2835/1/11 2836/1/11 2863/1/11
f 2863/1/11 2836/1/11 2864/1/11
f 2838/1/11 2839/1/11 2865/1/11
f 2865/1/11 2839/1/11 2866/1/11
f 2841/1/11 2842/1/11 2867/1/11
f 2867/1/11 2842/1/11 2868/1/11
f 2844/1/11 2845/1/11 2869/1/11
f 2869/1/11 2845/1/11 2870/1/11
f 2847/1/11 2848/1/11 2871/1/11
f 2871/1/11 2848/1/11 2872/1/11
f 2850/1/11 2851/1/11 2873/1/11
f 2873/1/11 2851/1/11 2874/1/11
f 2853/1/11 2854/1/11 2875/1/11
f 2875/1/11 2854/1/11 2876/1/11
f 2856/1/11 2857/1/11 2877/1/11
f 2877/1/11 2857/1/11 2878/1/11
f 2879/1/11 2880/1/11 2900/1/11
f 2900/1/11 2880/1/11 2901/1/11
f 2881/1/11 2882/1/11 2903/1/11
f 2903/1/11 2882/1/11 2904/1/11
f 2883/1/11 2884/1/11 2906/1/11
f 2906/1/11 2884/1/11 2907/1/11
f 2885/1/11 2886/1/11 2909/1/11
f 2909/1/11 2886/1/11 2910/1/11
f 2887/1/11 2888/1/11 2912/1/11
f 2912/1/11 2888/1/11 2913/1/11
f 2889/1/11 2890/1/11 2915/1/11
f 2915/1/11 2890/1/11 2916/1/11
f 2891/1/11 2892/1/11 2918/1/11
f 2918/1/11 2892/1/11 2919/1/11
f 2893/1/11 2894/1/11 2921/1/11
f 2921/1/11 2894/1/11 2922/1/11
f 2895/1/11 2896/1/11 2924/1/11
f 2924/1/11 2896/1/11 2925/1/11
f 2897/1/11 2898/1/11 2927/1/11
f 2927/1/11 2898/1/11 2928/1/11
f 2899/1/11 2900/1/11 2929/1/11
f 2929/1/11 2900/1/11 2930/1/11
f 2902/1/11 2903/1/11 2931/1/11
f 2931/1/11 2903/1/11 2932/1/11
f 2905/1/11 2906/1/11 2933/1/11
f 2933/1/11 2906/1/11 2934/1/11
f 2908/1/11 2909/1/11 2935/1/11
f 2935/1/11 2909/1/11 2936/1/11
f 2911/1/11 2912/1/11 2937/1/11
f 2937/1/11 2912/1/11 2938/1/11
f 2914/1/11 2915/1/11 2939/1/11
f 2939/1/11 2915/1/11 2940/1/11
f 2917/1/11 2918/1/11 2941/1/11
f 2941/1/11 2918/1/11 2942/1/11
f 2920/1/11 2921/1/11 2943/1/11
f 2943/1/11 2921/1/11 2944/1/11
f 2923/1/11 2924/1/11 2945/1/11
f 2945/1/11 2924/1/11 2946/1/11
f 2926/1/11 2927/1/11 2947/1/11
f 2947/1/11 2927/1/11 2948/1/11
f 2949/1/11 2950/1/11 2969/1/11
f 2969/1/11 2950/1/11 2970/1/11
f 2951/1/11 2952/1/11 2971/1/11
f 2971/1/11 2952/1/11 2972/1/11
f 2953/1/11 2954/1/11 2973/1/11
f 2973/1/11 2954/1/11 2974/1/11
f 2955/1/11 2956/1/11 2975/1/11
f 2975/1/11 2956/1/11 2976/1/11
f 2957/1/11 2958/1/11 2977/1/11
f 2977/1/11 2958/1/11 2978/1/11
f 2959/1/11 2960/1/11 2979/1/11
f 2979/1/11 2960/1/11 2980/1/11
f 2961/1/11 2962/1/11 2981/1/11
f 2981/1/11 2962/1/11 2982/1/11
f 2963/1/11 2964/1/11 2983/1/11
f 2983/1/11 2964/1/11 2984/1/11
f 2965/1/11 2966/1/11 2985/1/11
f 2985/1/11 2966/1/11 2986/1/11
f 2967/1/11 2968/1/11 2987/1/11
f 2987/1/11 2968/1/11 2988/1/11
f 2989/1/11 2990/1/11 3009/1/11
f 3009/1/11 2990/1/11 3010/1/11
f 2991/1/11 2992/1/11 3011/1/11
f 3011/1/11 2992/1/11 3012/1/11
f 2993/1/11 2994/1/11 3013/1/11
f 3013/1/11 2994/1/11 3014/1/11
f 2995/1/11 2996/1/11 3015/1/11
f 3015/1/11 2996/1/11 3016/1/11
f 2997/1/11 2998/1/11 3017/1/11
f 3017/1/11 2998/1/11 3018/1/11
f 2999/1/11 3000/1/11 3019/1/11
f 3019/1/11 3000/1/11 3020/1/11
f 3001/1/11 3002/1/11 3021/1/11
f 3021/1/11 3002/1/11 3022/1/11
f 3003/1/11 3004/1/11 3023/1/11
f 3023/1/11 3004/1/11 3024/1/11
f 3005/1/11 3006/1/11 3025/1/11
f 3025/1/11 3006/1/11 3026/1/11
f 3007/1/11 3008/1/11 3027/1/11
f 3027/1/11 3008/1/11 3028/1/11
f 3029/1/11 3030/1/11 3049/1/11
f 3049/1/11 3030/1/11 3050/1/11
f 3031/1/11 3032/1/11 3051/1/11
f 3051/1/11 3032/1/11 3052/1/11
f 3033/1/11 3034/1/11 3053/1/11
f 3053/1/11 3034/1/11 3054/1/11
f 3035/1/11 3036/1/11 3055/1/11
f 3055/1/11 3036/1/11 3056/1/11
f 3037/1/11 3038/1/11 3057/1/11
f 3057/1/11 3038/1/11 3058/1/11
f 3039/1/11 3040/1/11 3059/1/11
f 3059/1/11 3040/1/11 3060/1/11
f 3041/1/11 3042/1/11 3061/1/11
f 3061/1/11 3042/1/11 3062/1/11
f 3043/1/11 3044/1/11 3063/1/11
f 3063/1/11 3044/1/11 3064/1/11
f 3045/1/11 3046/1/11 3065/1/11
f 3065/1/11 3046/1/11 3066/1/11
f 3047/1/11 3048/1/11 3067/1/11
f 3067/1/11 3048/1/11 3068/1/11
f 3069/1/11 3070/1/11 3089/1/11
f 3089/1/11 3070/1/11 3090/1/11
f 3071/1/11 3072/1/11 3091/1/11
f 3091/1/11 3072/1/11 3092/1/11
f 3073/1/11 3074/1/11 3093/1/11
f 3093/1/11 3074/1/11 3094/1/11
f 3075/1/11 3076/1/11 3095/1/11
f 3095/1/11 3076/1/11 3096/1/11
f 3077/1/11 3078/1/11 3097/1/11
f 3097/1/11 3078/1/11 3098/1/11
f 3079/1/11 3080/1/11 3099/1/11
f 3099/1/11 3080/1/11 3100/1/11
f 3081/1/11 3082/1/11 3101/1/11
f 3101/1/11 3082/1/11 3102/1/11
f 3083/1/11 3084/1/11 3103/1/11
f 3103/1/11 3084/1/11 3104/1/11
f 3085/1/11 3086/1/11 3105/1/11
f 3105/1/11 3086/1/11 3106/1/11
f 3087/1/11 3088/1/11 3107/1/11
f 3107/1/11 3088/1/11 3108/1/11
f 3109/1/11 3110/1/11 3129/1/11
f 3129/1/11 3110/1/11 3130/1/11
f 3111/1/11 3112/1/11 3131/1/11
f 3131/1/11 3112/1/11 3132/1/11
f 3113/1/11 3114/1/11 3133/1/11
f 3133/1/11 3114/1/11 3134/1/11
f 3115/1/11 3116/1/11 3135/1/11
f 3135/1/11 3116/1/11 3136/1/11
f 3117/1/11 3118/1/11 3137/1/11
f 3137/1/11 3118/1/11 3138/1/11
f 3119/1/11 3120/1/11 3139/1/11
f 3139/1/11 3120/1/11 3140/1/11
f 3121/1/11 3122/1/11 3141/1/11
f 3141/1/11 3122/1/11 3142/1/11
f 3123/1/11 3124/1/11 3143/1/11
f 3143/1/11 3124/1/11 3144/1/11
f 3125/1/11 3126/1/11 3145/1/11
f 3145/1/11 3126/1/11 3146/1/11
f 3127/1/11 3128/1/11 3147/1/11
f 3147/1/11 3128/1/11 3148/1/11
f 3149/1/11 3150/1/11 3169/1/11
f 3169/1/11 3150/1/11 3170/1/11
f 3151/1/11 3152/1/11 3171/1/11
f 3171/1/11 3152/1/11 3172/1/11
f 3153/1/11 3154/1/11 3173/1/11
f 3173/1/11 3154/1/11 3174/1/11
f 3155/1/11 3156/1/11 3175/1/11
f 3175/1/11 3156/1/11 3176/1/11
f 3157/1/11 3158/1/11 3177/1/11
f 3177/1/11 3158/1/11 3178/1/11
f 3159/1/11 3160/1/11 3179/1/11
f 3179/1/11 3160/1/11 3180/1/11
f 3161/1/11 3162/1/11 3181/1/11
f 3181/1/11 3162/1/11 3182/1/11
f 3163/1/11 3164/1/11 3183/1/11
f 3183/1/11 3164/1/11 3184/1/11
f 3165/1/11 3166/1/11 3185/1/11
f 3185/1/11 3166/1/11 3186/1/11
f 3167/1/11 3168/1/11 3187/1/11
f 3187/1/11 3168/1/11 3188/1/11
o Untitled.001
v 4.400000 0.000000 1.600000
v 4.400000 -0.000001 -10.400000
v 4.400000 0.300000 1.600000
v 4.400000 0.300000 1.500000
v 4.400000 0.300000 -0.300000
v 4.400000 0.300000 -0.500000
v 4.400000 0.300000 -2.300000
v 4.400000 0.300000 -2.500000
v 4.400000 0.300000 -4.300000
v 4.400000 0.300000 -4.500000
v 4.400000 0.300000 -6.300000
v 4.400000 0.300000 -6.500000
v 4.400000 0.299999 -8.300000
v 4.400000 0.299999 -8.500000
v 4.400000 0.299999 -10.300000
v 4.400000 0.299999 -10.400000
v 4.400000 0.400000 1.600000
v 4.400000 0.400000 1.500000
v 4.400000 0.400000 -0.300000
v 4.400000 0.400000 -0.500000
v 4.400000 0.400000 -2.300000
v 4.400000 0.400000 -2.500000
v 4.400000 0.400000 -4.300000
v 4.400000 0.400000 -4.500000
v 4.400000 0.400000 -6.300000
v 4.400000 0.400000 -6.500000
v 4.400000 0.399999 -8.300000
v 4.400000 0.399999 -8.500000
v 4.400000 0.399999 -10.300000
v 4.400000 0.399999 -10.400000
v 4.400000 0.500000 1.500000
v 4.400000 0.500000 -0.300000
v 4.400000 0.500000 -0.500000
v 4.400000 0.500000 -2.300000
v 4.400000 0.500000 -2.500000
v 4.400000 0.500000 -4.300000
v 4.400000 0.500000 -4.500000
v 4.400000 0.500000 -6.300000
v 4.400000 0.500000 -6.500000
v 4.400000 0.499999 -8.300000
v 4.400000 0.499999 -8.500000
v 4.400000 0.499999 -10.300000
v 4.500000 0.400000 1.600000
v 4.500000 0.400000 1.500000
v 4.500000 0.400000 -0.400000
v 4.500000 0.400000 -0.500000
v 4.500000 0.400000 -2.400000
v 4.500000 0.400000 -2.500000
v 4.500000 0.400000 -4.400000
v 4.500000 0.400000 -4.500000
v 4.500000 0.400000 -6.400000
v 4.500000 0.400000 -6.500000
v 4.500000 0.399999 -8.400000
v 4.500000 0.399999 -8.500000
v 4.500000 0.500000 1.600000
v 4.500000 0.500000 1.500000
v 4.500000 0.500000 -0.300000
v 4.500000 0.500000 -0.400000
v 4.500000 0.500000 -0.500000
v 4.500000 0.500000 -2.300000
v 4.500000 0.500000 -2.400000
v 4.500000 0.500000 -2.500000
v 4.500000 0.500000 -4.300000
v 4.500000 0.500000 -4.400000
v 4.500000 0.500000 -4.500000
v 4.500000 0.500000 -6.300000
v 4.500000 0.500000 -6.400000
v 4.500000 0.500000 -6.500000
v 4.500000 0.499999 -8.300000
v 4.500000 0.499999 -8.400000
v 4.500000 0.499999 -8.500000
v 4.500000 0.499999 -10.300000
v 4.500000 0.600000 1.500000
v 4.500000 0.600000 -0.300000
v 4.500000 0.600000 -0.500000
v 4.500000 0.600000 -2.300000
v 4.500000 0.600000 -2.500000
v 4.500000 0.600000 -4.300000
v 4.500000 0.600000 -4.500000
v 4.500000 0.600000 -6.300000
v 4.500000 0.600000 -6.500000
v 4.500000 0.599999 -8.300000
v 4.500000 0.599999 -8.500000
v 4.500000 0.599999 -10.300000
v 6.400000 0.400000 1.500000
v 6.400000 0.400000 -0.300000
v 6.400000 0.400000 -0.500000
v 6.400000 0.400000 -2.300000
v 6.400000 0.400000 -2.500000
v 6.400000 0.400000 -4.300000
v 6.400000 0.400000 -4.500000
v 6.400000 0.400000 -6.300000
v 6.400000 0.400000 -6.500000
v 6.400000 0.399999 -8.300000
v 6.400000 0.399999 -8.500000
v 6.400000 0.399999 -10.300000
v 6.400000 0.500000 1.500000
v 6.400000 0.500000 -0.300000
v 6.400000 0.500000 -0.500000
v 6.400000 0.500000 -2.300000
v 6.400000 0.500000 -2.500000
v 6.400000 0.500000 -4.300000
v 6.400000 0.500000 -4.500000
v 6.400000 0.500000 -6.300000
v 6.400000 0.500000 -6.500000
v 6.400000 0.499999 -8.300000
v 6.400000 0.499999 -8.500000
v 6.400000 0.499999 -10.300000
v 6.500000 0.400000 1.600000
v 6.500000 0.400000 1.500000
v 6.500000 0.400000 -0.400000
v 6.500000 0.400000 -0.500000
v 6.500000 0.400000 -2.400000
v 6.500000 0.400000 -2.500000
v 6.500000 0.400000 -4.400000
v 6.500000 0.400000 -4.500000
v 6.500000 0.400000 -6.400000
v 6.500000 0.400000 -6.500000
v 6.500000 0.399999 -8.400000
v 6.500000 0.399999 -8.500000
v 6.500000 0.500000 1.600000
v 6.500000 0.500000 1.500000
v 6.500000 0.500000 -0.300000
v 6.500000 0.500000 -0.400000
v 6.500000 0.500000 -0.500000
v 6.500000 0.500000 -2.300000
v 6.500000 0.500000 -2.400000
v 6.500000 0.500000 -2.500000
v 6.500000 0.500000 -4.300000
v 6.500000 0.500000 -4.400000
v 6.500000 0.500000 -4.500000
v 6.500000 0.500000 -6.300000
v 6.500000 0.500000 -6.400000
v 6.500000 0.500000 -6.500000
v 6.500000 0.499999 -8.300000
v 6.500000 0.499999 -8.400000
v 6.500000 0.499999 -8.500000
v 6.500000 0.499999 -10.300000
v 6.500000 0.600000 1.500000
v 6.500000 0.600000 -0.300000
v 6.500000 0.600000 -0.500000
v 6.500000 0.600000 -2.300000
v 6.500000 0.600000 -2.500000
v 6.500000 0.600000 -4.300000
v 6.500000 0.600000 -4.500000
v 6.500000 0.600000 -6.300000
v 6.500000 0.600000 -6.500000
v 6.500000 0.599999 -8.300000
v 6.500000 0.599999 -8.500000
v 6.500000 0.599999 -10.300000
v 8.400000 0.400000 1.500000
v 8.400000 0.400000 -0.300000
v 8.400000 0.400000 -0.500000
v 8.400000 0.400000 -2.300000
v 8.400000 0.400000 -2.500000
v 8.400000 0.400000 -4.300000
v 8.400000 0.400000 -4.500000
v 8.400000 0.400000 -6.300000
v 8.400000 0.400000 -6.500000
v 8.400000 0.399999 -8.300000
v 8.400000 0.399999 -8.500000
v 8.400000 0.399999 -10.300000
v 8.400000 0.500000 1.500000
v 8.400000 0.500000 -0.300000
v 8.400000 0.500000 -0.500000
v 8.400000 0.500000 -2.300000
v 8.400000 0.500000 -2.500000
v 8.400000 0.500000 -4.300000
v 8.400000 0.500000 -4.500000
v 8.400000 0.500000 -6.300000
v 8.400000 0.500000 -6.500000
v 8.400000 0.499999 -8.300000
v 8.400000 0.499999 -8.500000
v 8.400000 0.499999 -10.300000
v 8.500000 0.400000 1.600000
v 8.500000 0.400000 1.500000
v 8.500000 0.400000 -0.400000
v 8.500000 0.400000 -0.500000
v 8.500000 0.400000 -2.400000
v 8.500000 0.400000 -2.500000
v 8.500000 0.400000 -4.400000
v 8.500000 0.400000 -4.500000
v 8.500000 0.400000 -6.400000
v 8.500000 0.400000 -6.500000
v 8.500000 0.399999 -8.400000
v 8.500000 0.399999 -8.500000
v 8.500000 0.500000 1.600000
v 8.500000 0.500000 1.500000
v 8.500000 0.500000 -0.300000
v 8.500000 0.500000 -0.400000
v 8.500000 0.500000 -0.500000
v 8.500000 0.500000 -2.300000
v 8.500000 0.500000 -2.400000
v 8.500000 0.500000 -2.500000
v 8.500000 0.500000 -4.300000
v 8.500000 0.500000 -4.400000
v 8.500000 0.500000 -4.500000
v 8.500000 0.500000 -6.300000
v 8.500000 0.500000 -6.400000
v 8.500000 0.500000 -6.500000
v 8.500000 0.499999 -8.300000
v 8.500000 0.499999 -8.400000
v 8.500000 0.499999 -8.500000
v 8.500000 0.499999 -10.300000
v 8.500000 0.600000 1.500000
v 8.500000 0.600000 -0.300000
v 8.500000 0.600000 -0.500000
v 8.500000 0.600000 -2.300000
v 8.500000 0.600000 -2.500000
v 8.500000 0.600000 -4.300000
v 8.500000 0.600000 -4.500000
v 8.500000 0.600000 -6.300000
v 8.500000 0.600000 -6.500000
v 8.500000 0.599999 -8.300000
v 8.500000 0.599999 -8.500000
v 8.500000 0.599999 -10.300000
v 10.400000 0.400000 1.500000
v 10.400000 0.400000 -0.300000
v 10.400000 0.400000 -0.500000
v 10.400000 0.400000 -2.300000
v 10.400000 0.400000 -2.500000
v 10.400000 0.400000 -4.300000
v 10.400000 0.400000 -4.500000
v 10.400000 0.400000 -6.300000
v 10.400000 0.400000 -6.500000
v 10.400000 0.399999 -8.300000
v 10.400000 0.399999 -8.500000
v 10.400000 0.399999 -10.300000
v 10.400000 0.500000 1.500000
v 10.400000 0.500000 -0.300000
v 10.400000 0.500000 -0.500000
v 10.400000 0.500000 -2.300000
v 10.400000 0.500000 -2.500000
v 10.400000 0.500000 -4.300000
v 10.400000 0.500000 -4.500000
v 10.400000 0.500000 -6.300000
v 10.400000 0.500000 -6.500000
v 10.400000 0.499999 -8.300000
v 10.400000 0.499999 -8.500000
v 10.400000 0.499999 -10.300000
v 10.500000 0.400000 1.600000
v 10.500000 0.400000 1.500000
v 10.500000 0.400000 -0.400000
v 10.500000 0.400000 -0.500000
v 10.500000 0.400000 -2.400000
v 10.500000 0.400000 -2.500000
v 10.500000 0.400000 -4.400000
v 10.500000 0.400000 -4.500000
v 10.500000 0.400000 -6.400000
v 10.500000 0.400000 -6.500000
v 10.500000 0.399999 -8.400000
v 10.500000 0.399999 -8.500000
v 10.500000 0.500000 1.600000
v 10.500000 0.500000 1.500000
v 10.500000 0.500000 -0.300000
v 10.500000 0.500000 -0.400000
v 10.500000 0.500000 -0.500000
v 10.500000 0.500000 -2.300000
v 10.500000 0.500000 -2.400000
v 10.500000 0.500000 -2.500000
v 10.500000 0.500000 -4.300000
v 10.500000 0.500000 -4.400000
v 10.500000 0.500000 -4.500000
v 10.500000 0.500000 -6.300000
v 10.500000 0.500000 -6.400000
v 10.500000 0.500000 -6.500000
v 10.500000 0.499999 -8.300000
v 10.500000 0.499999 -8.400000
v 10.500000 0.499999 -8.500000
v 10.500000 0.499999 -10.300000
v 10.500000 0.600000 1.500000
v 10.500000 0.600000 -0.300000
v 10.500000 0.600000 -0.500000
v 10.500000 0.600000 -2.300000
v 10.500000 0.600000 -2.500000
v 10.500000 0.600000 -4.300000
v 10.500000 0.600000 -4.500000
v 10.500000 0.600000 -6.300000
v 10.500000 0.600000 -6.500000
v 10.500000 0.599999 -8.300000
v 10.500000 0.599999 -8.500000
v 10.500000 0.599999 -10.300000
v 12.400000 0.400000 1.500000
v 12.400000 0.400000 -0.300000
v 12.400000 0.400000 -0.500000
v 12.400000 0.400000 -2.300000
v 12.400000 0.400000 -2.500000
v 12.400000 0.400000 -4.300000
v 12.400000 0.400000 -4.500000
v 12.400000 0.400000 -6.300000
v 12.400000 0.400000 -6.500000
v 12.400000 0.399999 -8.300000
v 12.400000 0.399999 -8.500000
v 12.400000 0.399999 -10.300000
v 12.400000 0.500000 1.500000
v 12.400000 0.500000 -0.300000
v 12.400000 0.500000 -0.500000
v 12.400000 0.500000 -2.300000
v 12.400000 0.500000 -2.500000
v 12.400000 0.500000 -4.300000
v 12.400000 0.500000 -4.500000
v 12.400000 0.500000 -6.300000
v 12.400000 0.500000 -6.500000
v 12.400000 0.499999 -8.300000
v 12.400000 0.499999 -8.500000
v 12.400000 0.499999 -10.300000
v 12.500000 0.400000 1.600000
v 12.500000 0.400000 1.500000
v 12.500000 0.400000 -0.400000
v 12.500000 0.400000 -0.500000
v 12.500000 0.400000 -2.400000
v 12.500000 0.400000 -2.500000
v 12.500000 0.400000 -4.400000
v 12.500000 0.400000 -4.500000
v 12.500000 0.400000 -6.400000
v 12.500000 0.400000 -6.500000
v 12.500000 0.399999 -8.400000
v 12.500000 0.399999 -8.500000
v 12.500000 0.500000 1.600000
v 12.500000 0.500000 1.500000
v 12.500000 0.500000 -0.300000
v 12.500000 0.500000 -0.400000
v 12.500000 0.500000 -0.500000
v 12.500000 0.500000 -2.300000
v 12.500000 0.500000 -2.400000
v 12.500000 0.500000 -2.500000
v 12.500000 0.500000 -4.300000
v 12.500000 0.500000 -4.400000
v 12.500000 0.500000 -4.500000
v 12.500000 0.500000 -6.300000
v 12.500000 0.500000 -6.400000
v 12.500000 0.500000 -6.500000
v 12.500000 0.499999 -8.300000
v 12.500000 0.499999 -8.400000
v 12.500000 0.499999 -8.500000
v 12.500000 0.499999 -10.300000
v 12.500000 0.600000 1.500000
v 12.500000 0.600000 -0.300000
v 12.500000 0.600000 -0.500000
v 12.500000 0.600000 -2.300000
v 12.500000 0.600000 -2.500000
v 12.500000 0.600000 -4.300000
v 12.500000 0.600000 -4.500000
v 12.500000 0.600000 -6.300000
v 12.500000 0.600000 -6.500000
v 12.500000 0.599999 -8.300000
v 12.500000 0.599999 -8.500000
v 12.500000 0.599999 -10.300000
v 14.400000 0.400000 1.500000
v 14.400000 0.400000 -0.300000
v 14.400000 0.400000 -0.500000
v 14.400000 0.400000 -2.300000
v 14.400000 0.400000 -2.500000
v 14.400000 0.400000 -4.300000
v 14.400000 0.400000 -4.500000
v 14.400000 0.400000 -6.300000
v 14.400000 0.400000 -6.500000
v 14.400000 0.399999 -8.300000
v 14.400000 0.399999 -8.500000
v 14.400000 0.399999 -10.300000
v 14.400000 0.500000 1.500000
v 14.400000 0.500000 -0.300000
v 14.400000 0.500000 -0.500000
v 14.400000 0.500000 -2.300000
v 14.400000 0.500000 -2.500000
v 14.400000 0.500000 -4.300000
v 14.400000 0.500000 -4.500000
v 14.400000 0.500000 -6.300000
v 14.400000 0.500000 -6.500000
v 14.400000 0.499999 -8.300000
v 14.400000 0.499999 -8.500000
v 14.400000 0.499999 -10.300000
v 14.500000 0.400000 1.600000
v 14.500000 0.400000 1.500000
v 14.500000 0.400000 -0.400000
v 14.500000 0.400000 -0.500000
v 14.500000 0.400000 -2.400000
v 14.500000 0.400000 -2.500000
v 14.500000 0.400000 -4.400000
v 14.500000 0.400000 -4.500000
v 14.500000 0.400000 -6.400000
v 14.500000 0.400000 -6.500000
v 14.500000 0.399999 -8.400000
v 14.500000 0.399999 -8.500000
v 14.500000 0.500000 1.600000
v 14.500000 0.500000 1.500000
v 14.500000 0.500000 -0.300000
v 14.500000 0.500000 -0.400000
v 14.500000 0.500000 -0.500000
v 14.500000 0.500000 -2.300000
v 14.500000 0.500000 -2.400000
v 14.500000 0.500000 -2.500000
v 14.500000 0.500000 -4.300000
v 14.500000 0.500000 -4.400000
v 14.500000 0.500000 -4.500000
v 14.500000 0.500000 -6.300000
v 14.500000 0.500000 -6.400000
v 14.500000 0.500000 -6.500000
v 14.500000 0.499999 -8.300000
v 14.500000 0.499999 -8.400000
v 14.500000 0.499999 -8.500000
v 14.500000 0.499999 -10.300000
v 14.500000 0.600000 1.500000
v 14.500000 0.600000 -0.300000
v 14.500000 0.600000 -0.500000
v 14.500000 0.600000 -2.300000
v 14.500000 0.600000 -2.500000
v 14.500000 0.600000 -4.300000
v 14.500000 0.600000 -4.500000
v 14.500000 0.600000 -6.300000
v 14.500000 0.600000 -6.500000
v 14.500000 0.599999 -8.300000
v 14.500000 0.599999 -8.500000
v 14.500000 0.599999 -10.300000
v 16.400000 0.400000 1.500000
v 16.400000 0.400000 -0.300000
v 16.400000 0.400000 -0.500000
v 16.400000 0.400000 -2.300000
v 16.400000 0.400000 -2.500000
v 16.400000 0.400000 -4.300000
v 16.400000 0.400000 -4.500000
v 16.400000 0.400000 -6.300000
v 16.400000 0.400000 -6.500000
v 16.400000 0.399999 -8.300000
v 16.400000 0.399999 -8.500000
v 16.400000 0.399999 -10.300000
v 16.400000 0.500000 1.500000
v 16.400000 0.500000 -0.300000
v 16.400000 0.500000 -0.500000
v 16.400000 0.500000 -2.300000
v 16.400000 0.500000 -2.500000
v 16.400000 0.500000 -4.300000
v 16.400000 0.500000 -4.500000
v 16.400000 0.500000 -6.300000
v 16.400000 0.500000 -6.500000
v 16.400000 0.499999 -8.300000
v 16.400000 0.499999 -8.500000
v 16.400000 0.499999 -10.300000
v 16.500000 0.400000 1.600000
v 16.500000 0.400000 1.500000
v 16.500000 0.400000 -0.400000
v 16.500000 0.400000 -0.500000
v 16.500000 0.400000 -2.400000
v 16.500000 0.400000 -2.500000
v 16.500000 0.400000 -4.400000
v 16.500000 0.400000 -4.500000
v 16.500000 0.400000 -6.400000
v 16.500000 0.400000 -6.500000
v 16.500000 0.399999 -8.400000
v 16.500000 0.399999 -8.500000
v 16.500000 0.500000 1.600000
v 16.500000 0.500000 1.500000
v 16.500000 0.500000 -0.300000
v 16.500000 0.500000 -0.400000
v 16.500000 0.500000 -0.500000
v 16.500000 0.500000 -2.300000
v 16.500000 0.500000 -2.400000
v 16.500000 0.500000 -2.500000
v 16.500000 0.500000 -4.300000
v 16.500000 0.500000 -4.400000
v 16.500000 0.500000 -4.500000
v 16.500000 0.500000 -6.300000
v 16.500000 0.500000 -6.400000
v 16.500000 0.500000 -6.500000
v 16.500000 0.499999 -8.300000
v 16.500000 0.499999 -8.400000
v 16.500000 0.499999 -8.500000
v 16.500000 0.499999 -10.300000
v 16.500000 0.600000 1.500000
v 16.500000 0.600000 -0.300000
v 16.500000 0.600000 -0.500000
v 16.500000 0.600000 -2.300000
v 16.500000 0.600000 -2.500000
v 16.500000 0.600000 -4.300000
v 16.500000 0.600000 -4.500000
v 16.500000 0.600000 -6.300000
v 16.500000 0.600000 -6.500000
v 16.500000 0.599999 -8.300000
v 16.500000 0.599999 -8.500000
v 16.500000 0.599999 -10.300000
v 18.400000 0.400000 1.500000
v 18.400000 0.400000 -0.300000
v 18.400000 0.400000 -0.500000
v 18.400000 0.400000 -2.300000
v 18.400000 0.400000 -2.500000
v 18.400000 0.400000 -4.300000
v 18.400000 0.400000 -4.500000
v 18.400000 0.400000 -6.300000
v 18.400000 0.400000 -6.500000
v 18.400000 0.399999 -8.300000
v 18.400000 0.399999 -8.500000
v 18.400000 0.399999 -10.300000
v 18.400000 0.500000 1.500000
v 18.400000 0.500000 -0.300000
v 18.400000 0.500000 -0.500000
v 18.400000 0.500000 -2.300000
v 18.400000 0.500000 -2.500000
v 18.400000 0.500000 -4.300000
v 18.400000 0.500000 -4.500000
v 18.400000 0.500000 -6.300000
v 18.400000 0.500000 -6.500000
v 18.400000 0.499999 -8.300000
v 18.400000 0.499999 -8.500000
v 18.400000 0.499999 -10.300000
v 18.500000 0.400000 1.600000
v 18.500000 0.400000 1.500000
v 18.500000 0.400000 -0.400000
v 18.500000 0.400000 -0.500000
v 18.500000 0.400000 -2.400000
v 18.500000 0.400000 -2.500000
v 18.500000 0.400000 -4.400000
v 18.500000 0.400000 -4.500000
v 18.500000 0.400000 -6.400000
v 18.500000 0.400000 -6.500000
v 18.500000 0.399999 -8.400000
v 18.500000 0.399999 -8.500000
v 18.500000 0.500000 1.600000
v 18.500000 0.500000 1.500000
v 18.500000 0.500000 -0.300000
v 18.500000 0.500000 -0.400000
v 18.500000 0.500000 -0.500000
v 18.500000 0.500000 -2.300000
v 18.500000 0.500000 -2.400000
v 18.500000 0.500000 -2.500000
v 18.500000 0.500000 -4.300000
v 18.500000 0.500000 -4.400000
v 18.500000 0.500000 -4.500000
v 18.500000 0.500000 -6.300000
v 18.500000 0.500000 -6.400000
v 18.500000 0.500000 -6.500000
v 18.500000 0.499999 -8.300000
v 18.500000 0.499999 -8.400000
v 18.500000 0.499999 -8.500000
v 18.500000 0.499999 -10.300000
v 18.500000 0.600000 1.500000
v 18.500000 0.600000 -0.300000
v 18.500000 0.600000 -0.500000
v 18.500000 0.600000 -2.300000
v 18.500000 0.600000 -2.500000
v 18.500000 0.600000 -4.300000
v 18.500000 0.600000 -4.500000
v 18.500000 0.600000 -6.300000
v 18.500000 0.600000 -6.500000
v 18.500000 0.599999 -8.300000
v 18.500000 0.599999 -8.500000
v 18.500000 0.599999 -10.300000
v 6.300000 0.400000 1.600000
v 6.300000 0.400000 -0.300000
v 6.300000 0.400000 -0.400000
v 6.300000 0.400000 -2.300000
v 6.300000 0.400000 -2.400000
v 6.300000 0.400000 -4.300000
v 6.300000 0.400000 -4.400000
v 6.300000 0.400000 -6.300000
v 6.300000 0.400000 -6.400000
v 6.300000 0.399999 -8.300000
v 6.300000 0.399999 -8.400000
v 6.300000 0.399999 -10.300000
v 6.300000 0.500000 1.600000
v 6.300000 0.500000 1.500000
v 6.300000 0.500000 -0.400000
v 6.300000 0.500000 -0.500000
v 6.300000 0.500000 -2.400000
v 6.300000 0.500000 -2.500000
v 6.300000 0.500000 -4.400000
v 6.300000 0.500000 -4.500000
v 6.300000 0.500000 -6.400000
v 6.300000 0.500000 -6.500000
v 6.300000 0.499999 -8.400000
v 6.300000 0.499999 -8.500000
v 6.300000 0.600000 1.500000
v 6.300000 0.600000 -0.300000
v 6.300000 0.600000 -0.500000
v 6.300000 0.600000 -2.300000
v 6.300000 0.600000 -2.500000
v 6.300000 0.600000 -4.300000
v 6.300000 0.600000 -4.500000
v 6.300000 0.600000 -6.300000
v 6.300000 0.600000 -6.500000
v 6.300000 0.599999 -8.300000
v 6.300000 0.599999 -8.500000
v 6.300000 0.599999 -10.300000
v 8.300000 0.400000 1.600000
v 8.300000 0.400000 -0.300000
v 8.300000 0.400000 -0.400000
v 8.300000 0.400000 -2.300000
v 8.300000 0.400000 -2.400000
v 8.300000 0.400000 -4.300000
v 8.300000 0.400000 -4.400000
v 8.300000 0.400000 -6.300000
v 8.300000 0.400000 -6.400000
v 8.300000 0.399999 -8.300000
v 8.300000 0.399999 -8.400000
v 8.300000 0.399999 -10.300000
v 8.300000 0.500000 1.600000
v 8.300000 0.500000 1.500000
v 8.300000 0.500000 -0.400000
v 8.300000 0.500000 -0.500000
v 8.300000 0.500000 -2.400000
v 8.300000 0.500000 -2.500000
v 8.300000 0.500000 -4.400000
v 8.300000 0.500000 -4.500000
v 8.300000 0.500000 -6.400000
v 8.300000 0.500000 -6.500000
v 8.300000 0.499999 -8.400000
v 8.300000 0.499999 -8.500000
v 8.300000 0.600000 1.500000
v 8.300000 0.600000 -0.300000
v 8.300000 0.600000 -0.500000
v 8.300000 0.600000 -2.300000
v 8.300000 0.600000 -2.500000
v 8.300000 0.600000 -4.300000
v 8.300000 0.600000 -4.500000
v 8.300000 0.600000 -6.300000
v 8.300000 0.600000 -6.500000
v 8.300000 0.599999 -8.300000
v 8.300000 0.599999 -8.500000
v 8.300000 0.599999 -10.300000
v 10.300000 0.400000 1.600000
v 10.300000 0.400000 -0.300000
v 10.300000 0.400000 -0.400000
v 10.300000 0.400000 -2.300000
v 10.300000 0.400000 -2.400000
v 10.300000 0.400000 -4.300000
v 10.300000 0.400000 -4.400000
v 10.300000 0.400000 -6.300000
v 10.300000 0.400000 -6.400000
v 10.300000 0.399999 -8.300000
v 10.300000 0.399999 -8.400000
v 10.300000 0.399999 -10.300000
v 10.300000 0.500000 1.600000
v 10.300000 0.500000 1.500000
v 10.300000 0.500000 -0.400000
v 10.300000 0.500000 -0.500000
v 10.300000 0.500000 -2.400000
v 10.300000 0.500000 -2.500000
v 10.300000 0.500000 -4.400000
v 10.300000 0.500000 -4.500000
v 10.300000 0.500000 -6.400000
v 10.300000 0.500000 -6.500000
v 10.300000 0.499999 -8.400000
v 10.300000 0.499999 -8.500000
v 10.300000 0.600000 1.500000
v 10.300000 0.600000 -0.300000
v 10.300000 0.600000 -0.500000
v 10.300000 0.600000 -2.300000
v 10.300000 0.600000 -2.500000
v 10.300000 0.600000 -4.300000
v 10.300000 0.600000 -4.500000
v 10.300000 0.600000 -6.300000
v 10.300000 0.600000 -6.500000
v 10.300000 0.599999 -8.300000
v 10.300000 0.599999 -8.500000
v 10.300000 0.599999 -10.300000
v 12.300000 0.400000 1.600000
v 12.300000 0.400000 -0.300000
v 12.300000 0.400000 -0.400000
v 12.300000 0.400000 -2.300000
v 12.300000 0.400000 -2.400000
v 12.300000 0.400000 -4.300000
v 12.300000 0.400000 -4.400000
v 12.300000 0.400000 -6.300000
v 12.300000 0.400000 -6.400000
v 12.300000 0.399999 -8.300000
v 12.300000 0.399999 -8.400000
v 12.300000 0.399999 -10.300000
v 12.300000 0.500000 1.600000
v 12.300000 0.500000 1.500000
v 12.300000 0.500000 -0.400000
v 12.300000 0.500000 -0.500000
v 12.300000 0.500000 -2.400000
v 12.300000 0.500000 -2.500000
v 12.300000 0.500000 -4.400000
v 12.300000 0.500000 -4.500000
v 12.300000 0.500000 -6.400000
v 12.300000 0.500000 -6.500000
v 12.300000 0.499999 -8.400000
v 12.300000 0.499999 -8.500000
v 12.300000 0.600000 1.500000
v 12.300000 0.600000 -0.300000
v 12.300000 0.600000 -0.500000
v 12.300000 0.600000 -2.300000
v 12.300000 0.600000 -2.500000
v 12.300000 0.600000 -4.300000
v 12.300000 0.600000 -4.500000
v 12.300000 0.600000 -6.300000
v 12.300000 0.600000 -6.500000
v 12.300000 0.599999 -8.300000
v 12.300000 0.599999 -8.500000
v 12.300000 0.599999 -10.300000
v 14.300000 0.400000 1.600000
v 14.300000 0.400000 -0.300000
v 14.300000 0.400000 -0.400000
v 14.300000 0.400000 -2.300000
v 14.300000 0.400000 -2.400000
v 14.300000 0.400000 -4.300000
v 14.300000 0.400000 -4.400000
v 14.300000 0.400000 -6.300000
v 14.300000 0.400000 -6.400000
v 14.300000 0.399999 -8.300000
v 14.300000 0.399999 -8.400000
v 14.300000 0.399999 -10.300000
v 14.300000 0.500000 1.600000
v 14.300000 0.500000 1.500000
v 14.300000 0.500000 -0.400000
v 14.300000 0.500000 -0.500000
v 14.300000 0.500000 -2.400000
v 14.300000 0.500000 -2.500000
v 14.300000 0.500000 -4.400000
v 14.300000 0.500000 -4.500000
v 14.300000 0.500000 -6.400000
v 14.300000 0.500000 -6.500000
v 14.300000 0.499999 -8.400000
v 14.300000 0.499999 -8.500000
v 14.300000 0.600000 1.500000
v 14.300000 0.600000 -0.300000
v 14.300000 0.600000 -0.500000
v 14.300000 0.600000 -2.300000
v 14.300000 0.600000 -2.500000
v 14.300000 0.600000 -4.300000
v 14.300000 0.600000 -4.500000
v 14.300000 0.600000 -6.300000
v 14.300000 0.600000 -6.500000
v 14.300000 0.599999 -8.300000
v 14.300000 0.599999 -8.500000
v 14.300000 0.599999 -10.300000
v 16.299999 0.400000 1.600000
v 16.299999 0.400000 -0.300000
v 16.299999 0.400000 -0.400000
v 16.299999 0.400000 -2.300000
v 16.299999 0.400000 -2.400000
v 16.299999 0.400000 -4.300000
v 16.299999 0.400000 -4.400000
v 16.299999 0.400000 -6.300000
v 16.299999 0.400000 -6.400000
v 16.299999 0.399999 -8.300000
v 16.299999 0.399999 -8.400000
v 16.299999 0.399999 -10.300000
v 16.299999 0.500000 1.600000
v 16.299999 0.500000 1.500000
v 16.299999 0.500000 -0.400000
v 16.299999 0.500000 -0.500000
v 16.299999 0.500000 -2.400000
v 16.299999 0.500000 -2.500000
v 16.299999 0.500000 -4.400000
v 16.299999 0.500000 -4.500000
v 16.299999 0.500000 -6.400000
v 16.299999 0.500000 -6.500000
v 16.299999 0.499999 -8.400000
v 16.299999 0.499999 -8.500000
v 16.299999 0.600000 1.500000
v 16.299999 0.600000 -0.300000
v 16.299999 0.600000 -0.500000
v 16.299999 0.600000 -2.300000
v 16.299999 0.600000 -2.500000
v 16.299999 0.600000 -4.300000
v 16.299999 0.600000 -4.500000
v 16.299999 0.600000 -6.300000
v 16.299999 0.600000 -6.500000
v 16.299999 0.599999 -8.300000
v 16.299999 0.599999 -8.500000
v 16.299999 0.599999 -10.300000
v 18.299999 0.400000 1.600000
v 18.299999 0.400000 -0.300000
v 18.299999 0.400000 -0.400000
v 18.299999 0.400000 -2.300000
v 18.299999 0.400000 -2.400000
v 18.299999 0.400000 -4.300000
v 18.299999 0.400000 -4.400000
v 18.299999 0.400000 -6.300000
v 18.299999 0.400000 -6.400000
v 18.299999 0.399999 -8.300000
v 18.299999 0.399999 -8.400000
v 18.299999 0.399999 -10.300000
v 18.299999 0.500000 1.600000
v 18.299999 0.500000 1.500000
v 18.299999 0.500000 -0.400000
v 18.299999 0.500000 -0.500000
v 18.299999 0.500000 -2.400000
v 18.299999 0.500000 -2.500000
v 18.299999 0.500000 -4.400000
v 18.299999 0.500000 -4.500000
v 18.299999 0.500000 -6.400000
v 18.299999 0.500000 -6.500000
v 18.299999 0.499999 -8.400000
v 18.299999 0.499999 -8.500000
v 18.299999 0.600000 1.500000
v 18.299999 0.600000 -0.300000
v 18.299999 0.600000 -0.500000
v 18.299999 0.600000 -2.300000
v 18.299999 0.600000 -2.500000
v 18.299999 0.600000 -4.300000
v 18.299999 0.600000 -4.500000
v 18.299999 0.600000 -6.300000
v 18.299999 0.600000 -6.500000
v 18.299999 0.599999 -8.300000
v 18.299999 0.599999 -8.500000
v 18.299999 0.599999 -10.300000
v 20.299999 0.400000 1.600000
v 20.299999 0.400000 -0.300000
v 20.299999 0.400000 -0.400000
v 20.299999 0.400000 -2.300000
v 20.299999 0.400000 -2.400000
v 20.299999 0.400000 -4.300000
v 20.299999 0.400000 -4.400000
v 20.299999 0.400000 -6.300000
v 20.299999 0.400000 -6.400000
v 20.299999 0.399999 -8.300000
v 20.299999 0.399999 -8.400000
v 20.299999 0.399999 -10.300000
v 20.299999 0.500000 1.600000
v 20.299999 0.500000 1.500000
v 20.299999 0.500000 -0.400000
v 20.299999 0.500000 -0.500000
v 20.299999 0.500000 -2.400000
v 20.299999 0.500000 -2.500000
v 20.299999 0.500000 -4.400000
v 20.299999 0.500000 -4.500000
v 20.299999 0.500000 -6.400000
v 20.299999 0.500000 -6.500000
v 20.299999 0.499999 -8.400000
v 20.299999 0.499999 -8.500000
v 20.299999 0.600000 1.500000
v 20.299999 0.600000 -0.300000
v 20.299999 0.600000 -0.500000
v 20.299999 0.600000 -2.300000
v 20.299999 0.600000 -2.500000
v 20.299999 0.600000 -4.300000
v 20.299999 0.600000 -4.500000
v 20.299999 0.600000 -6.300000
v 20.299999 0.600000 -6.500000
v 20.299999 0.599999 -8.300000
v 20.299999 0.599999 -8.500000
v 20.299999 0.599999 -10.300000
v 20.400000 0.000000 1.600000
v 20.400000 -0.000001 -10.400000
v 20.400000 0.200000 1.500000
v 20.400000 0.200000 -0.300000
v 20.400000 0.200000 -0.500000
v 20.400000 0.200000 -2.300000
v 20.400000 0.200000 -2.500000
v 20.400000 0.200000 -4.300000
v 20.400000 0.200000 -4.500000
v 20.400000 0.200000 -6.300000
v 20.400000 0.200000 -6.500000
v 20.400000 0.199999 -8.300000
v 20.400000 0.199999 -8.500000
v 20.400000 0.199999 -10.300000
v 20.400000 0.300000 1.600000
v 20.400000 0.300000 1.500000
v 20.400000 0.300000 -0.300000
v 20.400000 0.300000 -0.500000
v 20.400000 0.300000 -2.300000
v 20.400000 0.300000 -2.500000
v 20.400000 0.300000 -4.300000
v 20.400000 0.300000 -4.500000
v 20.400000 0.300000 -6.300000
v 20.400000 0.300000 -6.500000
v 20.400000 0.299999 -8.300000
v 20.400000 0.299999 -8.500000
v 20.400000 0.299999 -10.300000
v 20.400000 0.299999 -10.400000
v 20.400000 0.400000 1.600000
v 20.400000 0.399999 -10.400000
v 4.400000 0.000000 1.600000
v 4.400000 0.300000 1.600000
v 4.400000 0.400000 1.600000
v 4.500000 0.300000 1.600000
v 4.500000 0.400000 1.600000
v 4.500000 0.500000 1.600000
v 6.300000 0.300000 1.600000
v 6.300000 0.400000 1.600000
v 6.300000 0.500000 1.600000
v 6.500000 0.300000 1.600000
v 6.500000 0.400000 1.600000
v 6.500000 0.500000 1.600000
v 8.300000 0.300000 1.600000
v 8.300000 0.400000 1.600000
v 8.300000 0.500000 1.600000
v 8.500000 0.300000 1.600000
v 8.500000 0.400000 1.600000
v 8.500000 0.500000 1.600000
v 10.300000 0.300000 1.600000
v 10.300000 0.400000 1.600000
v 10.300000 0.500000 1.600000
v 10.500000 0.300000 1.600000
v 10.500000 0.400000 1.600000
v 10.500000 0.500000 1.600000
v 12.300000 0.300000 1.600000
v 12.300000 0.400000 1.600000
v 12.300000 0.500000 1.600000
v 12.500000 0.300000 1.600000
v 12.500000 0.400000 1.600000
v 12.500000 0.500000 1.600000
v 14.300000 0.300000 1.600000
v 14.300000 0.400000 1.600000
v 14.300000 0.500000 1.600000
v 14.500000 0.300000 1.600000
v 14.500000 0.400000 1.600000
v 14.500000 0.500000 1.600000
v 16.299999 0.300000 1.600000
v 16.299999 0.400000 1.600000
v 16.299999 0.500000 1.600000
v 16.500000 0.300000 1.600000
v 16.500000 0.400000 1.600000
v 16.500000 0.500000 1.600000
v 18.299999 0.300000 1.600000
v 18.299999 0.400000 1.600000
v 18.299999 0.500000 1.600000
v 18.500000 0.300000 1.600000
v 18.500000 0.400000 1.600000
v 18.500000 0.500000 1.600000
v 20.299999 0.300000 1.600000
v 20.299999 0.400000 1.600000
v 20.299999 0.500000 1.600000
v 20.400000 0.000000 1.600000
v 20.400000 0.300000 1.600000
v 20.400000 0.400000 1.600000
v 4.400000 0.400000 1.500000
v 4.400000 0.500000 1.500000
v 4.500000 0.400000 1.500000
v 4.500000 0.500000 1.500000
v 4.500000 0.600000 1.500000
v 6.300000 0.500000 1.500000
v 6.300000 0.600000 1.500000
v 6.400000 0.400000 1.500000
v 6.400000 0.500000 1.500000
v 6.500000 0.400000 1.500000
v 6.500000 0.500000 1.500000
v 6.500000 0.600000 1.500000
v 8.300000 0.500000 1.500000
v 8.300000 0.600000 1.500000
v 8.400000 0.400000 1.500000
v 8.400000 0.500000 1.500000
v 8.500000 0.400000 1.500000
v 8.500000 0.500000 1.500000
v 8.500000 0.600000 1.500000
v 10.300000 0.500000 1.500000
v 10.300000 0.600000 1.500000
v 10.400000 0.400000 1.500000
v 10.400000 0.500000 1.500000
v 10.500000 0.400000 1.500000
v 10.500000 0.500000 1.500000
v 10.500000 0.600000 1.500000
v 12.300000 0.500000 1.500000
v 12.300000 0.600000 1.500000
v 12.400000 0.400000 1.500000
v 12.400000 0.500000 1.500000
v 12.500000 0.400000 1.500000
v 12.500000 0.500000 1.500000
v 12.500000 0.600000 1.500000
v 14.300000 0.500000 1.500000
v 14.300000 0.600000 1.500000
v 14.400000 0.400000 1.500000
v 14.400000 0.500000 1.500000
v 14.500000 0.400000 1.500000
v 14.500000 0.500000 1.500000
v 14.500000 0.600000 1.500000
v 16.299999 0.500000 1.500000
v 16.299999 0.600000 1.500000
v 16.400000 0.400000 1.500000
v 16.400000 0.500000 1.500000
v 16.500000 0.400000 1.500000
v 16.500000 0.500000 1.500000
v 16.500000 0.600000 1.500000
v 18.299999 0.500000 1.500000
v 18.299999 0.600000 1.500000
v 18.400000 0.400000 1.500000
v 18.400000 0.500000 1.500000
v 18.500000 0.400000 1.500000
v 18.500000 0.500000 1.500000
v 18.500000 0.600000 1.500000
v 20.299999 0.500000 1.500000
v 20.299999 0.600000 1.500000
v 4.500000 0.400000 -0.400000
v 4.500000 0.500000 -0.400000
v 6.300000 0.400000 -0.400000
v 6.300000 0.500000 -0.400000
v 6.500000 0.400000 -0.400000
v 6.500000 0.500000 -0.400000
v 8.300000 0.400000 -0.400000
v 8.300000 0.500000 -0.400000
v 8.500000 0.400000 -0.400000
v 8.500000 0.500000 -0.400000
v 10.300000 0.400000 -0.400000
v 10.300000 0.500000 -0.400000
v 10.500000 0.400000 -0.400000
v 10.500000 0.500000 -0.400000
v 12.300000 0.400000 -0.400000
v 12.300000 0.500000 -0.400000
v 12.500000 0.400000 -0.400000
v 12.500000 0.500000 -0.400000
v 14.300000 0.400000 -0.400000
v 14.300000 0.500000 -0.400000
v 14.500000 0.400000 -0.400000
v 14.500000 0.500000 -0.400000
v 16.299999 0.400000 -0.400000
v 16.299999 0.500000 -0.400000
v 16.500000 0.400000 -0.400000
v 16.500000 0.500000 -0.400000
v 18.299999 0.400000 -0.400000
v 18.299999 0.500000 -0.400000
v 18.500000 0.400000 -0.400000
v 18.500000 0.500000 -0.400000
v 20.299999 0.400000 -0.400000
v 20.299999 0.500000 -0.400000
v 4.400000 0.400000 -0.500000
v 4.400000 0.500000 -0.500000
v 4.500000 0.400000 -0.500000
v 4.500000 0.500000 -0.500000
v 4.500000 0.600000 -0.500000
v 6.300000 0.500000 -0.500000
v 6.300000 0.600000 -0.500000
v 6.400000 0.400000 -0.500000
v 6.400000 0.500000 -0.500000
v 6.500000 0.400000 -0.500000
v 6.500000 0.500000 -0.500000
v 6.500000 0.600000 -0.500000
v 8.300000 0.500000 -0.500000
v 8.300000 0.600000 -0.500000
v 8.400000 0.400000 -0.500000
v 8.400000 0.500000 -0.500000
v 8.500000 0.400000 -0.500000
v 8.500000 0.500000 -0.500000
v 8.500000 0.600000 -0.500000
v 10.300000 0.500000 -0.500000
v 10.300000 0.600000 -0.500000
v 10.400000 0.400000 -0.500000
v 10.400000 0.500000 -0.500000
v 10.500000 0.400000 -0.500000
v 10.500000 0.500000 -0.500000
v 10.500000 0.600000 -0.500000
v 12.300000 0.500000 -0.500000
v 12.300000 0.600000 -0.500000
v 12.400000 0.400000 -0.500000
v 12.400000 0.500000 -0.500000
v 12.500000 0.400000 -0.500000
v 12.500000 0.500000 -0.500000
v 12.500000 0.600000 -0.500000
v 14.300000 0.500000 -0.500000
v 14.300000 0.600000 -0.500000
v 14.400000 0.400000 -0.500000
v 14.400000 0.500000 -0.500000
v 14.500000 0.400000 -0.500000
v 14.500000 0.500000 -0.500000
v 14.500000 0.600000 -0.500000
v 16.299999 0.500000 -0.500000
v 16.299999 0.600000 -0.500000
v 16.400000 0.400000 -0.500000
v 16.400000 0.500000 -0.500000
v 16.500000 0.400000 -0.500000
v 16.500000 0.500000 -0.500000
v 16.500000 0.600000 -0.500000
v 18.299999 0.500000 -0.500000
v 18.299999 0.600000 -0.500000
v 18.400000 0.400000 -0.500000
v 18.400000 0.500000 -0.500000
v 18.500000 0.400000 -0.500000
v 18.500000 0.500000 -0.500000
v 18.500000 0.600000 -0.500000
v 20.299999 0.500000 -0.500000
v 20.299999 0.600000 -0.500000
v 4.500000 0.400000 -2.400000
v 4.500000 0.500000 -2.400000
v 6.300000 0.400000 -2.400000
v 6.300000 0.500000 -2.400000
v 6.500000 0.400000 -2.400000
v 6.500000 0.500000 -2.400000
v 8.300000 0.400000 -2.400000
v 8.300000 0.500000 -2.400000
v 8.500000 0.400000 -2.400000
v 8.500000 0.500000 -2.400000
v 10.300000 0.400000 -2.400000
v 10.300000 0.500000 -2.400000
v 10.500000 0.400000 -2.400000
v 10.500000 0.500000 -2.400000
v 12.300000 0.400000 -2.400000
v 12.300000 0.500000 -2.400000
v 12.500000 0.400000 -2.400000
v 12.500000 0.500000 -2.400000
v 14.300000 0.400000 -2.400000
v 14.300000 0.500000 -2.400000
v 14.500000 0.400000 -2.400000
v 14.500000 0.500000 -2.400000
v 16.299999 0.400000 -2.400000
v 16.299999 0.500000 -2.400000
v 16.500000 0.400000 -2.400000
v 16.500000 0.500000 -2.400000
v 18.299999 0.400000 -2.400000
v 18.299999 0.500000 -2.400000
v 18.500000 0.400000 -2.400000
v 18.500000 0.500000 -2.400000
v 20.299999 0.400000 -2.400000
v 20.299999 0.500000 -2.400000
v 4.400000 0.400000 -2.500000
v 4.400000 0.500000 -2.500000
v 4.500000 0.400000 -2.500000
v 4.500000 0.500000 -2.500000
v 4.500000 0.600000 -2.500000
v 6.300000 0.500000 -2.500000
v 6.300000 0.600000 -2.500000
v 6.400000 0.400000 -2.500000
v 6.400000 0.500000 -2.500000
v 6.500000 0.400000 -2.500000
v 6.500000 0.500000 -2.500000
v 6.500000 0.600000 -2.500000
v 8.300000 0.500000 -2.500000
v 8.300000 0.600000 -2.500000
v 8.400000 0.400000 -2.500000
v 8.400000 0.500000 -2.500000
v 8.500000 0.400000 -2.500000
v 8.500000 0.500000 -2.500000
v 8.500000 0.600000 -2.500000
v 10.300000 0.500000 -2.500000
v 10.300000 0.600000 -2.500000
v 10.400000 0.400000 -2.500000
v 10.400000 0.500000 -2.500000
v 10.500000 0.400000 -2.500000
v 10.500000 0.500000 -2.500000
v 10.500000 0.600000 -2.500000
v 12.300000 0.500000 -2.500000
v 12.300000 0.600000 -2.500000
v 12.400000 0.400000 -2.500000
v 12.400000 0.500000 -2.500000
v 12.500000 0.400000 -2.500000
v 12.500000 0.500000 -2.500000
v 12.500000 0.600000 -2.500000
v 14.300000 0.500000 -2.500000
v 14.300000 0.600000 -2.500000
v 14.400000 0.400000 -2.500000
v 14.400000 0.500000 -2.500000
v 14.500000 0.400000 -2.500000
v 14.500000 0.500000 -2.500000
v 14.500000 0.600000 -2.500000
v 16.299999 0.500000 -2.500000
v 16.299999 0.600000 -2.500000
v 16.400000 0.400000 -2.500000
v 16.400000 0.500000 -2.500000
v 16.500000 0.400000 -2.500000
v 16.500000 0.500000 -2.500000
v 16.500000 0.600000 -2.500000
v 18.299999 0.500000 -2.500000
v 18.299999 0.600000 -2.500000
v 18.400000 0.400000 -2.500000
v 18.400000 0.500000 -2.500000
v 18.500000 0.400000 -2.500000
v 18.500000 0.500000 -2.500000
v 18.500000 0.600000 -2.500000
v 20.299999 0.500000 -2.500000
v 20.299999 0.600000 -2.500000
v 4.500000 0.400000 -4.400000
v 4.500000 0.500000 -4.400000
v 6.300000 0.400000 -4.400000
v 6.300000 0.500000 -4.400000
v 6.500000 0.400000 -4.400000
v 6.500000 0.500000 -4.400000
v 8.300000 0.400000 -4.400000
v 8.300000 0.500000 -4.400000
v 8.500000 0.400000 -4.400000
v 8.500000 0.500000 -4.400000
v 10.300000 0.400000 -4.400000
v 10.300000 0.500000 -4.400000
v 10.500000 0.400000 -4.400000
v 10.500000 0.500000 -4.400000
v 12.300000 0.400000 -4.400000
v 12.300000 0.500000 -4.400000
v 12.500000 0.400000 -4.400000
v 12.500000 0.500000 -4.400000
v 14.300000 0.400000 -4.400000
v 14.300000 0.500000 -4.400000
v 14.500000 0.400000 -4.400000
v 14.500000 0.500000 -4.400000
v 16.299999 0.400000 -4.400000
v 16.299999 0.500000 -4.400000
v 16.500000 0.400000 -4.400000
v 16.500000 0.500000 -4.400000
v 18.299999 0.400000 -4.400000
v 18.299999 0.500000 -4.400000
v 18.500000 0.400000 -4.400000
v 18.500000 0.500000 -4.400000
v 20.299999 0.400000 -4.400000
v 20.299999 0.500000 -4.400000
v 4.400000 0.400000 -4.500000
v 4.400000 0.500000 -4.500000
v 4.500000 0.400000 -4.500000
v 4.500000 0.500000 -4.500000
v 4.500000 0.600000 -4.500000
v 6.300000 0.500000 -4.500000
v 6.300000 0.600000 -4.500000
v 6.400000 0.400000 -4.500000
v 6.400000 0.500000 -4.500000
v 6.500000 0.400000 -4.500000
v 6.500000 0.500000 -4.500000
v 6.500000 0.600000 -4.500000
v 8.300000 0.500000 -4.500000
v 8.300000 0.600000 -4.500000
v 8.400000 0.400000 -4.500000
v 8.400000 0.500000 -4.500000
v 8.500000 0.400000 -4.500000
v 8.500000 0.500000 -4.500000
v 8.500000 0.600000 -4.500000
v 10.300000 0.500000 -4.500000
v 10.300000 0.600000 -4.500000
v 10.400000 0.400000 -4.500000
v 10.400000 0.500000 -4.500000
v 10.500000 0.400000 -4.500000
v 10.500000 0.500000 -4.500000
v 10.500000 0.600000 -4.500000
v 12.300000 0.500000 -4.500000
v 12.300000 0.600000 -4.500000
v 12.400000 0.400000 -4.500000
v 12.400000 0.500000 -4.500000
v 12.500000 0.400000 -4.500000
v 12.500000 0.500000 -4.500000
v 12.500000 0.600000 -4.500000
v 14.300000 0.500000 -4.500000
v 14.300000 0.600000 -4.500000
v 14.400000 0.400000 -4.500000
v 14.400000 0.500000 -4.500000
v 14.500000 0.400000 -4.500000
v 14.500000 0.500000 -4.500000
v 14.500000 0.600000 -4.500000
v 16.299999 0.500000 -4.500000
v 16.299999 0.600000 -4.500000
v 16.400000 0.400000 -4.500000
v 16.400000 0.500000 -4.500000
v 16.500000 0.400000 -4.500000
v 16.500000 0.500000 -4.500000
v 16.500000 0.600000 -4.500000
v 18.299999 0.500000 -4.500000
v 18.299999 0.600000 -4.500000
v 18.400000 0.400000 -4.500000
v 18.400000 0.500000 -4.500000
v 18.500000 0.400000 -4.500000
v 18.500000 0.500000 -4.500000
v 18.500000 0.600000 -4.500000
v 20.299999 0.500000 -4.500000
v 20.299999 0.600000 -4.500000
v 4.500000 0.400000 -6.400000
v 4.500000 0.500000 -6.400000
v 6.300000 0.400000 -6.400000
v 6.300000 0.500000 -6.400000
v 6.500000 0.400000 -6.400000
v 6.500000 0.500000 -6.400000
v 8.300000 0.400000 -6.400000
v 8.300000 0.500000 -6.400000
v 8.500000 0.400000 -6.400000
v 8.500000 0.500000 -6.400000
v 10.300000 0.400000 -6.400000
v 10.300000 0.500000 -6.400000
v 10.500000 0.400000 -6.400000
v 10.500000 0.500000 -6.400000
v 12.300000 0.400000 -6.400000
v 12.300000 0.500000 -6.400000
v 12.500000 0.400000 -6.400000
v 12.500000 0.500000 -6.400000
v 14.300000 0.400000 -6.400000
v 14.300000 0.500000 -6.400000
v 14.500000 0.400000 -6.400000
v 14.500000 0.500000 -6.400000
v 16.299999 0.400000 -6.400000
v 16.299999 0.500000 -6.400000
v 16.500000 0.400000 -6.400000
v 16.500000 0.500000 -6.400000
v 18.299999 0.400000 -6.400000
v 18.299999 0.500000 -6.400000
v 18.500000 0.400000 -6.400000
v 18.500000 0.500000 -6.400000
v 20.299999 0.400000 -6.400000
v 20.299999 0.500000 -6.400000
v 4.400000 0.400000 -6.500000
v 4.400000 0.500000 -6.500000
v 4.500000 0.400000 -6.500000
v 4.500000 0.500000 -6.500000
v 4.500000 0.600000 -6.500000
v 6.300000 0.500000 -6.500000
v 6.300000 0.600000 -6.500000
v 6.400000 0.400000 -6.500000
v 6.400000 0.500000 -6.500000
v 6.500000 0.400000 -6.500000
v 6.500000 0.500000 -6.500000
v 6.500000 0.600000 -6.500000
v 8.300000 0.500000 -6.500000
v 8.300000 0.600000 -6.500000
v 8.400000 0.400000 -6.500000
v 8.400000 0.500000 -6.500000
v 8.500000 0.400000 -6.500000
v 8.500000 0.500000 -6.500000
v 8.500000 0.600000 -6.500000
v 10.300000 0.500000 -6.500000
v 10.300000 0.600000 -6.500000
v 10.400000 0.400000 -6.500000
v 10.400000 0.500000 -6.500000
v 10.500000 0.400000 -6.500000
v 10.500000 0.500000 -6.500000
v 10.500000 0.600000 -6.500000
v 12.300000 0.500000 -6.500000
v 12.300000 0.600000 -6.500000
v 12.400000 0.400000 -6.500000
v 12.400000 0.500000 -6.500000
v 12.500000 0.400000 -6.500000
v 12.500000 0.500000 -6.500000
v 12.500000 0.600000 -6.500000
v 14.300000 0.500000 -6.500000
v 14.300000 0.600000 -6.500000
v 14.400000 0.400000 -6.500000
v 14.400000 0.500000 -6.500000
v 14.500000 0.400000 -6.500000
v 14.500000 0.500000 -6.500000
v 14.500000 0.600000 -6.500000
v 16.299999 0.500000 -6.500000
v 16.299999 0.600000 -6.500000
v 16.400000 0.400000 -6.500000
v 16.400000 0.500000 -6.500000
v 16.500000 0.400000 -6.500000
v 16.500000 0.500000 -6.500000
v 16.500000 0.600000 -6.500000
v 18.299999 0.500000 -6.500000
v 18.299999 0.600000 -6.500000
v 18.400000 0.400000 -6.500000
v 18.400000 0.500000 -6.500000
v 18.500000 0.400000 -6.500000
v 18.500000 0.500000 -6.500000
v 18.500000 0.600000 -6.500000
v 20.299999 0.500000 -6.500000
v 20.299999 0.600000 -6.500000
v 4.500000 0.399999 -8.400000
v 4.500000 0.499999 -8.400000
v 6.300000 0.399999 -8.400000
v 6.300000 0.499999 -8.400000
v 6.500000 0.399999 -8.400000
v 6.500000 0.499999 -8.400000
v 8.300000 0.399999 -8.400000
v 8.300000 0.499999 -8.400000
v 8.500000 0.399999 -8.400000
v 8.500000 0.499999 -8.400000
v 10.300000 0.399999 -8.400000
v 10.300000 0.499999 -8.400000
v 10.500000 0.399999 -8.400000
v 10.500000 0.499999 -8.400000
v 12.300000 0.399999 -8.400000
v 12.300000 0.499999 -8.400000
v 12.500000 0.399999 -8.400000
v 12.500000 0.499999 -8.400000
v 14.300000 0.399999 -8.400000
v 14.300000 0.499999 -8.400000
v 14.500000 0.399999 -8.400000
v 14.500000 0.499999 -8.400000
v 16.299999 0.399999 -8.400000
v 16.299999 0.499999 -8.400000
v 16.500000 0.399999 -8.400000
v 16.500000 0.499999 -8.400000
v 18.299999 0.399999 -8.400000
v 18.299999 0.499999 -8.400000
v 18.500000 0.399999 -8.400000
v 18.500000 0.499999 -8.400000
v 20.299999 0.399999 -8.400000
v 20.299999 0.499999 -8.400000
v 4.400000 0.399999 -8.500000
v 4.400000 0.499999 -8.500000
v 4.500000 0.399999 -8.500000
v 4.500000 0.499999 -8.500000
v 4.500000 0.599999 -8.500000
v 6.300000 0.499999 -8.500000
v 6.300000 0.599999 -8.500000
v 6.400000 0.399999 -8.500000
v 6.400000 0.499999 -8.500000
v 6.500000 0.399999 -8.500000
v 6.500000 0.499999 -8.500000
v 6.500000 0.599999 -8.500000
v 8.300000 0.499999 -8.500000
v 8.300000 0.599999 -8.500000
v 8.400000 0.399999 -8.500000
v 8.400000 0.499999 -8.500000
v 8.500000 0.399999 -8.500000
v 8.500000 0.499999 -8.500000
v 8.500000 0.599999 -8.500000
v 10.300000 0.499999 -8.500000
v 10.300000 0.599999 -8.500000
v 10.400000 0.399999 -8.500000
v 10.400000 0.499999 -8.500000
v 10.500000 0.399999 -8.500000
v 10.500000 0.499999 -8.500000
v 10.500000 0.599999 -8.500000
v 12.300000 0.499999 -8.500000
v 12.300000 0.599999 -8.500000
v 12.400000 0.399999 -8.500000
v 12.400000 0.499999 -8.500000
v 12.500000 0.399999 -8.500000
v 12.500000 0.499999 -8.500000
v 12.500000 0.599999 -8.500000
v 14.300000 0.499999 -8.500000
v 14.300000 0.599999 -8.500000
v 14.400000 0.399999 -8.500000
v 14.400000 0.499999 -8.500000
v 14.500000 0.399999 -8.500000
v 14.500000 0.499999 -8.500000
v 14.500000 0.599999 -8.500000
v 16.299999 0.499999 -8.500000
v 16.299999 0.599999 -8.500000
v 16.400000 0.399999 -8.500000
v 16.400000 0.499999 -8.500000
v 16.500000 0.399999 -8.500000
v 16.500000 0.499999 -8.500000
v 16.500000 0.599999 -8.500000
v 18.299999 0.499999 -8.500000
v 18.299999 0.599999 -8.500000
v 18.400000 0.399999 -8.500000
v 18.400000 0.499999 -8.500000
v 18.500000 0.399999 -8.500000
v 18.500000 0.499999 -8.500000
v 18.500000 0.599999 -8.500000
v 20.299999 0.499999 -8.500000
v 20.299999 0.599999 -8.500000
v 4.400000 0.400000 -0.300000
v 4.400000 0.500000 -0.300000
v 4.500000 0.500000 -0.300000
v 4.500000 0.600000 -0.300000
v 6.300000 0.400000 -0.300000
v 6.300000 0.600000 -0.300000
v 6.400000 0.400000 -0.300000
v 6.400000 0.500000 -0.300000
v 6.500000 0.500000 -0.300000
v 6.500000 0.600000 -0.300000
v 8.300000 0.400000 -0.300000
v 8.300000 0.600000 -0.300000
v 8.400000 0.400000 -0.300000
v 8.400000 0.500000 -0.300000
v 8.500000 0.500000 -0.300000
v 8.500000 0.600000 -0.300000
v 10.300000 0.400000 -0.300000
v 10.300000 0.600000 -0.300000
v 10.400000 0.400000 -0.300000
v 10.400000 0.500000 -0.300000
v 10.500000 0.500000 -0.300000
v 10.500000 0.600000 -0.300000
v 12.300000 0.400000 -0.300000
v 12.300000 0.600000 -0.300000
v 12.400000 0.400000 -0.300000
v 12.400000 0.500000 -0.300000
v 12.500000 0.500000 -0.300000
v 12.500000 0.600000 -0.300000
v 14.300000 0.400000 -0.300000
v 14.300000 0.600000 -0.300000
v 14.400000 0.400000 -0.300000
v 14.400000 0.500000 -0.300000
v 14.500000 0.500000 -0.300000
v 14.500000 0.600000 -0.300000
v 16.299999 0.400000 -0.300000
v 16.299999 0.600000 -0.300000
v 16.400000 0.400000 -0.300000
v 16.400000 0.500000 -0.300000
v 16.500000 0.500000 -0.300000
v 16.500000 0.600000 -0.300000
v 18.299999 0.400000 -0.300000
v 18.299999 0.600000 -0.300000
v 18.400000 0.400000 -0.300000
v 18.400000 0.500000 -0.300000
v 18.500000 0.500000 -0.300000
v 18.500000 0.600000 -0.300000
v 20.299999 0.400000 -0.300000
v 20.299999 0.600000 -0.300000
v 4.400000 0.400000 -2.300000
v 4.400000 0.500000 -2.300000
v 4.500000 0.500000 -2.300000
v 4.500000 0.600000 -2.300000
v 6.300000 0.400000 -2.300000
v 6.300000 0.600000 -2.300000
v 6.400000 0.400000 -2.300000
v 6.400000 0.500000 -2.300000
v 6.500000 0.500000 -2.300000
v 6.500000 0.600000 -2.300000
v 8.300000 0.400000 -2.300000
v 8.300000 0.600000 -2.300000
v 8.400000 0.400000 -2.300000
v 8.400000 0.500000 -2.300000
v 8.500000 0.500000 -2.300000
v 8.500000 0.600000 -2.300000
v 10.300000 0.400000 -2.300000
v 10.300000 0.600000 -2.300000
v 10.400000 0.400000 -2.300000
v 10.400000 0.500000 -2.300000
v 10.500000 0.500000 -2.300000
v 10.500000 0.600000 -2.300000
v 12.300000 0.400000 -2.300000
v 12.300000 0.600000 -2.300000
v 12.400000 0.400000 -2.300000
v 12.400000 0.500000 -2.300000
v 12.500000 0.500000 -2.300000
v 12.500000 0.600000 -2.300000
v 14.300000 0.400000 -2.300000
v 14.300000 0.600000 -2.300000
v 14.400000 0.400000 -2.300000
v 14.400000 0.500000 -2.300000
v 14.500000 0.500000 -2.300000
v 14.500000 0.600000 -2.300000
v 16.299999 0.400000 -2.300000
v 16.299999 0.600000 -2.300000
v 16.400000 0.400000 -2.300000
v 16.400000 0.500000 -2.300000
v 16.500000 0.500000 -2.300000
v 16.500000 0.600000 -2.300000
v 18.299999 0.400000 -2.300000
v 18.299999 0.600000 -2.300000
v 18.400000 0.400000 -2.300000
v 18.400000 0.500000 -2.300000
v 18.500000 0.500000 -2.300000
v 18.500000 0.600000 -2.300000
v 20.299999 0.400000 -2.300000
v 20.299999 0.600000 -2.300000
v 4.400000 0.400000 -4.300000
v 4.400000 0.500000 -4.300000
v 4.500000 0.500000 -4.300000
v 4.500000 0.600000 -4.300000
v 6.300000 0.400000 -4.300000
v 6.300000 0.600000 -4.300000
v 6.400000 0.400000 -4.300000
v 6.400000 0.500000 -4.300000
v 6.500000 0.500000 -4.300000
v 6.500000 0.600000 -4.300000
v 8.300000 0.400000 -4.300000
v 8.300000 0.600000 -4.300000
v 8.400000 0.400000 -4.300000
v 8.400000 0.500000 -4.300000
v 8.500000 0.500000 -4.300000
v 8.500000 0.600000 -4.300000
v 10.300000 0.400000 -4.300000
v 10.300000 0.600000 -4.300000
v 10.400000 0.400000 -4.300000
v 10.400000 0.500000 -4.300000
v 10.500000 0.500000 -4.300000
v 10.500000 0.600000 -4.300000
v 12.300000 0.400000 -4.300000
v 12.300000 0.600000 -4.300000
v 12.400000 0.400000 -4.300000
v 12.400000 0.500000 -4.300000
v 12.500000 0.500000 -4.300000
v 12.500000 0.600000 -4.300000
v 14.300000 0.400000 -4.300000
v 14.300000 0.600000 -4.300000
v 14.400000 0.400000 -4.300000
v 14.400000 0.500000 -4.300000
v 14.500000 0.500000 -4.300000
v 14.500000 0.600000 -4.300000
v 16.299999 0.400000 -4.300000
v 16.299999 0.600000 -4.300000
v 16.400000 0.400000 -4.300000
v 16.400000 0.500000 -4.300000
v 16.500000 0.500000 -4.300000
v 16.500000 0.600000 -4.300000
v 18.299999 0.400000 -4.300000
v 18.299999 0.600000 -4.300000
v 18.400000 0.400000 -4.300000
v 18.400000 0.500000 -4.300000
v 18.500000 0.500000 -4.300000
v 18.500000 0.600000 -4.300000
v 20.299999 0.400000 -4.300000
v 20.299999 0.600000 -4.300000
v 4.400000 0.400000 -6.300000
v 4.400000 0.500000 -6.300000
v 4.500000 0.500000 -6.300000
v 4.500000 0.600000 -6.300000
v 6.300000 0.400000 -6.300000
v 6.300000 0.600000 -6.300000
v 6.400000 0.400000 -6.300000
v 6.400000 0.500000 -6.300000
v 6.500000 0.500000 -6.300000
v 6.500000 0.600000 -6.300000
v 8.300000 0.400000 -6.300000
v 8.300000 0.600000 -6.300000
v 8.400000 0.400000 -6.300000
v 8.400000 0.500000 -6.300000
v 8.500000 0.500000 -6.300000
v 8.500000 0.600000 -6.300000
v 10.300000 0.400000 -6.300000
v 10.300000 0.600000 -6.300000
v 10.400000 0.400000 -6.300000
v 10.400000 0.500000 -6.300000
v 10.500000 0.500000 -6.300000
v 10.500000 0.600000 -6.300000
v 12.300000 0.400000 -6.300000
v 12.300000 0.600000 -6.300000
v 12.400000 0.400000 -6.300000
v 12.400000 0.500000 -6.300000
v 12.500000 0.500000 -6.300000
v 12.500000 0.600000 -6.300000
v 14.300000 0.400000 -6.300000
v 14.300000 0.600000 -6.300000
v 14.400000 0.400000 -6.300000
v 14.400000 0.500000 -6.300000
v 14.500000 0.500000 -6.300000
v 14.500000 0.600000 -6.300000
v 16.299999 0.400000 -6.300000
v 16.299999 0.600000 -6.300000
v 16.400000 0.400000 -6.300000
v 16.400000 0.500000 -6.300000
v 16.500000 0.500000 -6.300000
v 16.500000 0.600000 -6.300000
v 18.299999 0.400000 -6.300000
v 18.299999 0.600000 -6.300000
v 18.400000 0.400000 -6.300000
v 18.400000 0.500000 -6.300000
v 18.500000 0.500000 -6.300000
v 18.500000 0.600000 -6.300000
v 20.299999 0.400000 -6.300000
v 20.299999 0.600000 -6.300000
v 4.400000 0.399999 -8.300000
v 4.400000 0.499999 -8.300000
v 4.500000 0.499999 -8.300000
v 4.500000 0.599999 -8.300000
v 6.300000 0.399999 -8.300000
v 6.300000 0.599999 -8.300000
v 6.400000 0.399999 -8.300000
v 6.400000 0.499999 -8.300000
v 6.500000 0.499999 -8.300000
v 6.500000 0.599999 -8.300000
v 8.300000 0.399999 -8.300000
v 8.300000 0.599999 -8.300000
v 8.400000 0.399999 -8.300000
v 8.400000 0.499999 -8.300000
v 8.500000 0.499999 -8.300000
v 8.500000 0.599999 -8.300000
v 10.300000 0.399999 -8.300000
v 10.300000 0.599999 -8.300000
v 10.400000 0.399999 -8.300000
v 10.400000 0.499999 -8.300000
v 10.500000 0.499999 -8.300000
v 10.500000 0.599999 -8.300000
v 12.300000 0.399999 -8.300000
v 12.300000 0.599999 -8.300000
v 12.400000 0.399999 -8.300000
v 12.400000 0.499999 -8.300000
v 12.500000 0.499999 -8.300000
v 12.500000 0.599999 -8.300000
v 14.300000 0.399999 -8.300000
v 14.300000 0.599999 -8.300000
v 14.400000 0.399999 -8.300000
v 14.400000 0.499999 -8.300000
v 14.500000 0.499999 -8.300000
v 14.500000 0.599999 -8.300000
v 16.299999 0.399999 -8.300000
v 16.299999 0.599999 -8.300000
v 16.400000 0.399999 -8.300000
v 16.400000 0.499999 -8.300000
v 16.500000 0.499999 -8.300000
v 16.500000 0.599999 -8.300000
v 18.299999 0.399999 -8.300000
v 18.299999 0.599999 -8.300000
v 18.400000 0.399999 -8.300000
v 18.400000 0.499999 -8.300000
v 18.500000 0.499999 -8.300000
v 18.500000 0.599999 -8.300000
v 20.299999 0.399999 -8.300000
v 20.299999 0.599999 -8.300000
v 4.400000 0.399999 -10.300000
v 4.400000 0.499999 -10.300000
v 4.500000 0.499999 -10.300000
v 4.500000 0.599999 -10.300000
v 6.300000 0.399999 -10.300000
v 6.300000 0.599999 -10.300000
v 6.400000 0.399999 -10.300000
v 6.400000 0.499999 -10.300000
v 6.500000 0.499999 -10.300000
v 6.500000 0.599999 -10.300000
v 8.300000 0.399999 -10.300000
v 8.300000 0.599999 -10.300000
v 8.400000 0.399999 -10.300000
v 8.400000 0.499999 -10.300000
v 8.500000 0.499999 -10.300000
v 8.500000 0.599999 -10.300000
v 10.300000 0.399999 -10.300000
v 10.300000 0.599999 -10.300000
v 10.400000 0.399999 -10.300000
v 10.400000 0.499999 -10.300000
v 10.500000 0.499999 -10.300000
v 10.500000 0.599999 -10.300000
v 12.300000 0.399999 -10.300000
v 12.300000 0.599999 -10.300000
v 12.400000 0.399999 -10.300000
v 12.400000 0.499999 -10.300000
v 12.500000 0.499999 -10.300000
v 12.500000 0.599999 -10.300000
v 14.300000 0.399999 -10.300000
v 14.300000 0.599999 -10.300000
v 14.400000 0.399999 -10.300000
v 14.400000 0.499999 -10.300000
v 14.500000 0.499999 -10.300000
v 14.500000 0.599999 -10.300000
v 16.299999 0.399999 -10.300000
v 16.299999 0.599999 -10.300000
v 16.400000 0.399999 -10.300000
v 16.400000 0.499999 -10.300000
v 16.500000 0.499999 -10.300000
v 16.500000 0.599999 -10.300000
v 18.299999 0.399999 -10.300000
v 18.299999 0.599999 -10.300000
v 18.400000 0.399999 -10.300000
v 18.400000 0.499999 -10.300000
v 18.500000 0.499999 -10.300000
v 18.500000 0.599999 -10.300000
v 20.299999 0.399999 -10.300000
v 20.299999 0.599999 -10.300000
v 4.400000 -0.000001 -10.400000
v 4.400000 0.299999 -10.400000
v 4.400000 0.399999 -10.400000
v 4.500000 0.199999 -10.400000
v 4.500000 0.299999 -10.400000
v 6.300000 0.199999 -10.400000
v 6.300000 0.299999 -10.400000
v 6.500000 0.199999 -10.400000
v 6.500000 0.299999 -10.400000
v 8.300000 0.199999 -10.400000
v 8.300000 0.299999 -10.400000
v 8.500000 0.199999 -10.400000
v 8.500000 0.299999 -10.400000
v 10.300000 0.199999 -10.400000
v 10.300000 0.299999 -10.400000
v 10.500000 0.199999 -10.400000
v 10.500000 0.299999 -10.400000
v 12.300000 0.199999 -10.400000
v 12.300000 0.299999 -10.400000
v 12.500000 0.199999 -10.400000
v 12.500000 0.299999 -10.400000
v 14.300000 0.199999 -10.400000
v 14.300000 0.299999 -10.400000
v 14.500000 0.199999 -10.400000
v 14.500000 0.299999 -10.400000
v 16.299999 0.199999 -10.400000
v 16.299999 0.299999 -10.400000
v 16.500000 0.199999 -10.400000
v 16.500000 0.299999 -10.400000
v 18.299999 0.199999 -10.400000
v 18.299999 0.299999 -10.400000
v 18.500000 0.199999 -10.400000
v 18.500000 0.299999 -10.400000
v 20.299999 0.199999 -10.400000
v 20.299999 0.299999 -10.400000
v 20.400000 -0.000001 -10.400000
v 20.400000 0.299999 -10.400000
v 20.400000 0.399999 -10.400000
v 4.400000 0.000000 1.600000
v 20.400000 0.000000 1.600000
v 4.400000 -0.000001 -10.400000
v 20.400000 -0.000001 -10.400000
v 4.400000 0.400000 1.600000
v 4.500000 0.400000 1.600000
v 6.300000 0.400000 1.600000
v 6.500000 0.400000 1.600000
v 8.300000 0.400000 1.600000
v 8.500000 0.400000 1.600000
v 10.300000 0.400000 1.600000
v 10.500000 0.400000 1.600000
v 12.300000 0.400000 1.600000
v 12.500000 0.400000 1.600000
v 14.300000 0.400000 1.600000
v 14.500000 0.400000 1.600000
v 16.299999 0.400000 1.600000
v 16.500000 0.400000 1.600000
v 18.299999 0.400000 1.600000
v 18.500000 0.400000 1.600000
v 20.299999 0.400000 1.600000
v 20.400000 0.400000 1.600000
v 4.400000 0.400000 1.500000
v 4.500000 0.400000 1.500000
v 6.400000 0.400000 1.500000
v 6.500000 0.400000 1.500000
v 8.400000 0.400000 1.500000
v 8.500000 0.400000 1.500000
v 10.400000 0.400000 1.500000
v 10.500000 0.400000 1.500000
v 12.400000 0.400000 1.500000
v 12.500000 0.400000 1.500000
v 14.400000 0.400000 1.500000
v 14.500000 0.400000 1.500000
v 16.400000 0.400000 1.500000
v 16.500000 0.400000 1.500000
v 18.400000 0.400000 1.500000
v 18.500000 0.400000 1.500000
v 4.400000 0.400000 -0.300000
v 6.300000 0.400000 -0.300000
v 6.400000 0.400000 -0.300000
v 8.300000 0.400000 -0.300000
v 8.400000 0.400000 -0.300000
v 10.300000 0.400000 -0.300000
v 10.400000 0.400000 -0.300000
v 12.300000 0.400000 -0.300000
v 12.400000 0.400000 -0.300000
v 14.300000 0.400000 -0.300000
v 14.400000 0.400000 -0.300000
v 16.299999 0.400000 -0.300000
v 16.400000 0.400000 -0.300000
v 18.299999 0.400000 -0.300000
v 18.400000 0.400000 -0.300000
v 20.299999 0.400000 -0.300000
v 4.500000 0.400000 -0.400000
v 6.300000 0.400000 -0.400000
v 6.500000 0.400000 -0.400000
v 8.300000 0.400000 -0.400000
v 8.500000 0.400000 -0.400000
v 10.300000 0.400000 -0.400000
v 10.500000 0.400000 -0.400000
v 12.300000 0.400000 -0.400000
v 12.500000 0.400000 -0.400000
v 14.300000 0.400000 -0.400000
v 14.500000 0.400000 -0.400000
v 16.299999 0.400000 -0.400000
v 16.500000 0.400000 -0.400000
v 18.299999 0.400000 -0.400000
v 18.500000 0.400000 -0.400000
v 20.299999 0.400000 -0.400000
v 4.400000 0.400000 -0.500000
v 4.500000 0.400000 -0.500000
v 6.400000 0.400000 -0.500000
v 6.500000 0.400000 -0.500000
v 8.400000 0.400000 -0.500000
v 8.500000 0.400000 -0.500000
v 10.400000 0.400000 -0.500000
v 10.500000 0.400000 -0.500000
v 12.400000 0.400000 -0.500000
v 12.500000 0.400000 -0.500000
v 14.400000 0.400000 -0.500000
v 14.500000 0.400000 -0.500000
v 16.400000 0.400000 -0.500000
v 16.500000 0.400000 -0.500000
v 18.400000 0.400000 -0.500000
v 18.500000 0.400000 -0.500000
v 4.400000 0.400000 -2.300000
v 6.300000 0.400000 -2.300000
v 6.400000 0.400000 -2.300000
v 8.300000 0.400000 -2.300000
v 8.400000 0.400000 -2.300000
v 10.300000 0.400000 -2.300000
v 10.400000 0.400000 -2.300000
v 12.300000 0.400000 -2.300000
v 12.400000 0.400000 -2.300000
v 14.300000 0.400000 -2.300000
v 14.400000 0.400000 -2.300000
v 16.299999 0.400000 -2.300000
v 16.400000 0.400000 -2.300000
v 18.299999 0.400000 -2.300000
v 18.400000 0.400000 -2.300000
v 20.299999 0.400000 -2.300000
v 4.500000 0.400000 -2.400000
v 6.300000 0.400000 -2.400000
v 6.500000 0.400000 -2.400000
v 8.300000 0.400000 -2.400000
v 8.500000 0.400000 -2.400000
v 10.300000 0.400000 -2.400000
v 10.500000 0.400000 -2.400000
v 12.300000 0.400000 -2.400000
v 12.500000 0.400000 -2.400000
v 14.300000 0.400000 -2.400000
v 14.500000 0.400000 -2.400000
v 16.299999 0.400000 -2.400000
v 16.500000 0.400000 -2.400000
v 18.299999 0.400000 -2.400000
v 18.500000 0.400000 -2.400000
v 20.299999 0.400000 -2.400000
v 4.400000 0.400000 -2.500000
v 4.500000 0.400000 -2.500000
v 6.400000 0.400000 -2.500000
v 6.500000 0.400000 -2.500000
v 8.400000 0.400000 -2.500000
v 8.500000 0.400000 -2.500000
v 10.400000 0.400000 -2.500000
v 10.500000 0.400000 -2.500000
v 12.400000 0.400000 -2.500000
v 12.500000 0.400000 -2.500000
v 14.400000 0.400000 -2.500000
v 14.500000 0.400000 -2.500000
v 16.400000 0.400000 -2.500000
v 16.500000 0.400000 -2.500000
v 18.400000 0.400000 -2.500000
v 18.500000 0.400000 -2.500000
v 4.400000 0.400000 -4.300000
v 6.300000 0.400000 -4.300000
v 6.400000 0.400000 -4.300000
v 8.300000 0.400000 -4.300000
v 8.400000 0.400000 -4.300000
v 10.300000 0.400000 -4.300000
v 10.400000 0.400000 -4.300000
v 12.300000 0.400000 -4.300000
v 12.400000 0.400000 -4.300000
v 14.300000 0.400000 -4.300000
v 14.400000 0.400000 -4.300000
v 16.299999 0.400000 -4.300000
v 16.400000 0.400000 -4.300000
v 18.299999 0.400000 -4.300000
v 18.400000 0.400000 -4.300000
v 20.299999 0.400000 -4.300000
v 4.500000 0.400000 -4.400000
v 6.300000 0.400000 -4.400000
v 6.500000 0.400000 -4.400000
v 8.300000 0.400000 -4.400000
v 8.500000 0.400000 -4.400000
v 10.300000 0.400000 -4.400000
v 10.500000 0.400000 -4.400000
v 12.300000 0.400000 -4.400000
v 12.500000 0.400000 -4.400000
v 14.300000 0.400000 -4.400000
v 14.500000 0.400000 -4.400000
v 16.299999 0.400000 -4.400000
v 16.500000 0.400000 -4.400000
v 18.299999 0.400000 -4.400000
v 18.500000 0.400000 -4.400000
v 20.299999 0.400000 -4.400000
v 4.400000 0.400000 -4.500000
v 4.500000 0.400000 -4.500000
v 6.400000 0.400000 -4.500000
v 6.500000 0.400000 -4.500000
v 8.400000 0.400000 -4.500000
v 8.500000 0.400000 -4.500000
v 10.400000 0.400000 -4.500000
v 10.500000 0.400000 -4.500000
v 12.400000 0.400000 -4.500000
v 12.500000 0.400000 -4.500000
v 14.400000 0.400000 -4.500000
v 14.500000 0.400000 -4.500000
v 16.400000 0.400000 -4.500000
v 16.500000 0.400000 -4.500000
v 18.400000 0.400000 -4.500000
v 18.500000 0.400000 -4.500000
v 4.400000 0.400000 -6.300000
v 6.300000 0.400000 -6.300000
v 6.400000 0.400000 -6.300000
v 8.300000 0.400000 -6.300000
v 8.400000 0.400000 -6.300000
v 10.300000 0.400000 -6.300000
v 10.400000 0.400000 -6.300000
v 12.300000 0.400000 -6.300000
v 12.400000 0.400000 -6.300000
v 14.300000 0.400000 -6.300000
v 14.400000 0.400000 -6.300000
v 16.299999 0.400000 -6.300000
v 16.400000 0.400000 -6.300000
v 18.299999 0.400000 -6.300000
v 18.400000 0.400000 -6.300000
v 20.299999 0.400000 -6.300000
v 4.500000 0.400000 -6.400000
v 6.300000 0.400000 -6.400000
v 6.500000 0.400000 -6.400000
v 8.300000 0.400000 -6.400000
v 8.500000 0.400000 -6.400000
v 10.300000 0.400000 -6.400000
v 10.500000 0.400000 -6.400000
v 12.300000 0.400000 -6.400000
v 12.500000 0.400000 -6.400000
v 14.300000 0.400000 -6.400000
v 14.500000 0.400000 -6.400000
v 16.299999 0.400000 -6.400000
v 16.500000 0.400000 -6.400000
v 18.299999 0.400000 -6.400000
v 18.500000 0.400000 -6.400000
v 20.299999 0.400000 -6.400000
v 4.400000 0.400000 -6.500000
v 4.500000 0.400000 -6.500000
v 6.400000 0.400000 -6.500000
v 6.500000 0.400000 -6.500000
v 8.400000 0.400000 -6.500000
v 8.500000 0.400000 -6.500000
v 10.400000 0.400000 -6.500000
v 10.500000 0.400000 -6.500000
v 12.400000 0.400000 -6.500000
v 12.500000 0.400000 -6.500000
v 14.400000 0.400000 -6.500000
v 14.500000 0.400000 -6.500000
v 16.400000 0.400000 -6.500000
v 16.500000 0.400000 -6.500000
v 18.400000 0.400000 -6.500000
v 18.500000 0.400000 -6.500000
v 4.400000 0.399999 -8.300000
v 6.300000 0.399999 -8.300000
v 6.400000 0.399999 -8.300000
v 8.300000 0.399999 -8.300000
v 8.400000 0.399999 -8.300000
v 10.300000 0.399999 -8.300000
v 10.400000 0.399999 -8.300000
v 12.300000 0.399999 -8.300000
v 12.400000 0.399999 -8.300000
v 14.300000 0.399999 -8.300000
v 14.400000 0.399999 -8.300000
v 16.299999 0.399999 -8.300000
v 16.400000 0.399999 -8.300000
v 18.299999 0.399999 -8.300000
v 18.400000 0.399999 -8.300000
v 20.299999 0.399999 -8.300000
v 4.500000 0.399999 -8.400000
v 6.300000 0.399999 -8.400000
v 6.500000 0.399999 -8.400000
v 8.300000 0.399999 -8.400000
v 8.500000 0.399999 -8.400000
v 10.300000 0.399999 -8.400000
v 10.500000 0.399999 -8.400000
v 12.300000 0.399999 -8.400000
v 12.500000 0.399999 -8.400000
v 14.300000 0.399999 -8.400000
v 14.500000 0.399999 -8.400000
v 16.299999 0.399999 -8.400000
v 16.500000 0.399999 -8.400000
v 18.299999 0.399999 -8.400000
v 18.500000 0.399999 -8.400000
v 20.299999 0.399999 -8.400000
v 4.400000 0.399999 -8.500000
v 4.500000 0.399999 -8.500000
v 6.400000 0.399999 -8.500000
v 6.500000 0.399999 -8.500000
v 8.400000 0.399999 -8.500000
v 8.500000 0.399999 -8.500000
v 10.400000 0.399999 -8.500000
v 10.500000 0.399999 -8.500000
v 12.400000 0.399999 -8.500000
v 12.500000 0.399999 -8.500000
v 14.400000 0.399999 -8.500000
v 14.500000 0.399999 -8.500000
v 16.400000 0.399999 -8.500000
v 16.500000 0.399999 -8.500000
v 18.400000 0.399999 -8.500000
v 18.500000 0.399999 -8.500000
v 4.400000 0.399999 -10.300000
v 6.300000 0.399999 -10.300000
v 6.400000 0.399999 -10.300000
v 8.300000 0.399999 -10.300000
v 8.400000 0.399999 -10.300000
v 10.300000 0.399999 -10.300000
v 10.400000 0.399999 -10.300000
v 12.300000 0.399999 -10.300000
v 12.400000 0.399999 -10.300000
v 14.300000 0.399999 -10.300000
v 14.400000 0.399999 -10.300000
v 16.299999 0.399999 -10.300000
v 16.400000 0.399999 -10.300000
v 18.299999 0.399999 -10.300000
v 18.400000 0.399999 -10.300000
v 20.299999 0.399999 -10.300000
v 4.400000 0.399999 -10.400000
v 20.400000 0.399999 -10.400000
v 4.500000 0.500000 1.600000
v 6.300000 0.500000 1.600000
v 6.500000 0.500000 1.600000
v 8.300000 0.500000 1.600000
v 8.500000 0.500000 1.600000
v 10.300000 0.500000 1.600000
v 10.500000 0.500000 1.600000
v 12.300000 0.500000 1.600000
v 12.500000 0.500000 1.600000
v 14.300000 0.500000 1.600000
v 14.500000 0.500000 1.600000
v 16.299999 0.500000 1.600000
v 16.500000 0.500000 1.600000
v 18.299999 0.500000 1.600000
v 18.500000 0.500000 1.600000
v 20.299999 0.500000 1.600000
v 4.400000 0.500000 1.500000
v 4.500000 0.500000 1.500000
v 6.300000 0.500000 1.500000
v 6.400000 0.500000 1.500000
v 6.500000 0.500000 1.500000
v 8.300000 0.500000 1.500000
v 8.400000 0.500000 1.500000
v 8.500000 0.500000 1.500000
v 10.300000 0.500000 1.500000
v 10.400000 0.500000 1.500000
v 10.500000 0.500000 1.500000
v 12.300000 0.500000 1.500000
v 12.400000 0.500000 1.500000
v 12.500000 0.500000 1.500000
v 14.300000 0.500000 1.500000
v 14.400000 0.500000 1.500000
v 14.500000 0.500000 1.500000
v 16.299999 0.500000 1.500000
v 16.400000 0.500000 1.500000
v 16.500000 0.500000 1.500000
v 18.299999 0.500000 1.500000
v 18.400000 0.500000 1.500000
v 18.500000 0.500000 1.500000
v 20.299999 0.500000 1.500000
v 4.400000 0.500000 -0.300000
v 4.500000 0.500000 -0.300000
v 6.400000 0.500000 -0.300000
v 6.500000 0.500000 -0.300000
v 8.400000 0.500000 -0.300000
v 8.500000 0.500000 -0.300000
v 10.400000 0.500000 -0.300000
v 10.500000 0.500000 -0.300000
v 12.400000 0.500000 -0.300000
v 12.500000 0.500000 -0.300000
v 14.400000 0.500000 -0.300000
v 14.500000 0.500000 -0.300000
v 16.400000 0.500000 -0.300000
v 16.500000 0.500000 -0.300000
v 18.400000 0.500000 -0.300000
v 18.500000 0.500000 -0.300000
v 4.500000 0.500000 -0.400000
v 6.300000 0.500000 -0.400000
v 6.500000 0.500000 -0.400000
v 8.300000 0.500000 -0.400000
v 8.500000 0.500000 -0.400000
v 10.300000 0.500000 -0.400000
v 10.500000 0.500000 -0.400000
v 12.300000 0.500000 -0.400000
v 12.500000 0.500000 -0.400000
v 14.300000 0.500000 -0.400000
v 14.500000 0.500000 -0.400000
v 16.299999 0.500000 -0.400000
v 16.500000 0.500000 -0.400000
v 18.299999 0.500000 -0.400000
v 18.500000 0.500000 -0.400000
v 20.299999 0.500000 -0.400000
v 4.400000 0.500000 -0.500000
v 4.500000 0.500000 -0.500000
v 6.300000 0.500000 -0.500000
v 6.400000 0.500000 -0.500000
v 6.500000 0.500000 -0.500000
v 8.300000 0.500000 -0.500000
v 8.400000 0.500000 -0.500000
v 8.500000 0.500000 -0.500000
v 10.300000 0.500000 -0.500000
v 10.400000 0.500000 -0.500000
v 10.500000 0.500000 -0.500000
v 12.300000 0.500000 -0.500000
v 12.400000 0.500000 -0.500000
v 12.500000 0.500000 -0.500000
v 14.300000 0.500000 -0.500000
v 14.400000 0.500000 -0.500000
v 14.500000 0.500000 -0.500000
v 16.299999 0.500000 -0.500000
v 16.400000 0.500000 -0.500000
v 16.500000 0.500000 -0.500000
v 18.299999 0.500000 -0.500000
v 18.400000 0.500000 -0.500000
v 18.500000 0.500000 -0.500000
v 20.299999 0.500000 -0.500000
v 4.400000 0.500000 -2.300000
v 4.500000 0.500000 -2.300000
v 6.400000 0.500000 -2.300000
v 6.500000 0.500000 -2.300000
v 8.400000 0.500000 -2.300000
v 8.500000 0.500000 -2.300000
v 10.400000 0.500000 -2.300000
v 10.500000 0.500000 -2.300000
v 12.400000 0.500000 -2.300000
v 12.500000 0.500000 -2.300000
v 14.400000 0.500000 -2.300000
v 14.500000 0.500000 -2.300000
v 16.400000 0.500000 -2.300000
v 16.500000 0.500000 -2.300000
v 18.400000 0.500000 -2.300000
v 18.500000 0.500000 -2.300000
v 4.500000 0.500000 -2.400000
v 6.300000 0.500000 -2.400000
v 6.500000 0.500000 -2.400000
v 8.300000 0.500000 -2.400000
v 8.500000 0.500000 -2.400000
v 10.300000 0.500000 -2.400000
v 10.500000 0.500000 -2.400000
v 12.300000 0.500000 -2.400000
v 12.500000 0.500000 -2.400000
v 14.300000 0.500000 -2.400000
v 14.500000 0.500000 -2.400000
v 16.299999 0.500000 -2.400000
v 16.500000 0.500000 -2.400000
v 18.299999 0.500000 -2.400000
v 18.500000 0.500000 -2.400000
v 20.299999 0.500000 -2.400000
v 4.400000 0.500000 -2.500000
v 4.500000 0.500000 -2.500000
v 6.300000 0.500000 -2.500000
v 6.400000 0.500000 -2.500000
v 6.500000 0.500000 -2.500000
v 8.300000 0.500000 -2.500000
v 8.400000 0.500000 -2.500000
v 8.500000 0.500000 -2.500000
v 10.300000 0.500000 -2.500000
v 10.400000 0.500000 -2.500000
v 10.500000 0.500000 -2.500000
v 12.300000 0.500000 -2.500000
v 12.400000 0.500000 -2.500000
v 12.500000 0.500000 -2.500000
v 14.300000 0.500000 -2.500000
v 14.400000 0.500000 -2.500000
v 14.500000 0.500000 -2.500000
v 16.299999 0.500000 -2.500000
v 16.400000 0.500000 -2.500000
v 16.500000 0.500000 -2.500000
v 18.299999 0.500000 -2.500000
v 18.400000 0.500000 -2.500000
v 18.500000 0.500000 -2.500000
v 20.299999 0.500000 -2.500000
v 4.400000 0.500000 -4.300000
v 4.500000 0.500000 -4.300000
v 6.400000 0.500000 -4.300000
v 6.500000 0.500000 -4.300000
v 8.400000 0.500000 -4.300000
v 8.500000 0.500000 -4.300000
v 10.400000 0.500000 -4.300000
v 10.500000 0.500000 -4.300000
v 12.400000 0.500000 -4.300000
v 12.500000 0.500000 -4.300000
v 14.400000 0.500000 -4.300000
v 14.500000 0.500000 -4.300000
v 16.400000 0.500000 -4.300000
v 16.500000 0.500000 -4.300000
v 18.400000 0.500000 -4.300000
v 18.500000 0.500000 -4.300000
v 4.500000 0.500000 -4.400000
v 6.300000 0.500000 -4.400000
v 6.500000 0.500000 -4.400000
v 8.300000 0.500000 -4.400000
v 8.500000 0.500000 -4.400000
v 10.300000 0.500000 -4.400000
v 10.500000 0.500000 -4.400000
v 12.300000 0.500000 -4.400000
v 12.500000 0.500000 -4.400000
v 14.300000 0.500000 -4.400000
v 14.500000 0.500000 -4.400000
v 16.299999 0.500000 -4.400000
v 16.500000 0.500000 -4.400000
v 18.299999 0.500000 -4.400000
v 18.500000 0.500000 -4.400000
v 20.299999 0.500000 -4.400000
v 4.400000 0.500000 -4.500000
v 4.500000 0.500000 -4.500000
v 6.300000 0.500000 -4.500000
v 6.400000 0.500000 -4.500000
v 6.500000 0.500000 -4.500000
v 8.300000 0.500000 -4.500000
v 8.400000 0.500000 -4.500000
v 8.500000 0.500000 -4.500000
v 10.300000 0.500000 -4.500000
v 10.400000 0.500000 -4.500000
v 10.500000 0.500000 -4.500000
v 12.300000 0.500000 -4.500000
v 12.400000 0.500000 -4.500000
v 12.500000 0.500000 -4.500000
v 14.300000 0.500000 -4.500000
v 14.400000 0.500000 -4.500000
v 14.500000 0.500000 -4.500000
v 16.299999 0.500000 -4.500000
v 16.400000 0.500000 -4.500000
v 16.500000 0.500000 -4.500000
v 18.299999 0.500000 -4.500000
v 18.400000 0.500000 -4.500000
v 18.500000 0.500000 -4.500000
v 20.299999 0.500000 -4.500000
v 4.400000 0.500000 -6.300000
v 4.500000 0.500000 -6.300000
v 6.400000 0.500000 -6.300000
v 6.500000 0.500000 -6.300000
v 8.400000 0.500000 -6.300000
v 8.500000 0.500000 -6.300000
v 10.400000 0.500000 -6.300000
v 10.500000 0.500000 -6.300000
v 12.400000 0.500000 -6.300000
v 12.500000 0.500000 -6.300000
v 14.400000 0.500000 -6.300000
v 14.500000 0.500000 -6.300000
v 16.400000 0.500000 -6.300000
v 16.500000 0.500000 -6.300000
v 18.400000 0.500000 -6.300000
v 18.500000 0.500000 -6.300000
v 4.500000 0.500000 -6.400000
v 6.300000 0.500000 -6.400000
v 6.500000 0.500000 -6.400000
v 8.300000 0.500000 -6.400000
v 8.500000 0.500000 -6.400000
v 10.300000 0.500000 -6.400000
v 10.500000 0.500000 -6.400000
v 12.300000 0.500000 -6.400000
v 12.500000 0.500000 -6.400000
v 14.300000 0.500000 -6.400000
v 14.500000 0.500000 -6.400000
v 16.299999 0.500000 -6.400000
v 16.500000 0.500000 -6.400000
v 18.299999 0.500000 -6.400000
v 18.500000 0.500000 -6.400000
v 20.299999 0.500000 -6.400000
v 4.400000 0.500000 -6.500000
v 4.500000 0.500000 -6.500000
v 6.300000 0.500000 -6.500000
v 6.400000 0.500000 -6.500000
v 6.500000 0.500000 -6.500000
v 8.300000 0.500000 -6.500000
v 8.400000 0.500000 -6.500000
v 8.500000 0.500000 -6.500000
v 10.300000 0.500000 -6.500000
v 10.400000 0.500000 -6.500000
v 10.500000 0.500000 -6.500000
v 12.300000 0.500000 -6.500000
v 12.400000 0.500000 -6.500000
v 12.500000 0.500000 -6.500000
v 14.300000 0.500000 -6.500000
v 14.400000 0.500000 -6.500000
v 14.500000 0.500000 -6.500000
v 16.299999 0.500000 -6.500000
v 16.400000 0.500000 -6.500000
v 16.500000 0.500000 -6.500000
v 18.299999 0.500000 -6.500000
v 18.400000 0.500000 -6.500000
v 18.500000 0.500000 -6.500000
v 20.299999 0.500000 -6.500000
v 4.400000 0.499999 -8.300000
v 4.500000 0.499999 -8.300000
v 6.400000 0.499999 -8.300000
v 6.500000 0.499999 -8.300000
v 8.400000 0.499999 -8.300000
v 8.500000 0.499999 -8.300000
v 10.400000 0.499999 -8.300000
v 10.500000 0.499999 -8.300000
v 12.400000 0.499999 -8.300000
v 12.500000 0.499999 -8.300000
v 14.400000 0.499999 -8.300000
v 14.500000 0.499999 -8.300000
v 16.400000 0.499999 -8.300000
v 16.500000 0.499999 -8.300000
v 18.400000 0.499999 -8.300000
v 18.500000 0.499999 -8.300000
v 4.500000 0.499999 -8.400000
v 6.300000 0.499999 -8.400000
v 6.500000 0.499999 -8.400000
v 8.300000 0.499999 -8.400000
v 8.500000 0.499999 -8.400000
v 10.300000 0.499999 -8.400000
v 10.500000 0.499999 -8.400000
v 12.300000 0.499999 -8.400000
v 12.500000 0.499999 -8.400000
v 14.300000 0.499999 -8.400000
v 14.500000 0.499999 -8.400000
v 16.299999 0.499999 -8.400000
v 16.500000 0.499999 -8.400000
v 18.299999 0.499999 -8.400000
v 18.500000 0.499999 -8.400000
v 20.299999 0.499999 -8.400000
v 4.400000 0.499999 -8.500000
v 4.500000 0.499999 -8.500000
v 6.300000 0.499999 -8.500000
v 6.400000 0.499999 -8.500000
v 6.500000 0.499999 -8.500000
v 8.300000 0.499999 -8.500000
v 8.400000 0.499999 -8.500000
v 8.500000 0.499999 -8.500000
v 10.300000 0.499999 -8.500000
v 10.400000 0.499999 -8.500000
v 10.500000 0.499999 -8.500000
v 12.300000 0.499999 -8.500000
v 12.400000 0.499999 -8.500000
v 12.500000 0.499999 -8.500000
v 14.300000 0.499999 -8.500000
v 14.400000 0.499999 -8.500000
v 14.500000 0.499999 -8.500000
v 16.299999 0.499999 -8.500000
v 16.400000 0.499999 -8.500000
v 16.500000 0.499999 -8.500000
v 18.299999 0.499999 -8.500000
v 18.400000 0.499999 -8.500000
v 18.500000 0.499999 -8.500000
v 20.299999 0.499999 -8.500000
v 4.400000 0.499999 -10.300000
v 4.500000 0.499999 -10.300000
v 6.400000 0.499999 -10.300000
v 6.500000 0.499999 -10.300000
v 8.400000 0.499999 -10.300000
v 8.500000 0.499999 -10.300000
v 10.400000 0.499999 -10.300000
v 10.500000 0.499999 -10.300000
v 12.400000 0.499999 -10.300000
v 12.500000 0.499999 -10.300000
v 14.400000 0.499999 -10.300000
v 14.500000 0.499999 -10.300000
v 16.400000 0.499999 -10.300000
v 16.500000 0.499999 -10.300000
v 18.400000 0.499999 -10.300000
v 18.500000 0.499999 -10.300000
v 4.500000 0.600000 1.500000
v 6.300000 0.600000 1.500000
v 6.500000 0.600000 1.500000
v 8.300000 0.600000 1.500000
v 8.500000 0.600000 1.500000
v 10.300000 0.600000 1.500000
v 10.500000 0.600000 1.500000
v 12.300000 0.600000 1.500000
v 12.500000 0.600000 1.500000
v 14.300000 0.600000 1.500000
v 14.500000 0.600000 1.500000
v 16.299999 0.600000 1.500000
v 16.500000 0.600000 1.500000
v 18.299999 0.600000 1.500000
v 18.500000 0.600000 1.500000
v 20.299999 0.600000 1.500000
v 4.500000 0.600000 -0.300000
v 6.300000 0.600000 -0.300000
v 6.500000 0.600000 -0.300000
v 8.300000 0.600000 -0.300000
v 8.500000 0.600000 -0.300000
v 10.300000 0.600000 -0.300000
v 10.500000 0.600000 -0.300000
v 12.300000 0.600000 -0.300000
v 12.500000 0.600000 -0.300000
v 14.300000 0.600000 -0.300000
v 14.500000 0.600000 -0.300000
v 16.299999 0.600000 -0.300000
v 16.500000 0.600000 -0.300000
v 18.299999 0.600000 -0.300000
v 18.500000 0.600000 -0.300000
v 20.299999 0.600000 -0.300000
v 4.500000 0.600000 -0.500000
v 6.300000 0.600000 -0.500000
v 6.500000 0.600000 -0.500000
v 8.300000 0.600000 -0.500000
v 8.500000 0.600000 -0.500000
v 10.300000 0.600000 -0.500000
v 10.500000 0.600000 -0.500000
v 12.300000 0.600000 -0.500000
v 12.500000 0.600000 -0.500000
v 14.300000 0.600000 -0.500000
v 14.500000 0.600000 -0.500000
v 16.299999 0.600000 -0.500000
v 16.500000 0.600000 -0.500000
v 18.299999 0.600000 -0.500000
v 18.500000 0.600000 -0.500000
v 20.299999 0.600000 -0.500000
v 4.500000 0.600000 -2.300000
v 6.300000 0.600000 -2.300000
v 6.500000 0.600000 -2.300000
v 8.300000 0.600000 -2.300000
v 8.500000 0.600000 -2.300000
v 10.300000 0.600000 -2.300000
v 10.500000 0.600000 -2.300000
v 12.300000 0.600000 -2.300000
v 12.500000 0.600000 -2.300000
v 14.300000 0.600000 -2.300000
v 14.500000 0.600000 -2.300000
v 16.299999 0.600000 -2.300000
v 16.500000 0.600000 -2.300000
v 18.299999 0.600000 -2.300000
v 18.500000 0.600000 -2.300000
v 20.299999 0.600000 -2.300000
v 4.500000 0.600000 -2.500000
v 6.300000 0.600000 -2.500000
v 6.500000 0.600000 -2.500000
v 8.300000 0.600000 -2.500000
v 8.500000 0.600000 -2.500000
v 10.300000 0.600000 -2.500000
v 10.500000 0.600000 -2.500000
v 12.300000 0.600000 -2.500000
v 12.500000 0.600000 -2.500000
v 14.300000 0.600000 -2.500000
v 14.500000 0.600000 -2.500000
v 16.299999 0.600000 -2.500000
v 16.500000 0.600000 -2.500000
v 18.299999 0.600000 -2.500000
v 18.500000 0.600000 -2.500000
v 20.299999 0.600000 -2.500000
v 4.500000 0.600000 -4.300000
v 6.300000 0.600000 -4.300000
v 6.500000 0.600000 -4.300000
v 8.300000 0.600000 -4.300000
v 8.500000 0.600000 -4.300000
v 10.300000 0.600000 -4.300000
v 10.500000 0.600000 -4.300000
v 12.300000 0.600000 -4.300000
v 12.500000 0.600000 -4.300000
v 14.300000 0.600000 -4.300000
v 14.500000 0.600000 -4.300000
v 16.299999 0.600000 -4.300000
v 16.500000 0.600000 -4.300000
v 18.299999 0.600000 -4.300000
v 18.500000 0.600000 -4.300000
v 20.299999 0.600000 -4.300000
v 4.500000 0.600000 -4.500000
v 6.300000 0.600000 -4.500000
v 6.500000 0.600000 -4.500000
v 8.300000 0.600000 -4.500000
v 8.500000 0.600000 -4.500000
v 10.300000 0.600000 -4.500000
v 10.500000 0.600000 -4.500000
v 12.300000 0.600000 -4.500000
v 12.500000 0.600000 -4.500000
v 14.300000 0.600000 -4.500000
v 14.500000 0.600000 -4.500000
v 16.299999 0.600000 -4.500000
v 16.500000 0.600000 -4.500000
v 18.299999 0.600000 -4.500000
v 18.500000 0.600000 -4.500000
v 20.299999 0.600000 -4.500000
v 4.500000 0.600000 -6.300000
v 6.300000 0.600000 -6.300000
v 6.500000 0.600000 -6.300000
v 8.300000 0.600000 -6.300000
v 8.500000 0.600000 -6.300000
v 10.300000 0.600000 -6.300000
v 10.500000 0.600000 -6.300000
v 12.300000 0.600000 -6.300000
v 12.500000 0.600000 -6.300000
v 14.300000 0.600000 -6.300000
v 14.500000 0.600000 -6.300000
v 16.299999 0.600000 -6.300000
v 16.500000 0.600000 -6.300000
v 18.299999 0.600000 -6.300000
v 18.500000 0.600000 -6.300000
v 20.299999 0.600000 -6.300000
v 4.500000 0.600000 -6.500000
v 6.300000 0.600000 -6.500000
v 6.500000 0.600000 -6.500000
v 8.300000 0.600000 -6.500000
v 8.500000 0.600000 -6.500000
v 10.300000 0.600000 -6.500000
v 10.500000 0.600000 -6.500000
v 12.300000 0.600000 -6.500000
v 12.500000 0.600000 -6.500000
v 14.300000 0.600000 -6.500000
v 14.500000 0.600000 -6.500000
v 16.299999 0.600000 -6.500000
v 16.500000 0.600000 -6.500000
v 18.299999 0.600000 -6.500000
v 18.500000 0.600000 -6.500000
v 20.299999 0.600000 -6.500000
v 4.500000 0.599999 -8.300000
v 6.300000 0.599999 -8.300000
v 6.500000 0.599999 -8.300000
v 8.300000 0.599999 -8.300000
v 8.500000 0.599999 -8.300000
v 10.300000 0.599999 -8.300000
v 10.500000 0.599999 -8.300000
v 12.300000 0.599999 -8.300000
v 12.500000 0.599999 -8.300000
v 14.300000 0.599999 -8.300000
v 14.500000 0.599999 -8.300000
v 16.299999 0.599999 -8.300000
v 16.500000 0.599999 -8.300000
v 18.299999 0.599999 -8.300000
v 18.500000 0.599999 -8.300000
v 20.299999 0.599999 -8.300000
v 4.500000 0.599999 -8.500000
v 6.300000 0.599999 -8.500000
v 6.500000 0.599999 -8.500000
v 8.300000 0.599999 -8.500000
v 8.500000 0.599999 -8.500000
v 10.300000 0.599999 -8.500000
v 10.500000 0.599999 -8.500000
v 12.300000 0.599999 -8.500000
v 12.500000 0.599999 -8.500000
v 14.300000 0.599999 -8.500000
v 14.500000 0.599999 -8.500000
v 16.299999 0.599999 -8.500000
v 16.500000 0.599999 -8.500000
v 18.299999 0.599999 -8.500000
v 18.500000 0.599999 -8.500000
v 20.299999 0.599999 -8.500000
v 4.500000 0.599999 -10.300000
v 6.300000 0.599999 -10.300000
v 6.500000 0.599999 -10.300000
v 8.300000 0.599999 -10.300000
v 8.500000 0.599999 -10.300000
v 10.300000 0.599999 -10.300000
v 10.500000 0.599999 -10.300000
v 12.300000 0.599999 -10.300000
v 12.500000 0.599999 -10.300000
v 14.300000 0.599999 -10.300000
v 14.500000 0.599999 -10.300000
v 16.299999 0.599999 -10.300000
v 16.500000 0.599999 -10.300000
v 18.299999 0.599999 -10.300000
v 18.500000 0.599999 -10.300000
v 20.299999 0.599999 -10.300000
vn -1.0000 -0.0000 -0.0000
vn -1.0000 -0.0001 -0.0000
vn 1.0000 -0.0000 -0.0000
vn 1.0000 0.0001 -0.0000
vn 1.0000 0.0002 -0.0000
vn 1.0000 -0.0002 -0.0000
vn -0.0000 -0.0000 1.0000
vn -0.0000 -0.0000 -1.0000
vn -0.0000 -1.0000 -0.0000
vn -0.0000 1.0000 -0.0000
vn -0.0000 1.0000 0.0001
vt 0.970703 0.500000
vt 0.974609 0.500000
s 1
usemtl palette.001
f 3191/3/14 3190/3/14 3189/3/14
f 3192/3/15 3190/3/14 3191/3/14
f 3193/3/14 3190/3/14 3192/3/15
f 3194/3/14 3190/3/14 3193/3/14
f 3195/3/14 3190/3/14 3194/3/14
f 3196/3/14 3190/3/14 3195/3/14
f 3197/3/14 3190/3/14 3196/3/14
f 3198/3/14 3190/3/14 3197/3/14
f 3199/3/14 3190/3/14 3198/3/14
f 3200/3/14 3190/3/14 3199/3/14
f 3201/3/14 3190/3/14 3200/3/14
f 3202/3/14 3190/3/14 3201/3/14
f 3203/3/14 3190/3/14 3202/3/14
f 3204/3/14 3190/3/14 3203/3/14
f 3205/4/14 3192/4/15 3191/4/14
f 3206/3/14 3193/3/14 3192/3/15
f 3206/4/14 3192/4/15 3205/4/14
f 3207/4/14 3194/4/14 3193/4/14
f 3207/3/14 3193/3/14 3206/3/14
f 3208/3/14 3195/3/14 3194/3/14
f 3208/4/14 3194/4/14 3207/4/14
f 3209/4/14 3196/4/14 3195/4/14
f 3209/3/14 3195/3/14 3208/3/14
f 3210/3/14 3197/3/14 3196/3/14
f 3210/4/14 3196/4/14 3209/4/14
f 3211/4/14 3198/4/14 3197/4/14
f 3211/3/14 3197/3/14 3210/3/14
f 3212/3/14 3199/3/14 3198/3/14
f 3212/4/14 3198/4/14 3211/4/14
f 3213/4/14 3200/4/14 3199/4/14
f 3213/3/14 3199/3/14 3212/3/14
f 3214/3/14 3201/3/14 3200/3/14
f 3214/4/14 3200/4/14 3213/4/14
f 3215/4/14 3202/4/14 3201/4/14
f 3215/3/14 3201/3/14 3214/3/14
f 3216/3/14 3203/3/14 3202/3/14
f 3216/4/14 3202/4/14 3215/4/14
f 3217/4/14 3204/4/14 3203/4/14
f 3217/3/14 3203/3/14 3216/3/14
f 3218/4/14 3204/4/14 3217/4/14
f 3219/3/14 3207/3/14 3206/3/14
f 3220/3/14 3207/3/14 3219/3/14
f 3221/3/14 3209/3/14 3208/3/14
f 3222/3/14 3209/3/14 3221/3/14
f 3223/3/14 3211/3/14 3210/3/14
f 3224/3/14 3211/3/14 3223/3/14
f 3225/3/14 3213/3/14 3212/3/14
f 3226/3/14 3213/3/14 3225/3/14
f 3227/3/14 3215/3/14 3214/3/14
f 3228/3/14 3215/3/14 3227/3/14
f 3229/3/14 3217/3/14 3216/3/14
f 3230/3/14 3217/3/14 3229/3/14
f 3243/3/14 3232/3/14 3231/3/14
f 3244/3/14 3232/3/14 3243/3/14
f 3246/3/14 3234/3/14 3233/3/14
f 3247/3/14 3234/3/14 3246/3/14
f 3249/3/14 3236/3/14 3235/3/14
f 3250/3/14 3236/3/14 3249/3/14
f 3252/3/14 3238/3/14 3237/3/14
f 3253/3/14 3238/3/14 3252/3/14
f 3255/3/14 3240/3/14 3239/3/14
f 3256/3/14 3240/3/14 3255/3/14
f 3258/3/14 3242/3/14 3241/3/14
f 3259/3/14 3242/3/14 3258/3/14
f 3261/3/14 3245/3/14 3244/3/14
f 3262/3/14 3245/3/14 3261/3/14
f 3263/3/14 3248/3/14 3247/3/14
f 3264/3/14 3248/3/14 3263/3/14
f 3265/3/14 3251/3/14 3250/3/14
f 3266/3/14 3251/3/14 3265/3/14
f 3267/3/14 3254/3/14 3253/3/14
f 3268/3/14 3254/3/14 3267/3/14
f 3269/3/14 3257/3/14 3256/3/14
f 3270/3/14 3257/3/14 3269/3/14
f 3271/3/14 3260/3/14 3259/3/14
f 3272/3/14 3260/3/14 3271/3/14
f 3285/3/14 3274/3/14 3273/3/14
f 3286/3/14 3274/3/14 3285/3/14
f 3287/3/14 3276/3/14 3275/3/14
f 3288/3/14 3276/3/14 3287/3/14
f 3289/3/14 3278/3/14 3277/3/14
f 3290/3/14 3278/3/14 3289/3/14
f 3291/3/14 3280/3/14 3279/3/14
f 3292/3/14 3280/3/14 3291/3/14
f 3293/3/14 3282/3/14 3281/3/14
f 3294/3/14 3282/3/14 3293/3/14
f 3295/3/14 3284/3/14 3283/3/14
f 3296/3/14 3284/3/14 3295/3/14
f 3309/3/14 3298/3/14 3297/3/14
f 3310/3/14 3298/3/14 3309/3/14
f 3312/3/14 3300/3/14 3299/3/14
f 3313/3/14 3300/3/14 3312/3/14
f 3315/3/14 3302/3/14 3301/3/14
f 3316/3/14 3302/3/14 3315/3/14
f 3318/3/14 3304/3/14 3303/3/14
f 3319/3/14 3304/3/14 3318/3/14
f 3321/3/14 3306/3/14 3305/3/14
f 3322/3/14 3306/3/14 3321/3/14
f 3324/3/14 3308/3/14 3307/3/14
f 3325/3/14 3308/3/14 3324/3/14
f 3327/3/14 3311/3/14 3310/3/14
f 3328/3/14 3311/3/14 3327/3/14
f 3329/3/14 3314/3/14 3313/3/14
f 3330/3/14 3314/3/14 3329/3/14
f 3331/3/14 3317/3/14 3316/3/14
f 3332/3/14 3317/3/14 3331/3/14
f 3333/3/14 3320/3/14 3319/3/14
f 3334/3/14 3320/3/14 3333/3/14
f 3335/3/14 3323/3/14 3322/3/14
f 3336/3/14 3323/3/14 3335/3/14
f 3337/3/14 3326/3/14 3325/3/14
f 3338/3/14 3326/3/14 3337/3/14
f 3351/3/14 3340/3/14 3339/3/14
f 3352/3/14 3340/3/14 3351/3/14
f 3353/3/14 3342/3/14 3341/3/14
f 3354/3/14 3342/3/14 3353/3/14
f 3355/3/14 3344/3/14 3343/3/14
f 3356/3/14 3344/3/14 3355/3/14
f 3357/3/14 3346/3/14 3345/3/14
f 3358/3/14 3346/3/14 3357/3/14
f 3359/3/14 3348/3/14 3347/3/14
f 3360/3/14 3348/3/14 3359/3/14
f 3361/3/14 3350/3/14 3349/3/14
f 3362/3/14 3350/3/14 3361/3/14
f 3375/3/14 3364/3/14 3363/3/14
f 3376/3/14 3364/3/14 3375/3/14
f 3378/3/14 3366/3/14 3365/3/14
f 3379/3/14 3366/3/14 3378/3/14
f 3381/3/14 3368/3/14 3367/3/14
f 3382/3/14 3368/3/14 3381/3/14
f 3384/3/14 3370/3/14 3369/3/14
f 3385/3/14 3370/3/14 3384/3/14
f 3387/3/14 3372/3/14 3371/3/14
f 3388/3/14 3372/3/14 3387/3/14
f 3390/3/14 3374/3/14 3373/3/14
f 3391/3/14 3374/3/14 3390/3/14
f 3393/3/14 3377/3/14 3376/3/14
f 3394/3/14 3377/3/14 3393/3/14
f 3395/3/14 3380/3/14 3379/3/14
f 3396/3/14 3380/3/14 3395/3/14
f 3397/3/14 3383/3/14 3382/3/14
f 3398/3/14 3383/3/14 3397/3/14
f 3399/3/14 3386/3/14 3385/3/14
f 3400/3/14 3386/3/14 3399/3/14
f 3401/3/14 3389/3/14 3388/3/14
f 3402/3/14 3389/3/14 3401/3/14
f 3403/3/14 3392/3/14 3391/3/14
f 3404/3/14 3392/3/14 3403/3/14
f 3417/3/14 3406/3/14 3405/3/14
f 3418/3/14 3406/3/14 3417/3/14
f 3419/3/14 3408/3/14 3407/3/14
f 3420/3/14 3408/3/14 3419/3/14
f 3421/3/14 3410/3/14 3409/3/14
f 3422/3/14 3410/3/14 3421/3/14
f 3423/3/14 3412/3/14 3411/3/14
f 3424/3/14 3412/3/14 3423/3/14
f 3425/3/14 3414/3/14 3413/3/14
f 3426/3/14 3414/3/14 3425/3/14
f 3427/3/14 3416/3/14 3415/3/14
f 3428/3/14 3416/3/14 3427/3/14
f 3441/3/14 3430/3/14 3429/3/14
f 3442/3/14 3430/3/14 3441/3/14
f 3444/3/14 3432/3/14 3431/3/14
f 3445/3/14 3432/3/14 3444/3/14
f 3447/3/14 3434/3/14 3433/3/14
f 3448/3/14 3434/3/14 3447/3/14
f 3450/3/14 3436/3/14 3435/3/14
f 3451/3/14 3436/3/14 3450/3/14
f 3453/3/14 3438/3/14 3437/3/14
f 3454/3/14 3438/3/14 3453/3/14
f 3456/3/14 3440/3/14 3439/3/14
f 3457/3/14 3440/3/14 3456/3/14
f 3459/3/14 3443/3/14 3442/3/14
f 3460/3/14 3443/3/14 3459/3/14
f 3461/3/14 3446/3/14 3445/3/14
f 3462/3/14 3446/3/14 3461/3/14
f 3463/3/14 3449/3/14 3448/3/14
f 3464/3/14 3449/3/14 3463/3/14
f 3465/3/14 3452/3/14 3451/3/14
f 3466/3/14 3452/3/14 3465/3/14
f 3467/3/14 3455/3/14 3454/3/14
f 3468/3/14 3455/3/14 3467/3/14
f 3469/3/14 3458/3/14 3457/3/14
f 3470/3/14 3458/3/14 3469/3/14
f 3483/3/14 3472/3/14 3471/3/14
f 3484/3/14 3472/3/14 3483/3/14
f 3485/3/14 3474/3/14 3473/3/14
f 3486/3/14 3474/3/14 3485/3/14
f 3487/3/14 3476/3/14 3475/3/14
f 3488/3/14 3476/3/14 3487/3/14
f 3489/3/14 3478/3/14 3477/3/14
f 3490/3/14 3478/3/14 3489/3/14
f 3491/3/14 3480/3/14 3479/3/14
f 3492/3/14 3480/3/14 3491/3/14
f 3493/3/14 3482/3/14 3481/3/14
f 3494/3/14 3482/3/14 3493/3/14
f 3507/3/14 3496/3/14 3495/3/14
f 3508/3/14 3496/3/14 3507/3/14
f 3510/3/14 3498/3/14 3497/3/14
f 3511/3/14 3498/3/14 3510/3/14
f 3513/3/14 3500/3/14 3499/3/14
f 3514/3/14 3500/3/14 3513/3/14
f 3516/3/14 3502/3/14 3501/3/14
f 3517/3/14 3502/3/14 3516/3/14
f 3519/3/14 3504/3/14 3503/3/14
f 3520/3/14 3504/3/14 3519/3/14
f 3522/3/14 3506/3/14 3505/3/14
f 3523/3/14 3506/3/14 3522/3/14
f 3525/3/14 3509/3/14 3508/3/14
f 3526/3/14 3509/3/14 3525/3/14
f 3527/3/14 3512/3/14 3511/3/14
f 3528/3/14 3512/3/14 3527/3/14
f 3529/3/14 3515/3/14 3514/3/14
f 3530/3/14 3515/3/14 3529/3/14
f 3531/3/14 3518/3/14 3517/3/14
f 3532/3/14 3518/3/14 3531/3/14
f 3533/3/14 3521/3/14 3520/3/14
f 3534/3/14 3521/3/14 3533/3/14
f 3535/3/14 3524/3/14 3523/3/14
f 3536/3/14 3524/3/14 3535/3/14
f 3549/3/14 3538/3/14 3537/3/14
f 3550/3/14 3538/3/14 3549/3/14
f 3551/3/14 3540/3/14 3539/3/14
f 3552/3/14 3540/3/14 3551/3/14
f 3553/3/14 3542/3/14 3541/3/14
f 3554/3/14 3542/3/14 3553/3/14
f 3555/3/14 3544/3/14 3543/3/14
f 3556/3/14 3544/3/14 3555/3/14
f 3557/3/14 3546/3/14 3545/3/14
f 3558/3/14 3546/3/14 3557/3/14
f 3559/3/14 3548/3/14 3547/3/14
f 3560/3/14 3548/3/14 3559/3/14
f 3573/3/14 3562/3/14 3561/3/14
f 3574/3/14 3562/3/14 3573/3/14
f 3576/3/14 3564/3/14 3563/3/14
f 3577/3/14 3564/3/14 3576/3/14
f 3579/3/14 3566/3/14 3565/3/14
f 3580/3/14 3566/3/14 3579/3/14
f 3582/3/14 3568/3/14 3567/3/14
f 3583/3/14 3568/3/14 3582/3/14
f 3585/3/14 3570/3/14 3569/3/14
f 3586/3/14 3570/3/14 3585/3/14
f 3588/3/14 3572/3/14 3571/3/14
f 3589/3/14 3572/3/14 3588/3/14
f 3591/3/14 3575/3/14 3574/3/14
f 3592/3/14 3575/3/14 3591/3/14
f 3593/3/14 3578/3/14 3577/3/14
f 3594/3/14 3578/3/14 3593/3/14
f 3595/3/14 3581/3/14 3580/3/14
f 3596/3/14 3581/3/14 3595/3/14
f 3597/3/14 3584/3/14 3583/3/14
f 3598/3/14 3584/3/14 3597/3/14
f 3599/3/14 3587/3/14 3586/3/14
f 3600/3/14 3587/3/14 3599/3/14
f 3601/3/14 3590/3/14 3589/3/14
f 3602/3/14 3590/3/14 3601/3/14
f 3615/3/14 3604/3/14 3603/3/14
f 3616/3/14 3604/3/14 3615/3/14
f 3617/3/14 3606/3/14 3605/3/14
f 3618/3/14 3606/3/14 3617/3/14
f 3619/3/14 3608/3/14 3607/3/14
f 3620/3/14 3608/3/14 3619/3/14
f 3621/3/14 3610/3/14 3609/3/14
f 3622/3/14 3610/3/14 3621/3/14
f 3623/3/14 3612/3/14 3611/3/14
f 3624/3/14 3612/3/14 3623/3/14
f 3625/3/14 3614/3/14 3613/3/14
f 3626/3/14 3614/3/14 3625/3/14
f 3639/3/14 3628/3/14 3627/3/14
f 3640/3/14 3628/3/14 3639/3/14
f 3642/3/14 3630/3/14 3629/3/14
f 3643/3/14 3630/3/14 3642/3/14
f 3645/3/14 3632/3/14 3631/3/14
f 3646/3/14 3632/3/14 3645/3/14
f 3648/3/14 3634/3/14 3633/3/14
f 3649/3/14 3634/3/14 3648/3/14
f 3651/3/14 3636/3/14 3635/3/14
f 3652/3/14 3636/3/14 3651/3/14
f 3654/3/14 3638/3/14 3637/3/14
f 3655/3/14 3638/3/14 3654/3/14
f 3657/3/14 3641/3/14 3640/3/14
f 3658/3/14 3641/3/14 3657/3/14
f 3659/3/14 3644/3/14 3643/3/14
f 3660/3/14 3644/3/14 3659/3/14
f 3661/3/14 3647/3/14 3646/3/14
f 3662/3/14 3647/3/14 3661/3/14
f 3663/3/14 3650/3/14 3649/3/14
f 3664/3/14 3650/3/14 3663/3/14
f 3665/3/14 3653/3/14 3652/3/14
f 3666/3/14 3653/3/14 3665/3/14
f 3667/3/14 3656/3/14 3655/3/14
f 3668/3/14 3656/3/14 3667/3/14
f 3681/3/14 3670/3/14 3669/3/14
f 3682/3/14 3670/3/14 3681/3/14
f 3683/3/14 3672/3/14 3671/3/14
f 3684/3/14 3672/3/14 3683/3/14
f 3685/3/14 3674/3/14 3673/3/14
f 3686/3/14 3674/3/14 3685/3/14
f 3687/3/14 3676/3/14 3675/3/14
f 3688/3/14 3676/3/14 3687/3/14
f 3689/3/14 3678/3/14 3677/3/14
f 3690/3/14 3678/3/14 3689/3/14
f 3691/3/14 3680/3/14 3679/3/14
f 3692/3/14 3680/3/14 3691/3/14
f 3705/3/14 3694/3/14 3693/3/14
f 3706/3/14 3694/3/14 3705/3/14
f 3708/3/14 3696/3/14 3695/3/14
f 3709/3/14 3696/3/14 3708/3/14
f 3711/3/14 3698/3/14 3697/3/14
f 3712/3/14 3698/3/14 3711/3/14
f 3714/3/14 3700/3/14 3699/3/14
f 3715/3/14 3700/3/14 3714/3/14
f 3717/3/14 3702/3/14 3701/3/14
f 3718/3/14 3702/3/14 3717/3/14
f 3720/3/14 3704/3/14 3703/3/14
f 3721/3/14 3704/3/14 3720/3/14
f 3723/3/14 3707/3/14 3706/3/14
f 3724/3/14 3707/3/14 3723/3/14
f 3725/3/14 3710/3/14 3709/3/14
f 3726/3/14 3710/3/14 3725/3/14
f 3727/3/14 3713/3/14 3712/3/14
f 3728/3/14 3713/3/14 3727/3/14
f 3729/3/14 3716/3/14 3715/3/14
f 3730/3/14 3716/3/14 3729/3/14
f 3731/3/14 3719/3/14 3718/3/14
f 3732/3/14 3719/3/14 3731/3/14
f 3733/3/14 3722/3/14 3721/3/14
f 3734/3/14 3722/3/14 3733/3/14
f 3735/3/16 3736/3/16 3747/3/16
f 3747/3/16 3736/3/16 3748/3/17
f 3737/3/16 3738/3/16 3749/3/16
f 3749/3/16 3738/3/16 3750/3/16
f 3739/3/16 3740/3/16 3751/3/16
f 3751/3/16 3740/3/16 3752/3/17
f 3741/3/16 3742/3/16 3753/3/16
f 3753/3/16 3742/3/16 3754/3/17
f 3743/3/16 3744/3/16 3755/3/16
f 3755/3/16 3744/3/16 3756/3/17
f 3745/3/16 3746/3/16 3757/3/16
f 3757/3/16 3746/3/16 3758/3/17
f 3748/3/17 3736/3/16 3759/3/16
f 3759/3/16 3736/3/16 3760/3/16
f 3750/3/16 3738/3/16 3761/3/16
f 3761/3/16 3738/3/16 3762/3/16
f 3752/3/17 3740/3/16 3763/3/16
f 3763/3/16 3740/3/16 3764/3/16
f 3754/3/17 3742/3/16 3765/3/16
f 3765/3/16 3742/3/16 3766/3/16
f 3756/3/17 3744/3/16 3767/3/16
f 3767/3/16 3744/3/16 3768/3/16
f 3758/3/17 3746/3/16 3769/3/16
f 3769/3/16 3746/3/16 3770/3/16
f 3771/3/16 3772/3/16 3783/3/16
f 3783/3/16 3772/3/16 3784/3/18
f 3773/3/16 3774/3/16 3785/3/16
f 3785/3/16 3774/3/16 3786/3/17
f 3775/3/16 3776/3/16 3787/3/16
f 3787/3/16 3776/3/16 3788/3/17
f 3777/3/16 3778/3/16 3789/3/16
f 3789/3/16 3778/3/16 3790/3/17
f 3779/3/16 3780/3/16 3791/3/16
f 3791/3/16 3780/3/16 3792/3/17
f 3781/3/16 3782/3/16 3793/3/16
f 3793/3/16 3782/3/16 3794/3/17
f 3784/3/18 3772/3/16 3795/3/16
f 3795/3/16 3772/3/16 3796/3/16
f 3786/3/17 3774/3/16 3797/3/16
f 3797/3/16 3774/3/16 3798/3/16
f 3788/3/17 3776/3/16 3799/3/16
f 3799/3/16 3776/3/16 3800/3/16
f 3790/3/17 3778/3/16 3801/3/16
f 3801/3/16 3778/3/16 3802/3/16
f 3792/3/17 3780/3/16 3803/3/16
f 3803/3/16 3780/3/16 3804/3/16
f 3794/3/17 3782/3/16 3805/3/16
f 3805/3/16 3782/3/16 3806/3/16
f 3807/3/16 3808/3/16 3819/3/16
f 3819/3/16 3808/3/16 3820/3/18
f 3809/3/16 3810/3/16 3821/3/16
f 3821/3/16 3810/3/16 3822/3/16
f 3811/3/16 3812/3/16 3823/3/16
f 3823/3/16 3812/3/16 3824/3/16
f 3813/3/16 3814/3/16 3825/3/16
f 3825/3/16 3814/3/16 3826/3/16
f 3815/3/16 3816/3/16 3827/3/16
f 3827/3/16 3816/3/16 3828/3/16
f 3817/3/16 3818/3/16 3829/3/16
f 3829/3/16 3818/3/16 3830/3/19
f 3820/3/18 3808/3/16 3831/3/16
f 3831/3/16 3808/3/16 3832/3/16
f 3822/3/16 3810/3/16 3833/3/16
f 3833/3/16 3810/3/16 3834/3/16
f 3824/3/16 3812/3/16 3835/3/16
f 3835/3/16 3812/3/16 3836/3/16
f 3826/3/16 3814/3/16 3837/3/16
f 3837/3/16 3814/3/16 3838/3/16
f 3828/3/16 3816/3/16 3839/3/16
f 3839/3/16 3816/3/16 3840/3/16
f 3830/3/19 3818/3/16 3841/3/16
f 3841/3/16 3818/3/16 3842/3/16
f 3843/3/16 3844/3/16 3855/3/16
f 3855/3/16 3844/3/16 3856/3/18
f 3845/3/16 3846/3/16 3857/3/16
f 3857/3/16 3846/3/16 3858/3/18
f 3847/3/16 3848/3/16 3859/3/16
f 3859/3/16 3848/3/16 3860/3/19
f 3849/3/16 3850/3/16 3861/3/16
f 3861/3/16 3850/3/16 3862/3/19
f 3851/3/16 3852/3/16 3863/3/16
f 3863/3/16 3852/3/16 3864/3/19
f 3853/3/16 3854/3/16 3865/3/16
f 3865/3/16 3854/3/16 3866/3/19
f 3856/3/18 3844/3/16 3867/3/16
f 3867/3/16 3844/3/16 3868/3/16
f 3858/3/18 3846/3/16 3869/3/16
f 3869/3/16 3846/3/16 3870/3/16
f 3860/3/19 3848/3/16 3871/3/16
f 3871/3/16 3848/3/16 3872/3/16
f 3862/3/19 3850/3/16 3873/3/16
f 3873/3/16 3850/3/16 3874/3/16
f 3864/3/19 3852/3/16 3875/3/16
f 3875/3/16 3852/3/16 3876/3/16
f 3866/3/19 3854/3/16 3877/3/16
f 3877/3/16 3854/3/16 3878/3/16
f 3879/3/16 3880/3/16 3891/3/16
f 3891/3/16 3880/3/16 3892/3/18
f 3881/3/16 3882/3/16 3893/3/16
f 3893/3/16 3882/3/16 3894/3/16
f 3883/3/16 3884/3/16 3895/3/16
f 3895/3/16 3884/3/16 3896/3/16
f 3885/3/16 3886/3/16 3897/3/16
f 3897/3/16 3886/3/16 3898/3/16
f 3887/3/16 3888/3/16 3899/3/16
f 3899/3/16 3888/3/16 3900/3/16
f 3889/3/16 3890/3/16 3901/3/16
f 3901/3/16 3890/3/16 3902/3/19
f 3892/3/18 3880/3/16 3903/3/16
f 3903/3/16 3880/3/16 3904/3/16
f 3894/3/16 3882/3/16 3905/3/16
f 3905/3/16 3882/3/16 3906/3/16
f 3896/3/16 3884/3/16 3907/3/16
f 3907/3/16 3884/3/16 3908/3/16
f 3898/3/16 3886/3/16 3909/3/16
f 3909/3/16 3886/3/16 3910/3/16
f 3900/3/16 3888/3/16 3911/3/16
f 3911/3/16 3888/3/16 3912/3/16
f 3902/3/19 3890/3/16 3913/3/16
f 3913/3/16 3890/3/16 3914/3/16
f 3915/3/16 3916/3/16 3927/3/16
f 3927/3/16 3916/3/16 3928/3/16
f 3917/3/16 3918/3/16 3929/3/16
f 3929/3/16 3918/3/16 3930/3/16
f 3919/3/16 3920/3/16 3931/3/16
f 3931/3/16 3920/3/16 3932/3/19
f 3921/3/16 3922/3/16 3933/3/16
f 3933/3/16 3922/3/16 3934/3/19
f 3923/3/16 3924/3/16 3935/3/16
f 3935/3/16 3924/3/16 3936/3/19
f 3925/3/16 3926/3/16 3937/3/16
f 3937/3/16 3926/3/16 3938/3/19
f 3928/3/16 3916/3/16 3939/3/16
f 3939/3/16 3916/3/16 3940/3/16
f 3930/3/16 3918/3/16 3941/3/16
f 3941/3/16 3918/3/16 3942/3/16
f 3932/3/19 3920/3/16 3943/3/16
f 3943/3/16 3920/3/16 3944/3/16
f 3934/3/19 3922/3/16 3945/3/16
f 3945/3/16 3922/3/16 3946/3/16
f 3936/3/19 3924/3/16 3947/3/16
f 3947/3/16 3924/3/16 3948/3/16
f 3938/3/19 3926/3/16 3949/3/16
f 3949/3/16 3926/3/16 3950/3/16
f 3951/3/16 3952/3/16 3963/3/16
f 3963/3/16 3952/3/16 3964/3/16
f 3953/3/16 3954/3/16 3965/3/16
f 3965/3/16 3954/3/16 3966/3/16
f 3955/3/16 3956/3/16 3967/3/16
f 3967/3/16 3956/3/16 3968/3/16
f 3957/3/16 3958/3/16 3969/3/16
f 3969/3/16 3958/3/16 3970/3/16
f 3959/3/16 3960/3/16 3971/3/16
f 3971/3/16 3960/3/16 3972/3/16
f 3961/3/16 3962/3/16 3973/3/16
f 3973/3/16 3962/3/16 3974/3/16
f 3964/3/16 3952/3/16 3975/3/16
f 3975/3/16 3952/3/16 3976/3/16
f 3966/3/16 3954/3/16 3977/3/16
f 3977/3/16 3954/3/16 3978/3/16
f 3968/3/16 3956/3/16 3979/3/16
f 3979/3/16 3956/3/16 3980/3/16
f 3970/3/16 3958/3/16 3981/3/16
f 3981/3/16 3958/3/16 3982/3/16
f 3972/3/16 3960/3/16 3983/3/16
f 3983/3/16 3960/3/16 3984/3/16
f 3974/3/16 3962/3/16 3985/3/16
f 3985/3/16 3962/3/16 3986/3/16
f 3987/3/16 3988/3/16 3999/3/16
f 3999/3/16 3988/3/16 4000/3/16
f 3989/3/16 3990/3/16 4001/3/16
f 4001/3/16 3990/3/16 4002/3/16
f 3991/3/16 3992/3/16 4003/3/16
f 4003/3/16 3992/3/16 4004/3/16
f 3993/3/16 3994/3/16 4005/3/16
f 4005/3/16 3994/3/16 4006/3/16
f 3995/3/16 3996/3/16 4007/3/16
f 4007/3/16 3996/3/16 4008/3/16
f 3997/3/16 3998/3/16 4009/3/16
f 4009/3/16 3998/3/16 4010/3/16
f 4000/3/16 3988/3/16 4011/3/16
f 4011/3/16 3988/3/16 4012/3/16
f 4002/3/16 3990/3/16 4013/3/16
f 4013/3/16 3990/3/16 4014/3/16
f 4004/3/16 3992/3/16 4015/3/16
f 4015/3/16 3992/3/16 4016/3/16
f 4006/3/16 3994/3/16 4017/3/16
f 4017/3/16 3994/3/16 4018/3/16
f 4008/3/16 3996/3/16 4019/3/16
f 4019/3/16 3996/3/16 4020/3/16
f 4010/3/16 3998/3/16 4021/3/16
f 4021/3/16 3998/3/16 4022/3/16
f 4023/3/16 4024/3/16 4025/3/16
f 4025/3/16 4024/3/16 4026/3/16
f 4026/3/16 4024/3/16 4027/3/16
f 4027/3/16 4024/3/16 4028/3/16
f 4028/3/16 4024/3/16 4029/3/16
f 4029/3/16 4024/3/16 4030/3/16
f 4030/3/16 4024/3/16 4031/3/16
f 4031/3/16 4024/3/16 4032/3/16
f 4032/3/16 4024/3/16 4033/3/16
f 4033/3/16 4024/3/16 4034/3/16
f 4034/3/16 4024/3/16 4035/3/17
f 4035/3/17 4024/3/16 4036/3/16
f 4023/3/16 4025/3/16 4037/3/16
f 4025/4/16 4026/4/16 4038/4/16
f 4037/3/16 4025/3/16 4038/3/16
f 4026/3/16 4027/3/16 4039/3/18
f 4038/4/16 4026/4/16 4039/4/18
f 4027/4/16 4028/4/16 4040/4/16
f 4039/3/18 4027/3/16 4040/3/16
f 4028/3/16 4029/3/16 4041/3/16
f 4040/4/16 4028/4/16 4041/4/16
f 4029/4/16 4030/4/16 4042/4/16
f 4041/3/16 4029/3/16 4042/3/16
f 4030/3/16 4031/3/16 4043/3/16
f 4042/4/16 4030/4/16 4043/4/16
f 4031/4/16 4032/4/16 4044/4/16
f 4043/3/16 4031/3/16 4044/3/16
f 4032/3/16 4033/3/16 4045/3/16
f 4044/4/16 4032/4/16 4045/4/16
f 4033/4/16 4034/4/16 4046/4/16
f 4045/3/16 4033/3/16 4046/3/16
f 4034/3/16 4035/3/17 4047/3/16
f 4046/4/16 4034/4/16 4047/4/16
f 4035/4/17 4036/4/16 4048/4/16
f 4047/3/16 4035/3/17 4048/3/16
f 4036/3/16 4024/3/16 4049/3/16
f 4048/4/16 4036/4/16 4049/4/16
f 4049/3/16 4024/3/16 4050/3/16
f 4047/4/16 4048/4/16 4051/4/16
f 4037/4/16 4038/4/16 4051/4/16
f 4049/4/16 4050/4/16 4051/4/16
f 4048/4/16 4049/4/16 4051/4/16
f 4046/4/16 4047/4/16 4051/4/16
f 4045/4/16 4046/4/16 4051/4/16
f 4044/4/16 4045/4/16 4051/4/16
f 4043/4/16 4044/4/16 4051/4/16
f 4042/4/16 4043/4/16 4051/4/16
f 4041/4/16 4042/4/16 4051/4/16
f 4040/4/16 4041/4/16 4051/4/16
f 4039/4/18 4040/4/16 4051/4/16
f 4038/4/16 4039/4/18 4051/4/16
f 4051/4/16 4050/4/16 4052/4/16
f 4056/3/20 4054/3/20 4053/3/20
f 4056/4/20 4055/4/20 4054/4/20
f 4057/4/20 4055/4/20 4056/4/20
f 4059/3/20 4056/3/20 4053/3/20
f 4059/3/20 4058/3/20 4057/3/20
f 4059/3/20 4057/3/20 4056/3/20
f 4060/3/20 4058/3/20 4059/3/20
f 4061/3/20 4058/3/20 4060/3/20
f 4062/3/20 4059/3/20 4053/3/20
f 4062/4/20 4060/4/20 4059/4/20
f 4063/4/20 4060/4/20 4062/4/20
f 4065/3/20 4062/3/20 4053/3/20
f 4065/3/20 4064/3/20 4063/3/20
f 4065/3/20 4063/3/20 4062/3/20
f 4066/3/20 4064/3/20 4065/3/20
f 4067/3/20 4064/3/20 4066/3/20
f 4068/3/20 4065/3/20 4053/3/20
f 4068/4/20 4066/4/20 4065/4/20
f 4069/4/20 4066/4/20 4068/4/20
f 4071/3/20 4068/3/20 4053/3/20
f 4071/3/20 4070/3/20 4069/3/20
f 4071/3/20 4069/3/20 4068/3/20
f 4072/3/20 4070/3/20 4071/3/20
f 4073/3/20 4070/3/20 4072/3/20
f 4074/3/20 4071/3/20 4053/3/20
f 4074/4/20 4072/4/20 4071/4/20
f 4075/4/20 4072/4/20 4074/4/20
f 4077/3/20 4074/3/20 4053/3/20
f 4077/3/20 4076/3/20 4075/3/20
f 4077/3/20 4075/3/20 4074/3/20
f 4078/3/20 4076/3/20 4077/3/20
f 4079/3/20 4076/3/20 4078/3/20
f 4080/3/20 4077/3/20 4053/3/20
f 4080/4/20 4078/4/20 4077/4/20
f 4081/4/20 4078/4/20 4080/4/20
f 4083/3/20 4080/3/20 4053/3/20
f 4083/3/20 4082/3/20 4081/3/20
f 4083/3/20 4081/3/20 4080/3/20
f 4084/3/20 4082/3/20 4083/3/20
f 4085/3/20 4082/3/20 4084/3/20
f 4086/3/20 4083/3/20 4053/3/20
f 4086/4/20 4084/4/20 4083/4/20
f 4087/4/20 4084/4/20 4086/4/20
f 4089/3/20 4086/3/20 4053/3/20
f 4089/3/20 4088/3/20 4087/3/20
f 4089/3/20 4087/3/20 4086/3/20
f 4090/3/20 4088/3/20 4089/3/20
f 4091/3/20 4088/3/20 4090/3/20
f 4092/3/20 4089/3/20 4053/3/20
f 4092/4/20 4090/4/20 4089/4/20
f 4093/4/20 4090/4/20 4092/4/20
f 4095/3/20 4092/3/20 4053/3/20
f 4095/3/20 4094/3/20 4093/3/20
f 4095/3/20 4093/3/20 4092/3/20
f 4096/3/20 4094/3/20 4095/3/20
f 4097/3/20 4094/3/20 4096/3/20
f 4098/3/20 4095/3/20 4053/3/20
f 4098/4/20 4096/4/20 4095/4/20
f 4099/4/20 4096/4/20 4098/4/20
f 4101/3/20 4098/3/20 4053/3/20
f 4101/3/20 4100/3/20 4099/3/20
f 4101/3/20 4099/3/20 4098/3/20
f 4102/3/20 4100/3/20 4101/3/20
f 4103/3/20 4100/3/20 4102/3/20
f 4104/3/20 4101/3/20 4053/3/20
f 4105/4/20 4102/4/20 4101/4/20
f 4105/3/20 4101/3/20 4104/3/20
f 4106/4/20 4102/4/20 4105/4/20
f 4109/3/20 4108/3/20 4107/3/20
f 4110/3/20 4108/3/20 4109/3/20
f 4112/3/20 4111/3/20 4110/3/20
f 4113/3/20 4111/3/20 4112/3/20
f 4116/3/20 4115/3/20 4114/3/20
f 4117/3/20 4115/3/20 4116/3/20
f 4119/3/20 4118/3/20 4117/3/20
f 4120/3/20 4118/3/20 4119/3/20
f 4123/3/20 4122/3/20 4121/3/20
f 4124/3/20 4122/3/20 4123/3/20
f 4126/3/20 4125/3/20 4124/3/20
f 4127/3/20 4125/3/20 4126/3/20
f 4130/3/20 4129/3/20 4128/3/20
f 4131/3/20 4129/3/20 4130/3/20
f 4133/3/20 4132/3/20 4131/3/20
f 4134/3/20 4132/3/20 4133/3/20
f 4137/3/20 4136/3/20 4135/3/20
f 4138/3/20 4136/3/20 4137/3/20
f 4140/3/20 4139/3/20 4138/3/20
f 4141/3/20 4139/3/20 4140/3/20
f 4144/3/20 4143/3/20 4142/3/20
f 4145/3/20 4143/3/20 4144/3/20
f 4147/3/20 4146/3/20 4145/3/20
f 4148/3/20 4146/3/20 4147/3/20
f 4151/3/20 4150/3/20 4149/3/20
f 4152/3/20 4150/3/20 4151/3/20
f 4154/3/20 4153/3/20 4152/3/20
f 4155/3/20 4153/3/20 4154/3/20
f 4158/3/20 4157/3/20 4156/3/20
f 4159/3/20 4157/3/20 4158/3/20
f 4161/3/20 4160/3/20 4159/3/20
f 4162/3/20 4160/3/20 4161/3/20
f 4165/3/20 4164/3/20 4163/3/20
f 4166/3/20 4164/3/20 4165/3/20
f 4169/3/20 4168/3/20 4167/3/20
f 4170/3/20 4168/3/20 4169/3/20
f 4173/3/20 4172/3/20 4171/3/20
f 4174/3/20 4172/3/20 4173/3/20
f 4177/3/20 4176/3/20 4175/3/20
f 4178/3/20 4176/3/20 4177/3/20
f 4181/3/20 4180/3/20 4179/3/20
f 4182/3/20 4180/3/20 4181/3/20
f 4185/3/20 4184/3/20 4183/3/20
f 4186/3/20 4184/3/20 4185/3/20
f 4189/3/20 4188/3/20 4187/3/20
f 4190/3/20 4188/3/20 4189/3/20
f 4193/3/20 4192/3/20 4191/3/20
f 4194/3/20 4192/3/20 4193/3/20
f 4197/3/20 4196/3/20 4195/3/20
f 4198/3/20 4196/3/20 4197/3/20
f 4200/3/20 4199/3/20 4198/3/20
f 4201/3/20 4199/3/20 4200/3/20
f 4204/3/20 4203/3/20 4202/3/20
f 4205/3/20 4203/3/20 4204/3/20
f 4207/3/20 4206/3/20 4205/3/20
f 4208/3/20 4206/3/20 4207/3/20
f 4211/3/20 4210/3/20 4209/3/20
f 4212/3/20 4210/3/20 4211/3/20
f 4214/3/20 4213/3/20 4212/3/20
f 4215/3/20 4213/3/20 4214/3/20
f 4218/3/20 4217/3/20 4216/3/20
f 4219/3/20 4217/3/20 4218/3/20
f 4221/3/20 4220/3/20 4219/3/20
f 4222/3/20 4220/3/20 4221/3/20
f 4225/3/20 4224/3/20 4223/3/20
f 4226/3/20 4224/3/20 4225/3/20
f 4228/3/20 4227/3/20 4226/3/20
f 4229/3/20 4227/3/20 4228/3/20
f 4232/3/20 4231/3/20 4230/3/20
f 4233/3/20 4231/3/20 4232/3/20
f 4235/3/20 4234/3/20 4233/3/20
f 4236/3/20 4234/3/20 4235/3/20
f 4239/3/20 4238/3/20 4237/3/20
f 4240/3/20 4238/3/20 4239/3/20
f 4242/3/20 4241/3/20 4240/3/20
f 4243/3/20 4241/3/20 4242/3/20
f 4246/3/20 4245/3/20 4244/3/20
f 4247/3/20 4245/3/20 4246/3/20
f 4249/3/20 4248/3/20 4247/3/20
f 4250/3/20 4248/3/20 4249/3/20
f 4253/3/20 4252/3/20 4251/3/20
f 4254/3/20 4252/3/20 4253/3/20
f 4257/3/20 4256/3/20 4255/3/20
f 4258/3/20 4256/3/20 4257/3/20
f 4261/3/20 4260/3/20 4259/3/20
f 4262/3/20 4260/3/20 4261/3/20
f 4265/3/20 4264/3/20 4263/3/20
f 4266/3/20 4264/3/20 4265/3/20
f 4269/3/20 4268/3/20 4267/3/20
f 4270/3/20 4268/3/20 4269/3/20
f 4273/3/20 4272/3/20 4271/3/20
f 4274/3/20 4272/3/20 4273/3/20
f 4277/3/20 4276/3/20 4275/3/20
f 4278/3/20 4276/3/20 4277/3/20
f 4281/3/20 4280/3/20 4279/3/20
f 4282/3/20 4280/3/20 4281/3/20
f 4285/3/20 4284/3/20 4283/3/20
f 4286/3/20 4284/3/20 4285/3/20
f 4288/3/20 4287/3/20 4286/3/20
f 4289/3/20 4287/3/20 4288/3/20
f 4292/3/20 4291/3/20 4290/3/20
f 4293/3/20 4291/3/20 4292/3/20
f 4295/3/20 4294/3/20 4293/3/20
f 4296/3/20 4294/3/20 4295/3/20
f 4299/3/20 4298/3/20 4297/3/20
f 4300/3/20 4298/3/20 4299/3/20
f 4302/3/20 4301/3/20 4300/3/20
f 4303/3/20 4301/3/20 4302/3/20
f 4306/3/20 4305/3/20 4304/3/20
f 4307/3/20 4305/3/20 4306/3/20
f 4309/3/20 4308/3/20 4307/3/20
f 4310/3/20 4308/3/20 4309/3/20
f 4313/3/20 4312/3/20 4311/3/20
f 4314/3/20 4312/3/20 4313/3/20
f 4316/3/20 4315/3/20 4314/3/20
f 4317/3/20 4315/3/20 4316/3/20
f 4320/3/20 4319/3/20 4318/3/20
f 4321/3/20 4319/3/20 4320/3/20
f 4323/3/20 4322/3/20 4321/3/20
f 4324/3/20 4322/3/20 4323/3/20
f 4327/3/20 4326/3/20 4325/3/20
f 4328/3/20 4326/3/20 4327/3/20
f 4330/3/20 4329/3/20 4328/3/20
f 4331/3/20 4329/3/20 4330/3/20
f 4334/3/20 4333/3/20 4332/3/20
f 4335/3/20 4333/3/20 4334/3/20
f 4337/3/20 4336/3/20 4335/3/20
f 4338/3/20 4336/3/20 4337/3/20
f 4341/3/20 4340/3/20 4339/3/20
f 4342/3/20 4340/3/20 4341/3/20
f 4345/3/20 4344/3/20 4343/3/20
f 4346/3/20 4344/3/20 4345/3/20
f 4349/3/20 4348/3/20 4347/3/20
f 4350/3/20 4348/3/20 4349/3/20
f 4353/3/20 4352/3/20 4351/3/20
f 4354/3/20 4352/3/20 4353/3/20
f 4357/3/20 4356/3/20 4355/3/20
f 4358/3/20 4356/3/20 4357/3/20
f 4361/3/20 4360/3/20 4359/3/20
f 4362/3/20 4360/3/20 4361/3/20
f 4365/3/20 4364/3/20 4363/3/20
f 4366/3/20 4364/3/20 4365/3/20
f 4369/3/20 4368/3/20 4367/3/20
f 4370/3/20 4368/3/20 4369/3/20
f 4373/3/20 4372/3/20 4371/3/20
f 4374/3/20 4372/3/20 4373/3/20
f 4376/3/20 4375/3/20 4374/3/20
f 4377/3/20 4375/3/20 4376/3/20
f 4380/3/20 4379/3/20 4378/3/20
f 4381/3/20 4379/3/20 4380/3/20
f 4383/3/20 4382/3/20 4381/3/20
f 4384/3/20 4382/3/20 4383/3/20
f 4387/3/20 4386/3/20 4385/3/20
f 4388/3/20 4386/3/20 4387/3/20
f 4390/3/20 4389/3/20 4388/3/20
f 4391/3/20 4389/3/20 4390/3/20
f 4394/3/20 4393/3/20 4392/3/20
f 4395/3/20 4393/3/20 4394/3/20
f 4397/3/20 4396/3/20 4395/3/20
f 4398/3/20 4396/3/20 4397/3/20
f 4401/3/20 4400/3/20 4399/3/20
f 4402/3/20 4400/3/20 4401/3/20
f 4404/3/20 4403/3/20 4402/3/20
f 4405/3/20 4403/3/20 4404/3/20
f 4408/3/20 4407/3/20 4406/3/20
f 4409/3/20 4407/3/20 4408/3/20
f 4411/3/20 4410/3/20 4409/3/20
f 4412/3/20 4410/3/20 4411/3/20
f 4415/3/20 4414/3/20 4413/3/20
f 4416/3/20 4414/3/20 4415/3/20
f 4418/3/20 4417/3/20 4416/3/20
f 4419/3/20 4417/3/20 4418/3/20
f 4422/3/20 4421/3/20 4420/3/20
f 4423/3/20 4421/3/20 4422/3/20
f 4425/3/20 4424/3/20 4423/3/20
f 4426/3/20 4424/3/20 4425/3/20
f 4429/3/20 4428/3/20 4427/3/20
f 4430/3/20 4428/3/20 4429/3/20
f 4433/3/20 4432/3/20 4431/3/20
f 4434/3/20 4432/3/20 4433/3/20
f 4437/3/20 4436/3/20 4435/3/20
f 4438/3/20 4436/3/20 4437/3/20
f 4441/3/20 4440/3/20 4439/3/20
f 4442/3/20 4440/3/20 4441/3/20
f 4445/3/20 4444/3/20 4443/3/20
f 4446/3/20 4444/3/20 4445/3/20
f 4449/3/20 4448/3/20 4447/3/20
f 4450/3/20 4448/3/20 4449/3/20
f 4453/3/20 4452/3/20 4451/3/20
f 4454/3/20 4452/3/20 4453/3/20
f 4457/3/20 4456/3/20 4455/3/20
f 4458/3/20 4456/3/20 4457/3/20
f 4461/3/20 4460/3/20 4459/3/20
f 4462/3/20 4460/3/20 4461/3/20
f 4464/3/20 4463/3/20 4462/3/20
f 4465/3/20 4463/3/20 4464/3/20
f 4468/3/20 4467/3/20 4466/3/20
f 4469/3/20 4467/3/20 4468/3/20
f 4471/3/20 4470/3/20 4469/3/20
f 4472/3/20 4470/3/20 4471/3/20
f 4475/3/20 4474/3/20 4473/3/20
f 4476/3/20 4474/3/20 4475/3/20
f 4478/3/20 4477/3/20 4476/3/20
f 4479/3/20 4477/3/20 4478/3/20
f 4482/3/20 4481/3/20 4480/3/20
f 4483/3/20 4481/3/20 4482/3/20
f 4485/3/20 4484/3/20 4483/3/20
f 4486/3/20 4484/3/20 4485/3/20
f 4489/3/20 4488/3/20 4487/3/20
f 4490/3/20 4488/3/20 4489/3/20
f 4492/3/20 4491/3/20 4490/3/20
f 4493/3/20 4491/3/20 4492/3/20
f 4496/3/20 4495/3/20 4494/3/20
f 4497/3/20 4495/3/20 4496/3/20
f 4499/3/20 4498/3/20 4497/3/20
f 4500/3/20 4498/3/20 4499/3/20
f 4503/3/20 4502/3/20 4501/3/20
f 4504/3/20 4502/3/20 4503/3/20
f 4506/3/20 4505/3/20 4504/3/20
f 4507/3/20 4505/3/20 4506/3/20
f 4510/3/20 4509/3/20 4508/3/20
f 4511/3/20 4509/3/20 4510/3/20
f 4513/3/20 4512/3/20 4511/3/20
f 4514/3/20 4512/3/20 4513/3/20
f 4517/3/20 4516/3/20 4515/3/20
f 4518/3/20 4516/3/20 4517/3/20
f 4521/3/20 4520/3/20 4519/3/20
f 4522/3/20 4520/3/20 4521/3/20
f 4525/3/20 4524/3/20 4523/3/20
f 4526/3/20 4524/3/20 4525/3/20
f 4529/3/20 4528/3/20 4527/3/20
f 4530/3/20 4528/3/20 4529/3/20
f 4533/3/20 4532/3/20 4531/3/20
f 4534/3/20 4532/3/20 4533/3/20
f 4537/3/20 4536/3/20 4535/3/20
f 4538/3/20 4536/3/20 4537/3/20
f 4541/3/20 4540/3/20 4539/3/20
f 4542/3/20 4540/3/20 4541/3/20
f 4545/3/20 4544/3/20 4543/3/20
f 4546/3/20 4544/3/20 4545/3/20
f 4549/3/20 4548/3/20 4547/3/20
f 4550/3/20 4548/3/20 4549/3/20
f 4552/3/20 4551/3/20 4550/3/20
f 4553/3/20 4551/3/20 4552/3/20
f 4556/3/20 4555/3/20 4554/3/20
f 4557/3/20 4555/3/20 4556/3/20
f 4559/3/20 4558/3/20 4557/3/20
f 4560/3/20 4558/3/20 4559/3/20
f 4563/3/20 4562/3/20 4561/3/20
f 4564/3/20 4562/3/20 4563/3/20
f 4566/3/20 4565/3/20 4564/3/20
f 4567/3/20 4565/3/20 4566/3/20
f 4570/3/20 4569/3/20 4568/3/20
f 4571/3/20 4569/3/20 4570/3/20
f 4573/3/20 4572/3/20 4571/3/20
f 4574/3/20 4572/3/20 4573/3/20
f 4577/3/20 4576/3/20 4575/3/20
f 4578/3/20 4576/3/20 4577/3/20
f 4580/3/20 4579/3/20 4578/3/20
f 4581/3/20 4579/3/20 4580/3/20
f 4584/3/20 4583/3/20 4582/3/20
f 4585/3/20 4583/3/20 4584/3/20
f 4587/3/20 4586/3/20 4585/3/20
f 4588/3/20 4586/3/20 4587/3/20
f 4591/3/20 4590/3/20 4589/3/20
f 4592/3/20 4590/3/20 4591/3/20
f 4594/3/20 4593/3/20 4592/3/20
f 4595/3/20 4593/3/20 4594/3/20
f 4598/3/20 4597/3/20 4596/3/20
f 4599/3/20 4597/3/20 4598/3/20
f 4601/3/20 4600/3/20 4599/3/20
f 4602/3/20 4600/3/20 4601/3/20
f 4603/3/21 4604/3/21 4605/3/21
f 4603/3/21 4605/3/21 4607/3/21
f 4605/3/21 4606/3/21 4607/3/21
f 4607/3/21 4606/3/21 4608/3/21
f 4609/3/21 4610/3/21 4611/3/21
f 4609/3/21 4611/3/21 4613/3/21
f 4611/3/21 4612/3/21 4613/3/21
f 4613/3/21 4612/3/21 4614/3/21
f 4615/3/21 4616/3/21 4617/3/21
f 4615/3/21 4617/3/21 4619/3/21
f 4617/3/21 4618/3/21 4619/3/21
f 4619/3/21 4618/3/21 4620/3/21
f 4621/3/21 4622/3/21 4623/3/21
f 4621/3/21 4623/3/21 4625/3/21
f 4623/3/21 4624/3/21 4625/3/21
f 4625/3/21 4624/3/21 4626/3/21
f 4627/3/21 4628/3/21 4629/3/21
f 4627/3/21 4629/3/21 4631/3/21
f 4629/3/21 4630/3/21 4631/3/21
f 4631/3/21 4630/3/21 4632/3/21
f 4633/3/21 4634/3/21 4635/3/21
f 4633/3/21 4635/3/21 4637/3/21
f 4635/3/21 4636/3/21 4637/3/21
f 4637/3/21 4636/3/21 4638/3/21
f 4639/3/21 4640/3/21 4641/3/21
f 4639/3/21 4641/3/21 4643/3/21
f 4641/3/21 4642/3/21 4643/3/21
f 4643/3/21 4642/3/21 4644/3/21
f 4645/3/21 4646/3/21 4647/3/21
f 4645/3/21 4647/3/21 4649/3/21
f 4647/3/21 4648/3/21 4649/3/21
f 4649/3/21 4648/3/21 4650/3/21
f 4651/3/21 4652/3/21 4653/3/21
f 4651/3/21 4653/3/21 4655/3/21
f 4653/3/21 4654/3/21 4655/3/21
f 4655/3/21 4654/3/21 4656/3/21
f 4657/3/21 4658/3/21 4659/3/21
f 4657/3/21 4659/3/21 4661/3/21
f 4659/3/21 4660/3/21 4661/3/21
f 4661/3/21 4660/3/21 4662/3/21
f 4663/3/21 4664/3/21 4665/3/21
f 4663/3/21 4665/3/21 4667/3/21
f 4665/3/21 4666/3/21 4667/3/21
f 4667/3/21 4666/3/21 4668/3/21
f 4669/3/21 4670/3/21 4671/3/21
f 4669/3/21 4671/3/21 4673/3/21
f 4671/3/21 4672/3/21 4673/3/21
f 4673/3/21 4672/3/21 4674/3/21
f 4675/3/21 4676/3/21 4677/3/21
f 4675/3/21 4677/3/21 4679/3/21
f 4677/3/21 4678/3/21 4679/3/21
f 4679/3/21 4678/3/21 4680/3/21
f 4681/3/21 4682/3/21 4683/3/21
f 4681/3/21 4683/3/21 4685/3/21
f 4683/3/21 4684/3/21 4685/3/21
f 4685/3/21 4684/3/21 4686/3/21
f 4687/3/21 4688/3/21 4689/3/21
f 4687/3/21 4689/3/21 4691/3/21
f 4689/3/21 4690/3/21 4691/3/21
f 4691/3/21 4690/3/21 4692/3/21
f 4693/3/21 4694/3/21 4695/3/21
f 4693/3/21 4695/3/21 4697/3/21
f 4695/3/21 4696/3/21 4697/3/21
f 4697/3/21 4696/3/21 4698/3/21
f 4699/3/21 4700/3/21 4701/3/21
f 4699/3/21 4701/3/21 4703/3/21
f 4701/3/21 4702/3/21 4703/3/21
f 4703/3/21 4702/3/21 4704/3/21
f 4705/3/21 4706/3/21 4707/3/21
f 4705/3/21 4707/3/21 4709/3/21
f 4707/3/21 4708/3/21 4709/3/21
f 4709/3/21 4708/3/21 4710/3/21
f 4711/3/21 4712/3/21 4713/3/21
f 4711/3/21 4713/3/21 4715/3/21
f 4713/3/21 4714/3/21 4715/3/21
f 4715/3/21 4714/3/21 4716/3/21
f 4717/3/21 4718/3/21 4719/3/21
f 4717/3/21 4719/3/21 4721/3/21
f 4719/3/21 4720/3/21 4721/3/21
f 4721/3/21 4720/3/21 4722/3/21
f 4723/3/21 4724/3/21 4725/3/21
f 4723/3/21 4725/3/21 4727/3/21
f 4725/3/21 4726/3/21 4727/3/21
f 4727/3/21 4726/3/21 4728/3/21
f 4729/3/21 4730/3/21 4731/3/21
f 4729/3/21 4731/3/21 4733/3/21
f 4731/3/21 4732/3/21 4733/3/21
f 4733/3/21 4732/3/21 4734/3/21
f 4735/3/21 4736/3/21 4737/3/21
f 4735/3/21 4737/3/21 4739/3/21
f 4737/3/21 4738/3/21 4739/3/21
f 4739/3/21 4738/3/21 4740/3/21
f 4741/3/21 4742/3/21 4743/3/21
f 4741/3/21 4743/3/21 4745/3/21
f 4743/3/21 4744/3/21 4745/3/21
f 4745/3/21 4744/3/21 4746/3/21
f 4747/3/21 4748/3/21 4749/3/21
f 4747/3/21 4749/3/21 4751/3/21
f 4749/3/21 4750/3/21 4751/3/21
f 4751/3/21 4750/3/21 4752/3/21
f 4753/3/21 4754/3/21 4755/3/21
f 4753/3/21 4755/3/21 4757/3/21
f 4755/3/21 4756/3/21 4757/3/21
f 4757/3/21 4756/3/21 4758/3/21
f 4759/3/21 4760/3/21 4761/3/21
f 4759/3/21 4761/3/21 4763/3/21
f 4761/3/21 4762/3/21 4763/3/21
f 4763/3/21 4762/3/21 4764/3/21
f 4765/3/21 4766/3/21 4767/3/21
f 4765/3/21 4767/3/21 4769/3/21
f 4767/3/21 4768/3/21 4769/3/21
f 4769/3/21 4768/3/21 4770/3/21
f 4771/3/21 4772/3/21 4773/3/21
f 4771/3/21 4773/3/21 4775/3/21
f 4773/3/21 4774/3/21 4775/3/21
f 4775/3/21 4774/3/21 4776/3/21
f 4777/3/21 4778/3/21 4779/3/21
f 4777/3/21 4779/3/21 4781/3/21
f 4779/3/21 4780/3/21 4781/3/21
f 4781/3/21 4780/3/21 4782/3/21
f 4783/3/21 4784/3/21 4785/3/21
f 4783/3/21 4785/3/21 4787/3/21
f 4785/3/21 4786/3/21 4787/3/21
f 4787/3/21 4786/3/21 4788/3/21
f 4789/3/21 4790/3/21 4791/3/21
f 4789/3/21 4791/3/21 4793/3/21
f 4791/3/21 4792/3/21 4793/3/21
f 4793/3/21 4792/3/21 4794/3/21
f 4795/3/21 4796/3/21 4797/3/21
f 4795/3/21 4797/3/21 4799/3/21
f 4797/3/21 4798/3/21 4799/3/21
f 4799/3/21 4798/3/21 4800/3/21
f 4801/3/21 4802/3/21 4803/3/21
f 4801/3/21 4803/3/21 4805/3/21
f 4803/3/21 4804/3/21 4805/3/21
f 4805/3/21 4804/3/21 4806/3/21
f 4807/3/21 4808/3/21 4809/3/21
f 4807/3/21 4809/3/21 4811/3/21
f 4809/3/21 4810/3/21 4811/3/21
f 4811/3/21 4810/3/21 4812/3/21
f 4813/3/21 4814/3/21 4815/3/21
f 4813/3/21 4815/3/21 4817/3/21
f 4815/3/21 4816/3/21 4817/3/21
f 4817/3/21 4816/3/21 4818/3/21
f 4819/3/21 4820/3/21 4821/3/21
f 4819/3/21 4821/3/21 4823/3/21
f 4821/3/21 4822/3/21 4823/3/21
f 4823/3/21 4822/3/21 4824/3/21
f 4825/3/21 4826/3/21 4827/3/21
f 4825/3/21 4827/3/21 4829/3/21
f 4827/3/21 4828/3/21 4829/3/21
f 4829/3/21 4828/3/21 4830/3/21
f 4831/3/21 4832/3/21 4833/3/21
f 4831/3/21 4833/3/21 4835/3/21
f 4833/3/21 4834/3/21 4835/3/21
f 4835/3/21 4834/3/21 4836/3/21
f 4837/3/21 4838/3/21 4839/3/21
f 4837/3/21 4839/3/21 4841/3/21
f 4839/3/21 4840/3/21 4841/3/21
f 4841/3/21 4840/3/21 4842/3/21
f 4843/3/21 4844/3/21 4845/3/21
f 4843/3/21 4845/3/21 4847/3/21
f 4845/3/21 4846/3/21 4847/3/21
f 4847/3/21 4846/3/21 4848/3/21
f 4849/3/21 4850/3/21 4851/3/21
f 4849/3/21 4851/3/21 4853/3/21
f 4851/3/21 4852/3/21 4853/3/21
f 4853/3/21 4852/3/21 4854/3/21
f 4855/3/21 4856/3/21 4857/3/21
f 4855/3/21 4857/3/21 4859/3/21
f 4857/3/21 4858/3/21 4859/3/21
f 4859/3/21 4858/3/21 4860/3/21
f 4861/3/21 4862/3/21 4863/3/21
f 4861/3/21 4863/3/21 4865/3/21
f 4863/3/21 4864/3/21 4865/3/21
f 4865/3/21 4864/3/21 4866/3/21
f 4867/3/21 4868/3/21 4869/3/21
f 4867/3/21 4869/3/21 4871/3/21
f 4869/3/21 4870/3/21 4871/3/21
f 4871/3/21 4870/3/21 4872/3/21
f 4873/3/21 4874/3/21 4875/3/21
f 4873/3/21 4875/3/21 4877/3/21
f 4875/3/21 4876/3/21 4877/3/21
f 4877/3/21 4876/3/21 4878/3/21
f 4879/3/21 4880/3/21 4881/3/21
f 4879/3/21 4881/3/21 4883/3/21
f 4881/3/21 4882/3/21 4883/3/21
f 4883/3/21 4882/3/21 4884/3/21
f 4885/3/21 4886/3/21 4887/3/21
f 4885/3/21 4887/3/21 4889/3/21
f 4887/3/21 4888/3/21 4889/3/21
f 4889/3/21 4888/3/21 4890/3/21
f 4891/3/21 4892/3/21 4894/3/21
f 4892/4/21 4893/4/21 4895/4/21
f 4894/3/21 4892/3/21 4895/3/21
f 4891/3/21 4894/3/21 4896/3/21
f 4894/4/21 4895/4/21 4896/4/21
f 4895/4/21 4893/4/21 4897/4/21
f 4896/4/21 4895/4/21 4897/4/21
f 4891/3/21 4896/3/21 4898/3/21
f 4896/3/21 4897/3/21 4898/3/21
f 4897/4/21 4893/4/21 4899/4/21
f 4898/3/21 4897/3/21 4899/3/21
f 4891/3/21 4898/3/21 4900/3/21
f 4898/4/21 4899/4/21 4900/4/21
f 4899/4/21 4893/4/21 4901/4/21
f 4900/4/21 4899/4/21 4901/4/21
f 4891/3/21 4900/3/21 4902/3/21
f 4900/3/21 4901/3/21 4902/3/21
f 4901/4/21 4893/4/21 4903/4/21
f 4902/3/21 4901/3/21 4903/3/21
f 4891/3/21 4902/3/21 4904/3/21
f 4902/4/21 4903/4/21 4904/4/21
f 4903/4/21 4893/4/21 4905/4/21
f 4904/4/21 4903/4/21 4905/4/21
f 4891/3/21 4904/3/21 4906/3/21
f 4904/3/21 4905/3/21 4906/3/21
f 4905/4/21 4893/4/21 4907/4/21
f 4906/3/21 4905/3/21 4907/3/21
f 4891/3/21 4906/3/21 4908/3/21
f 4906/4/21 4907/4/21 4908/4/21
f 4907/4/21 4893/4/21 4909/4/21
f 4908/4/21 4907/4/21 4909/4/21
f 4891/3/21 4908/3/21 4910/3/21
f 4908/3/21 4909/3/21 4910/3/21
f 4909/4/21 4893/4/21 4911/4/21
f 4910/3/21 4909/3/21 4911/3/21
f 4891/3/21 4910/3/21 4912/3/21
f 4910/4/21 4911/4/21 4912/4/21
f 4911/4/21 4893/4/21 4913/4/21
f 4912/4/21 4911/4/21 4913/4/21
f 4891/3/21 4912/3/21 4914/3/21
f 4912/3/21 4913/3/21 4914/3/21
f 4913/4/21 4893/4/21 4915/4/21
f 4914/3/21 4913/3/21 4915/3/21
f 4891/3/21 4914/3/21 4916/3/21
f 4914/4/21 4915/4/21 4916/4/21
f 4915/4/21 4893/4/21 4917/4/21
f 4916/4/21 4915/4/21 4917/4/21
f 4891/3/21 4916/3/21 4918/3/21
f 4916/3/21 4917/3/21 4918/3/21
f 4917/4/21 4893/4/21 4919/4/21
f 4918/3/21 4917/3/21 4919/3/21
f 4891/3/21 4918/3/21 4920/3/21
f 4918/4/21 4919/4/21 4920/4/21
f 4919/4/21 4893/4/21 4921/4/21
f 4920/4/21 4919/4/21 4921/4/21
f 4891/3/21 4920/3/21 4922/3/21
f 4920/3/21 4921/3/21 4922/3/21
f 4921/4/21 4893/4/21 4923/4/21
f 4922/3/21 4921/3/21 4923/3/21
f 4891/3/21 4922/3/21 4924/3/21
f 4922/4/21 4923/4/21 4924/4/21
f 4923/4/21 4893/4/21 4925/4/21
f 4924/4/21 4923/4/21 4925/4/21
f 4891/3/21 4924/3/21 4926/3/21
f 4924/3/21 4925/3/21 4926/3/21
f 4925/4/21 4893/4/21 4927/4/21
f 4926/3/21 4925/3/21 4927/3/21
f 4927/4/21 4893/4/21 4928/4/21
f 4931/3/22 4930/3/22 4929/3/22
f 4932/3/22 4930/3/22 4931/3/22
f 4933/4/23 4934/4/23 4951/4/23
f 4951/4/23 4934/4/23 4952/4/23
f 4935/4/23 4936/4/23 4953/4/23
f 4953/4/23 4936/4/23 4954/4/23
f 4937/4/23 4938/4/23 4955/4/23
f 4955/4/23 4938/4/23 4956/4/23
f 4939/4/23 4940/4/23 4957/4/23
f 4957/4/23 4940/4/23 4958/4/23
f 4941/4/23 4942/4/23 4959/4/23
f 4959/4/23 4942/4/23 4960/4/23
f 4943/4/23 4944/4/23 4961/4/23
f 4961/4/23 4944/4/23 4962/4/23
f 4945/4/23 4946/4/23 4963/4/23
f 4963/4/23 4946/4/23 4964/4/23
f 4947/4/23 4948/4/23 4965/4/23
f 4965/4/23 4948/4/23 4966/4/23
f 4935/4/23 4953/4/23 4968/4/23
f 4968/4/23 4953/4/23 4969/4/23
f 4937/4/23 4955/4/23 4970/4/23
f 4970/4/23 4955/4/23 4971/4/23
f 4939/4/23 4957/4/23 4972/4/23
f 4972/4/23 4957/4/23 4973/4/23
f 4941/4/23 4959/4/23 4974/4/23
f 4974/4/23 4959/4/23 4975/4/23
f 4943/4/23 4961/4/23 4976/4/23
f 4976/4/23 4961/4/23 4977/4/23
f 4945/4/23 4963/4/23 4978/4/23
f 4978/4/23 4963/4/23 4979/4/23
f 4947/4/23 4965/4/23 4980/4/23
f 4980/4/23 4965/4/23 4981/4/23
f 4949/4/23 4950/4/23 4982/4/23
f 4980/4/23 4981/4/23 4983/4/23
f 4981/4/23 4982/4/23 4983/4/23
f 4979/4/23 4980/4/23 4983/4/23
f 4978/4/23 4979/4/23 4983/4/23
f 4976/4/23 4977/4/23 4983/4/23
f 4977/4/23 4978/4/23 4983/4/23
f 4974/4/23 4975/4/23 4983/4/23
f 4975/4/23 4976/4/23 4983/4/23
f 4972/4/23 4973/4/23 4983/4/23
f 4973/4/23 4974/4/23 4983/4/23
f 4970/4/23 4971/4/23 4983/4/23
f 4971/4/23 4972/4/23 4983/4/23
f 4968/4/23 4969/4/23 4983/4/23
f 4969/4/23 4970/4/23 4983/4/23
f 4967/4/23 4968/4/23 4983/4/23
f 4983/4/23 4982/4/23 4984/4/23
f 4984/4/23 4982/4/23 4985/4/23
f 4985/4/23 4982/4/23 4986/4/23
f 4986/4/23 4982/4/23 4987/4/23
f 4987/4/23 4982/4/23 4988/4/23
f 4988/4/23 4982/4/23 4989/4/23
f 4989/4/23 4982/4/23 4990/4/23
f 4990/4/23 4982/4/23 4991/4/23
f 4991/4/23 4982/4/23 4992/4/23
f 4992/4/23 4982/4/23 4993/4/23
f 4993/4/23 4982/4/23 4994/4/23
f 4994/4/23 4982/4/23 4995/4/23
f 4995/4/23 4982/4/23 4996/4/23
f 4996/4/23 4982/4/23 4997/4/23
f 4982/4/23 4950/4/23 4998/4/23
f 4997/4/23 4982/4/23 4998/4/23
f 4967/4/23 4983/4/23 4999/4/23
f 4999/4/23 4983/4/23 5000/4/23
f 4984/4/23 4985/4/23 5001/4/23
f 5001/4/23 4985/4/23 5002/4/23
f 4986/4/23 4987/4/23 5003/4/23
f 5003/4/23 4987/4/23 5004/4/23
f 4988/4/23 4989/4/23 5005/4/23
f 5005/4/23 4989/4/23 5006/4/23
f 4990/4/23 4991/4/23 5007/4/23
f 5007/4/23 4991/4/23 5008/4/23
f 4992/4/23 4993/4/23 5009/4/23
f 5009/4/23 4993/4/23 5010/4/23
f 4994/4/23 4995/4/23 5011/4/23
f 5011/4/23 4995/4/23 5012/4/23
f 4996/4/23 4997/4/23 5013/4/23
f 5013/4/23 4997/4/23 5014/4/23
f 4984/4/23 5001/4/23 5016/4/23
f 5016/4/23 5001/4/23 5017/4/23
f 4986/4/23 5003/4/23 5018/4/23
f 5018/4/23 5003/4/23 5019/4/23
f 4988/4/23 5005/4/23 5020/4/23
f 5020/4/23 5005/4/23 5021/4/23
f 4990/4/23 5007/4/23 5022/4/23
f 5022/4/23 5007/4/23 5023/4/23
f 4992/4/23 5009/4/23 5024/4/23
f 5024/4/23 5009/4/23 5025/4/23
f 4994/4/23 5011/4/23 5026/4/23
f 5026/4/23 5011/4/23 5027/4/23
f 4996/4/23 5013/4/23 5028/4/23
f 5028/4/23 5013/4/23 5029/4/23
f 4998/4/23 4950/4/23 5030/4/23
f 5028/4/23 5029/4/23 5031/4/23
f 5029/4/23 5030/4/23 5031/4/23
f 5027/4/23 5028/4/23 5031/4/23
f 5026/4/23 5027/4/23 5031/4/23
f 5024/4/23 5025/4/23 5031/4/23
f 5025/4/23 5026/4/23 5031/4/23
f 5022/4/23 5023/4/23 5031/4/23
f 5023/4/23 5024/4/23 5031/4/23
f 5020/4/23 5021/4/23 5031/4/23
f 5021/4/23 5022/4/23 5031/4/23
f 5018/4/23 5019/4/23 5031/4/23
f 5019/4/23 5020/4/23 5031/4/23
f 5016/4/23 5017/4/23 5031/4/23
f 5017/4/23 5018/4/23 5031/4/23
f 5015/4/23 5016/4/23 5031/4/23
f 5031/4/23 5030/4/23 5032/4/23
f 5032/4/23 5030/4/23 5033/4/23
f 5033/4/23 5030/4/23 5034/4/23
f 5034/4/23 5030/4/23 5035/4/23
f 5035/4/23 5030/4/23 5036/4/23
f 5036/4/23 5030/4/23 5037/4/23
f 5037/4/23 5030/4/23 5038/4/23
f 5038/4/23 5030/4/23 5039/4/23
f 5039/4/23 5030/4/23 5040/4/23
f 5040/4/23 5030/4/23 5041/4/23
f 5041/4/23 5030/4/23 5042/4/23
f 5042/4/23 5030/4/23 5043/4/23
f 5043/4/23 5030/4/23 5044/4/23
f 5044/4/23 5030/4/23 5045/4/23
f 5030/4/23 4950/4/23 5046/4/23
f 5045/4/23 5030/4/23 5046/4/23
f 5015/4/23 5031/4/23 5047/4/23
f 5047/4/23 5031/4/23 5048/4/23
f 5032/4/23 5033/4/23 5049/4/23
f 5049/4/23 5033/4/23 5050/4/23
f 5034/4/23 5035/4/23 5051/4/23
f 5051/4/23 5035/4/23 5052/4/23
f 5036/4/23 5037/4/23 5053/4/23
f 5053/4/23 5037/4/23 5054/4/23
f 5038/4/23 5039/4/23 5055/4/23
f 5055/4/23 5039/4/23 5056/4/23
f 5040/4/23 5041/4/23 5057/4/23
f 5057/4/23 5041/4/23 5058/4/23
f 5042/4/23 5043/4/23 5059/4/23
f 5059/4/23 5043/4/23 5060/4/23
f 5044/4/23 5045/4/23 5061/4/23
f 5061/4/23 5045/4/23 5062/4/23
f 5032/4/23 5049/4/23 5064/4/23
f 5064/4/23 5049/4/23 5065/4/23
f 5034/4/23 5051/4/23 5066/4/23
f 5066/4/23 5051/4/23 5067/4/23
f 5036/4/23 5053/4/23 5068/4/23
f 5068/4/23 5053/4/23 5069/4/23
f 5038/4/23 5055/4/23 5070/4/23
f 5070/4/23 5055/4/23 5071/4/23
f 5040/4/23 5057/4/23 5072/4/23
f 5072/4/23 5057/4/23 5073/4/23
f 5042/4/23 5059/4/23 5074/4/23
f 5074/4/23 5059/4/23 5075/4/23
f 5044/4/23 5061/4/23 5076/4/23
f 5076/4/23 5061/4/23 5077/4/23
f 5046/4/23 4950/4/23 5078/4/23
f 5076/4/23 5077/4/23 5079/4/23
f 5077/4/23 5078/4/23 5079/4/23
f 5075/4/23 5076/4/23 5079/4/23
f 5074/4/23 5075/4/23 5079/4/23
f 5072/4/23 5073/4/23 5079/4/23
f 5073/4/23 5074/4/23 5079/4/23
f 5070/4/23 5071/4/23 5079/4/23
f 5071/4/23 5072/4/23 5079/4/23
f 5068/4/23 5069/4/23 5079/4/23
f 5069/4/23 5070/4/23 5079/4/23
f 5066/4/23 5067/4/23 5079/4/23
f 5067/4/23 5068/4/23 5079/4/23
f 5064/4/23 5065/4/23 5079/4/23
f 5065/4/23 5066/4/23 5079/4/23
f 5063/4/23 5064/4/23 5079/4/23
f 5079/4/23 5078/4/23 5080/4/23
f 5080/4/23 5078/4/23 5081/4/23
f 5081/4/23 5078/4/23 5082/4/23
f 5082/4/23 5078/4/23 5083/4/23
f 5083/4/23 5078/4/23 5084/4/23
f 5084/4/23 5078/4/23 5085/4/23
f 5085/4/23 5078/4/23 5086/4/23
f 5086/4/23 5078/4/23 5087/4/23
f 5087/4/23 5078/4/23 5088/4/23
f 5088/4/23 5078/4/23 5089/4/23
f 5089/4/23 5078/4/23 5090/4/23
f 5090/4/23 5078/4/23 5091/4/23
f 5091/4/23 5078/4/23 5092/4/23
f 5092/4/23 5078/4/23 5093/4/23
f 5078/4/23 4950/4/23 5094/4/23
f 5093/4/23 5078/4/23 5094/4/23
f 5063/4/23 5079/4/23 5095/4/23
f 5095/4/23 5079/4/23 5096/4/23
f 5080/4/23 5081/4/23 5097/4/23
f 5097/4/23 5081/4/23 5098/4/23
f 5082/4/23 5083/4/23 5099/4/23
f 5099/4/23 5083/4/23 5100/4/23
f 5084/4/23 5085/4/23 5101/4/23
f 5101/4/23 5085/4/23 5102/4/23
f 5086/4/23 5087/4/23 5103/4/23
f 5103/4/23 5087/4/23 5104/4/23
f 5088/4/23 5089/4/23 5105/4/23
f 5105/4/23 5089/4/23 5106/4/23
f 5090/4/23 5091/4/23 5107/4/23
f 5107/4/23 5091/4/23 5108/4/23
f 5092/4/23 5093/4/23 5109/4/23
f 5109/4/23 5093/4/23 5110/4/23
f 5080/4/23 5097/4/23 5112/4/23
f 5112/4/23 5097/4/23 5113/4/23
f 5082/4/23 5099/4/23 5114/4/23
f 5114/4/23 5099/4/23 5115/4/23
f 5084/4/23 5101/4/23 5116/4/23
f 5116/4/23 5101/4/23 5117/4/23
f 5086/4/23 5103/4/23 5118/4/23
f 5118/4/23 5103/4/23 5119/4/23
f 5088/4/23 5105/4/23 5120/4/23
f 5120/4/23 5105/4/23 5121/4/23
f 5090/4/23 5107/4/23 5122/4/23
f 5122/4/23 5107/4/23 5123/4/23
f 5092/4/23 5109/4/23 5124/4/23
f 5124/4/23 5109/4/23 5125/4/23
f 5094/4/23 4950/4/23 5126/4/23
f 5124/4/23 5125/4/23 5127/4/23
f 5125/4/23 5126/4/23 5127/4/23
f 5123/4/23 5124/4/23 5127/4/23
f 5122/4/23 5123/4/23 5127/4/23
f 5120/4/23 5121/4/23 5127/4/23
f 5121/4/23 5122/4/23 5127/4/23
f 5118/4/23 5119/4/23 5127/4/23
f 5119/4/23 5120/4/23 5127/4/23
f 5116/4/23 5117/4/23 5127/4/23
f 5117/4/23 5118/4/23 5127/4/23
f 5114/4/23 5115/4/23 5127/4/23
f 5115/4/23 5116/4/23 5127/4/23
f 5112/4/23 5113/4/23 5127/4/23
f 5113/4/23 5114/4/23 5127/4/23
f 5111/4/23 5112/4/23 5127/4/23
f 5127/4/23 5126/4/23 5128/4/23
f 5128/4/23 5126/4/23 5129/4/23
f 5129/4/23 5126/4/23 5130/4/23
f 5130/4/23 5126/4/23 5131/4/23
f 5131/4/23 5126/4/23 5132/4/23
f 5132/4/23 5126/4/23 5133/4/23
f 5133/4/23 5126/4/23 5134/4/23
f 5134/4/23 5126/4/23 5135/4/23
f 5135/4/23 5126/4/23 5136/4/23
f 5136/4/23 5126/4/23 5137/4/23
f 5137/4/23 5126/4/23 5138/4/23
f 5138/4/23 5126/4/23 5139/4/23
f 5139/4/23 5126/4/23 5140/4/23
f 5140/4/23 5126/4/23 5141/4/23
f 5126/4/23 4950/4/23 5142/4/23
f 5141/4/23 5126/4/23 5142/4/23
f 5111/4/23 5127/4/23 5143/4/23
f 5143/4/23 5127/4/23 5144/4/23
f 5128/4/23 5129/4/23 5145/4/23
f 5145/4/23 5129/4/23 5146/4/23
f 5130/4/23 5131/4/23 5147/4/23
f 5147/4/23 5131/4/23 5148/4/23
f 5132/4/23 5133/4/23 5149/4/23
f 5149/4/23 5133/4/23 5150/4/23
f 5134/4/23 5135/4/23 5151/4/23
f 5151/4/23 5135/4/23 5152/4/23
f 5136/4/23 5137/4/23 5153/4/23
f 5153/4/23 5137/4/23 5154/4/23
f 5138/4/23 5139/4/23 5155/4/23
f 5155/4/23 5139/4/23 5156/4/23
f 5140/4/23 5141/4/23 5157/4/23
f 5157/4/23 5141/4/23 5158/4/23
f 5128/4/23 5145/4/23 5160/4/23
f 5160/4/23 5145/4/23 5161/4/23
f 5130/4/23 5147/4/23 5162/4/23
f 5162/4/23 5147/4/23 5163/4/23
f 5132/4/23 5149/4/23 5164/4/23
f 5164/4/23 5149/4/23 5165/4/23
f 5134/4/23 5151/4/23 5166/4/23
f 5166/4/23 5151/4/23 5167/4/23
f 5136/4/23 5153/4/23 5168/4/23
f 5168/4/23 5153/4/23 5169/4/23
f 5138/4/23 5155/4/23 5170/4/23
f 5170/4/23 5155/4/23 5171/4/23
f 5140/4/23 5157/4/23 5172/4/23
f 5172/4/23 5157/4/23 5173/4/23
f 5142/4/23 4950/4/23 5174/4/23
f 5172/4/23 5173/4/23 5175/4/23
f 5173/4/23 5174/4/23 5175/4/23
f 5171/4/23 5172/4/23 5175/4/23
f 5170/4/23 5171/4/23 5175/4/23
f 5168/4/23 5169/4/23 5175/4/23
f 5169/4/23 5170/4/23 5175/4/23
f 5166/4/23 5167/4/23 5175/4/23
f 5167/4/23 5168/4/23 5175/4/23
f 5164/4/23 5165/4/23 5175/4/23
f 5165/4/23 5166/4/23 5175/4/23
f 5162/4/23 5163/4/23 5175/4/23
f 5163/4/23 5164/4/23 5175/4/23
f 5160/4/23 5161/4/23 5175/4/23
f 5161/4/23 5162/4/23 5175/4/23
f 5159/4/23 5160/4/23 5175/4/23
f 5175/4/23 5174/4/23 5176/4/23
f 5176/4/23 5174/4/23 5177/4/23
f 5177/4/23 5174/4/23 5178/4/23
f 5178/4/23 5174/4/23 5179/4/23
f 5179/4/23 5174/4/23 5180/4/23
f 5180/4/23 5174/4/23 5181/4/23
f 5181/4/23 5174/4/23 5182/4/23
f 5182/4/23 5174/4/23 5183/4/23
f 5183/4/23 5174/4/23 5184/4/23
f 5184/4/23 5174/4/23 5185/4/23
f 5185/4/23 5174/4/23 5186/4/23
f 5186/4/23 5174/4/23 5187/4/23
f 5187/4/23 5174/4/23 5188/4/23
f 5188/4/23 5174/4/23 5189/4/23
f 5174/4/23 4950/4/23 5190/4/23
f 5189/4/23 5174/4/23 5190/4/23
f 5159/4/23 5175/4/23 5191/4/23
f 5191/4/23 5175/4/23 5192/4/23
f 5176/4/23 5177/4/23 5193/4/23
f 5193/4/23 5177/4/23 5194/4/23
f 5178/4/23 5179/4/23 5195/4/23
f 5195/4/23 5179/4/23 5196/4/23
f 5180/4/23 5181/4/23 5197/4/23
f 5197/4/23 5181/4/23 5198/4/23
f 5182/4/23 5183/4/23 5199/4/23
f 5199/4/23 5183/4/23 5200/4/23
f 5184/4/23 5185/4/23 5201/4/23
f 5201/4/23 5185/4/23 5202/4/23
f 5186/4/23 5187/4/23 5203/4/23
f 5203/4/23 5187/4/23 5204/4/23
f 5188/4/23 5189/4/23 5205/4/23
f 5205/4/23 5189/4/23 5206/4/23
f 5176/4/23 5193/4/23 5208/4/23
f 5208/4/23 5193/4/23 5209/4/23
f 5178/4/23 5195/4/23 5210/4/23
f 5210/4/23 5195/4/23 5211/4/23
f 5180/4/23 5197/4/23 5212/4/23
f 5212/4/23 5197/4/23 5213/4/23
f 5182/4/23 5199/4/23 5214/4/23
f 5214/4/23 5199/4/23 5215/4/23
f 5184/4/23 5201/4/23 5216/4/24
f 5216/4/24 5201/4/23 5217/4/23
f 5186/4/23 5203/4/23 5218/4/24
f 5218/4/24 5203/4/23 5219/4/23
f 5188/4/23 5205/4/23 5220/4/23
f 5220/4/23 5205/4/23 5221/4/23
f 5190/4/23 4950/4/23 5222/4/23
f 5220/4/23 5221/4/23 5223/4/23
f 5221/4/23 5222/4/23 5223/4/23
f 5219/4/23 5220/4/23 5223/4/23
f 5218/4/24 5219/4/23 5223/4/23
f 5216/4/24 5217/4/23 5223/4/23
f 5217/4/23 5218/4/24 5223/4/23
f 5214/4/23 5215/4/23 5223/4/23
f 5215/4/23 5216/4/24 5223/4/23
f 5212/4/23 5213/4/23 5223/4/23
f 5213/4/23 5214/4/23 5223/4/23
f 5210/4/23 5211/4/23 5223/4/23
f 5211/4/23 5212/4/23 5223/4/23
f 5208/4/23 5209/4/23 5223/4/23
f 5209/4/23 5210/4/23 5223/4/23
f 5207/4/23 5208/4/23 5223/4/23
f 5222/4/23 4950/4/23 5224/4/23
f 5223/4/23 5222/4/23 5224/4/23
f 5225/3/23 5226/3/23 5242/3/23
f 5242/3/23 5226/3/23 5243/3/23
f 5227/3/23 5228/3/23 5245/3/23
f 5245/3/23 5228/3/23 5246/3/23
f 5229/3/23 5230/3/23 5248/3/23
f 5248/3/23 5230/3/23 5249/3/23
f 5231/3/23 5232/3/23 5251/3/23
f 5251/3/23 5232/3/23 5252/3/23
f 5233/3/23 5234/3/23 5254/3/23
f 5254/3/23 5234/3/23 5255/3/23
f 5235/3/23 5236/3/23 5257/3/23
f 5257/3/23 5236/3/23 5258/3/23
f 5237/3/23 5238/3/23 5260/3/23
f 5260/3/23 5238/3/23 5261/3/23
f 5239/3/23 5240/3/23 5263/3/23
f 5263/3/23 5240/3/23 5264/3/23
f 5241/3/23 5242/3/23 5265/3/23
f 5265/3/23 5242/3/23 5266/3/23
f 5244/3/23 5245/3/23 5267/3/23
f 5267/3/23 5245/3/23 5268/3/23
f 5247/3/23 5248/3/23 5269/3/23
f 5269/3/23 5248/3/23 5270/3/23
f 5250/3/23 5251/3/23 5271/3/23
f 5271/3/23 5251/3/23 5272/3/23
f 5253/3/23 5254/3/23 5273/3/23
f 5273/3/23 5254/3/23 5274/3/23
f 5256/3/23 5257/3/23 5275/3/23
f 5275/3/23 5257/3/23 5276/3/23
f 5259/3/23 5260/3/23 5277/3/23
f 5277/3/23 5260/3/23 5278/3/23
f 5262/3/23 5263/3/23 5279/3/23
f 5279/3/23 5263/3/23 5280/3/23
f 5281/3/23 5282/3/23 5298/3/23
f 5298/3/23 5282/3/23 5299/3/23
f 5283/3/23 5284/3/23 5301/3/23
f 5301/3/23 5284/3/23 5302/3/23
f 5285/3/23 5286/3/23 5304/3/23
f 5304/3/23 5286/3/23 5305/3/23
f 5287/3/23 5288/3/23 5307/3/23
f 5307/3/23 5288/3/23 5308/3/23
f 5289/3/23 5290/3/23 5310/3/23
f 5310/3/23 5290/3/23 5311/3/23
f 5291/3/23 5292/3/23 5313/3/23
f 5313/3/23 5292/3/23 5314/3/23
f 5293/3/23 5294/3/23 5316/3/23
f 5316/3/23 5294/3/23 5317/3/23
f 5295/3/23 5296/3/23 5319/3/23
f 5319/3/23 5296/3/23 5320/3/23
f 5297/3/23 5298/3/23 5321/3/23
f 5321/3/23 5298/3/23 5322/3/23
f 5300/3/23 5301/3/23 5323/3/23
f 5323/3/23 5301/3/23 5324/3/23
f 5303/3/23 5304/3/23 5325/3/23
f 5325/3/23 5304/3/23 5326/3/23
f 5306/3/23 5307/3/23 5327/3/23
f 5327/3/23 5307/3/23 5328/3/23
f 5309/3/23 5310/3/23 5329/3/23
f 5329/3/23 5310/3/23 5330/3/23
f 5312/3/23 5313/3/23 5331/3/23
f 5331/3/23 5313/3/23 5332/3/23
f 5315/3/23 5316/3/23 5333/3/23
f 5333/3/23 5316/3/23 5334/3/23
f 5318/3/23 5319/3/23 5335/3/23
f 5335/3/23 5319/3/23 5336/3/23
f 5337/3/23 5338/3/23 5354/3/23
f 5354/3/23 5338/3/23 5355/3/23
f 5339/3/23 5340/3/23 5357/3/23
f 5357/3/23 5340/3/23 5358/3/23
f 5341/3/23 5342/3/23 5360/3/23
f 5360/3/23 5342/3/23 5361/3/23
f 5343/3/23 5344/3/23 5363/3/23
f 5363/3/23 5344/3/23 5364/3/23
f 5345/3/23 5346/3/23 5366/3/23
f 5366/3/23 5346/3/23 5367/3/23
f 5347/3/23 5348/3/23 5369/3/23
f 5369/3/23 5348/3/23 5370/3/23
f 5349/3/23 5350/3/23 5372/3/23
f 5372/3/23 5350/3/23 5373/3/23
f 5351/3/23 5352/3/23 5375/3/23
f 5375/3/23 5352/3/23 5376/3/23
f 5353/3/23 5354/3/23 5377/3/23
f 5377/3/23 5354/3/23 5378/3/23
f 5356/3/23 5357/3/23 5379/3/23
f 5379/3/23 5357/3/23 5380/3/23
f 5359/3/23 5360/3/23 5381/3/23
f 5381/3/23 5360/3/23 5382/3/23
f 5362/3/23 5363/3/23 5383/3/23
f 5383/3/23 5363/3/23 5384/3/23
f 5365/3/23 5366/3/23 5385/3/23
f 5385/3/23 5366/3/23 5386/3/23
f 5368/3/23 5369/3/23 5387/3/23
f 5387/3/23 5369/3/23 5388/3/23
f 5371/3/23 5372/3/23 5389/3/23
f 5389/3/23 5372/3/23 5390/3/23
f 5374/3/23 5375/3/23 5391/3/23
f 5391/3/23 5375/3/23 5392/3/23
f 5393/3/23 5394/3/23 5410/3/23
f 5410/3/23 5394/3/23 5411/3/23
f 5395/3/23 5396/3/23 5413/3/23
f 5413/3/23 5396/3/23 5414/3/23
f 5397/3/23 5398/3/23 5416/3/23
f 5416/3/23 5398/3/23 5417/3/23
f 5399/3/23 5400/3/23 5419/3/23
f 5419/3/23 5400/3/23 5420/3/23
f 5401/3/23 5402/3/23 5422/3/23
f 5422/3/23 5402/3/23 5423/3/23
f 5403/3/23 5404/3/23 5425/3/23
f 5425/3/23 5404/3/23 5426/3/23
f 5405/3/23 5406/3/23 5428/3/23
f 5428/3/23 5406/3/23 5429/3/23
f 5407/3/23 5408/3/23 5431/3/23
f 5431/3/23 5408/3/23 5432/3/23
f 5409/3/23 5410/3/23 5433/3/23
f 5433/3/23 5410/3/23 5434/3/23
f 5412/3/23 5413/3/23 5435/3/23
f 5435/3/23 5413/3/23 5436/3/23
f 5415/3/23 5416/3/23 5437/3/23
f 5437/3/23 5416/3/23 5438/3/23
f 5418/3/23 5419/3/23 5439/3/23
f 5439/3/23 5419/3/23 5440/3/23
f 5421/3/23 5422/3/23 5441/3/23
f 5441/3/23 5422/3/23 5442/3/23
f 5424/3/23 5425/3/23 5443/3/23
f 5443/3/23 5425/3/23 5444/3/23
f 5427/3/23 5428/3/23 5445/3/23
f 5445/3/23 5428/3/23 5446/3/23
f 5430/3/23 5431/3/23 5447/3/23
f 5447/3/23 5431/3/23 5448/3/23
f 5449/3/23 5450/3/23 5466/3/23
f 5466/3/23 5450/3/23 5467/3/23
f 5451/3/23 5452/3/23 5469/3/23
f 5469/3/23 5452/3/23 5470/3/23
f 5453/3/23 5454/3/23 5472/3/23
f 5472/3/23 5454/3/23 5473/3/23
f 5455/3/23 5456/3/23 5475/3/23
f 5475/3/23 5456/3/23 5476/3/23
f 5457/3/23 5458/3/23 5478/3/23
f 5478/3/23 5458/3/23 5479/3/23
f 5459/3/23 5460/3/23 5481/3/23
f 5481/3/23 5460/3/23 5482/3/23
f 5461/3/23 5462/3/23 5484/3/23
f 5484/3/23 5462/3/23 5485/3/23
f 5463/3/23 5464/3/23 5487/3/23
f 5487/3/23 5464/3/23 5488/3/23
f 5465/3/23 5466/3/23 5489/3/23
f 5489/3/23 5466/3/23 5490/3/23
f 5468/3/23 5469/3/23 5491/3/23
f 5491/3/23 5469/3/23 5492/3/23
f 5471/3/23 5472/3/23 5493/3/23
f 5493/3/23 5472/3/23 5494/3/23
f 5474/3/23 5475/3/23 5495/3/23
f 5495/3/23 5475/3/23 5496/3/23
f 5477/3/23 5478/3/23 5497/3/23
f 5497/3/23 5478/3/23 5498/3/23
f 5480/3/23 5481/3/23 5499/3/23
f 5499/3/23 5481/3/23 5500/3/23
f 5483/3/23 5484/3/23 5501/3/23
f 5501/3/23 5484/3/23 5502/3/23
f 5486/3/23 5487/3/23 5503/3/23
f 5503/3/23 5487/3/23 5504/3/23
f 5505/3/23 5506/3/23 5522/3/23
f 5522/3/23 5506/3/23 5523/3/23
f 5507/3/23 5508/3/23 5525/3/23
f 5525/3/23 5508/3/23 5526/3/23
f 5509/3/23 5510/3/23 5528/3/23
f 5528/3/23 5510/3/23 5529/3/23
f 5511/3/23 5512/3/23 5531/3/23
f 5531/3/23 5512/3/23 5532/3/23
f 5513/3/23 5514/3/23 5534/3/23
f 5534/3/23 5514/3/23 5535/3/23
f 5515/3/23 5516/3/23 5537/3/23
f 5537/3/23 5516/3/23 5538/3/23
f 5517/3/23 5518/3/23 5540/3/23
f 5540/3/23 5518/3/23 5541/3/23
f 5519/3/23 5520/3/23 5543/3/23
f 5543/3/23 5520/3/23 5544/3/23
f 5521/3/23 5522/3/23 5545/3/23
f 5545/3/23 5522/3/23 5546/3/23
f 5524/3/23 5525/3/23 5547/3/23
f 5547/3/23 5525/3/23 5548/3/23
f 5527/3/23 5528/3/23 5549/3/23
f 5549/3/23 5528/3/23 5550/3/23
f 5530/3/23 5531/3/23 5551/3/23
f 5551/3/23 5531/3/23 5552/3/23
f 5533/3/23 5534/3/23 5553/3/23
f 5553/3/23 5534/3/23 5554/3/23
f 5536/3/23 5537/3/23 5555/3/23
f 5555/3/23 5537/3/23 5556/3/23
f 5539/3/23 5540/3/23 5557/3/23
f 5557/3/23 5540/3/23 5558/3/23
f 5542/3/23 5543/3/23 5559/3/23
f 5559/3/23 5543/3/23 5560/3/23
f 5561/3/23 5562/3/23 5577/3/23
f 5577/3/23 5562/3/23 5578/3/23
f 5563/3/23 5564/3/23 5579/3/23
f 5579/3/23 5564/3/23 5580/3/23
f 5565/3/23 5566/3/23 5581/3/23
f 5581/3/23 5566/3/23 5582/3/23
f 5567/3/23 5568/3/23 5583/3/23
f 5583/3/23 5568/3/23 5584/3/23
f 5569/3/23 5570/3/23 5585/3/23
f 5585/3/23 5570/3/23 5586/3/23
f 5571/3/23 5572/3/23 5587/3/23
f 5587/3/23 5572/3/23 5588/3/23
f 5573/3/23 5574/3/23 5589/3/23
f 5589/3/23 5574/3/23 5590/3/23
f 5575/3/23 5576/3/23 5591/3/23
f 5591/3/23 5576/3/23 5592/3/23
f 5593/3/23 5594/3/23 5609/3/23
f 5609/3/23 5594/3/23 5610/3/23
f 5595/3/23 5596/3/23 5611/3/23
f 5611/3/23 5596/3/23 5612/3/23
f 5597/3/23 5598/3/23 5613/3/23
f 5613/3/23 5598/3/23 5614/3/23
f 5599/3/23 5600/3/23 5615/3/23
f 5615/3/23 5600/3/23 5616/3/23
f 5601/3/23 5602/3/23 5617/3/23
f 5617/3/23 5602/3/23 5618/3/23
f 5603/3/23 5604/3/23 5619/3/23
f 5619/3/23 5604/3/23 5620/3/23
f 5605/3/23 5606/3/23 5621/3/23
f 5621/3/23 5606/3/23 5622/3/23
f 5607/3/23 5608/3/23 5623/3/23
f 5623/3/23 5608/3/23 5624/3/23
f 5625/3/23 5626/3/23 5641/3/23
f 5641/3/23 5626/3/23 5642/3/23
f 5627/3/23 5628/3/23 5643/3/23
f 5643/3/23 5628/3/23 5644/3/23
f 5629/3/23 5630/3/23 5645/3/23
f 5645/3/23 5630/3/23 5646/3/23
f 5631/3/23 5632/3/23 5647/3/23
f 5647/3/23 5632/3/23 5648/3/23
f 5633/3/23 5634/3/23 5649/3/23
f 5649/3/23 5634/3/23 5650/3/23
f 5635/3/23 5636/3/23 5651/3/23
f 5651/3/23 5636/3/23 5652/3/23
f 5637/3/23 5638/3/23 5653/3/23
f 5653/3/23 5638/3/23 5654/3/23
f 5639/3/23 5640/3/23 5655/3/23
f 5655/3/23 5640/3/23 5656/3/23
f 5657/3/23 5658/3/23 5673/3/23
f 5673/3/23 5658/3/23 5674/3/23
f 5659/3/23 5660/3/23 5675/3/23
f 5675/3/23 5660/3/23 5676/3/23
f 5661/3/23 5662/3/23 5677/3/23
f 5677/3/23 5662/3/23 5678/3/23
f 5663/3/23 5664/3/23 5679/3/23
f 5679/3/23 5664/3/23 5680/3/23
f 5665/3/23 5666/3/23 5681/3/23
f 5681/3/23 5666/3/23 5682/3/23
f 5667/3/23 5668/3/23 5683/3/23
f 5683/3/23 5668/3/23 5684/3/23
f 5669/3/23 5670/3/23 5685/3/23
f 5685/3/23 5670/3/23 5686/3/23
f 5671/3/23 5672/3/23 5687/3/23
f 5687/3/23 5672/3/23 5688/3/23
f 5689/3/23 5690/3/23 5705/3/23
f 5705/3/23 5690/3/23 5706/3/23
f 5691/3/23 5692/3/23 5707/3/23
f 5707/3/23 5692/3/23 5708/3/23
f 5693/3/23 5694/3/23 5709/3/23
f 5709/3/23 5694/3/23 5710/3/23
f 5695/3/23 5696/3/23 5711/3/23
f 5711/3/23 5696/3/23 5712/3/23
f 5697/3/23 5698/3/23 5713/3/23
f 5713/3/23 5698/3/23 5714/3/23
f 5699/3/23 5700/3/23 5715/3/23
f 5715/3/23 5700/3/23 5716/3/23
f 5701/3/23 5702/3/23 5717/3/23
f 5717/3/23 5702/3/23 5718/3/23
f 5703/3/23 5704/3/23 5719/3/23
f 5719/3/23 5704/3/23 5720/3/23
f 5721/3/23 5722/3/23 5737/3/23
f 5737/3/23 5722/3/23 5738/3/23
f 5723/3/23 5724/3/23 5739/3/23
f 5739/3/23 5724/3/23 5740/3/23
f 5725/3/23 5726/3/23 5741/3/23
f 5741/3/23 5726/3/23 5742/3/23
f 5727/3/23 5728/3/23 5743/3/23
f 5743/3/23 5728/3/23 5744/3/23
f 5729/3/23 5730/3/23 5745/3/23
f 5745/3/23 5730/3/23 5746/3/23
f 5731/3/23 5732/3/23 5747/3/23
f 5747/3/23 5732/3/23 5748/3/23
f 5733/3/23 5734/3/23 5749/3/23
f 5749/3/23 5734/3/23 5750/3/23
f 5735/3/23 5736/3/23 5751/3/23
f 5751/3/23 5736/3/23 5752/3/23
o Untitled.002
v 4.400000 0.000001 17.600000
v 4.400000 0.000000 1.600000
v 4.400000 0.300001 17.600000
v 4.400000 0.300001 17.500000
v 4.400000 0.300001 15.700000
v 4.400000 0.300001 15.500000
v 4.400000 0.300001 13.700000
v 4.400000 0.300001 13.500000
v 4.400000 0.300001 11.700000
v 4.400000 0.300001 11.500000
v 4.400000 0.300001 9.700000
v 4.400000 0.300001 9.500000
v 4.400000 0.300001 7.700000
v 4.400000 0.300001 7.500000
v 4.400000 0.300000 5.700000
v 4.400000 0.300000 5.500000
v 4.400000 0.300000 3.700000
v 4.400000 0.300000 3.500000
v 4.400000 0.300000 1.700000
v 4.400000 0.300000 1.600000
v 4.400000 0.400001 17.600000
v 4.400000 0.400001 17.500000
v 4.400000 0.400001 15.700000
v 4.400000 0.400001 15.500000
v 4.400000 0.400001 13.700000
v 4.400000 0.400001 13.500000
v 4.400000 0.400001 11.700000
v 4.400000 0.400001 11.500000
v 4.400000 0.400001 9.700000
v 4.400000 0.400001 9.500000
v 4.400000 0.400001 7.700000
v 4.400000 0.400001 7.500000
v 4.400000 0.400000 5.700000
v 4.400000 0.400000 5.500000
v 4.400000 0.400000 3.700000
v 4.400000 0.400000 3.500000
v 4.400000 0.400000 1.700000
v 4.400000 0.400000 1.600000
v 4.400000 0.500001 17.500000
v 4.400000 0.500001 15.700000
v 4.400000 0.500001 15.500000
v 4.400000 0.500001 13.700000
v 4.400000 0.500001 13.500000
v 4.400000 0.500001 11.700000
v 4.400000 0.500001 11.500000
v 4.400000 0.500001 9.700000
v 4.400000 0.500001 9.500000
v 4.400000 0.500001 7.700000
v 4.400000 0.500001 7.500000
v 4.400000 0.500000 5.700000
v 4.400000 0.500000 5.500000
v 4.400000 0.500000 3.700000
v 4.400000 0.500000 3.500000
v 4.400000 0.500000 1.700000
v 4.500000 0.400001 17.600000
v 4.500000 0.400001 17.500000
v 4.500000 0.400001 15.600000
v 4.500000 0.400001 15.500000
v 4.500000 0.400001 13.600000
v 4.500000 0.400001 13.500000
v 4.500000 0.400001 11.600000
v 4.500000 0.400001 11.500000
v 4.500000 0.400001 9.600000
v 4.500000 0.400001 9.500000
v 4.500000 0.400001 7.600000
v 4.500000 0.400001 7.500000
v 4.500000 0.400000 5.600000
v 4.500000 0.400000 5.500000
v 4.500000 0.400000 3.600000
v 4.500000 0.400000 3.500000
v 4.500000 0.500001 17.600000
v 4.500000 0.500001 17.500000
v 4.500000 0.500001 15.700000
v 4.500000 0.500001 15.600000
v 4.500000 0.500001 15.500000
v 4.500000 0.500001 13.700000
v 4.500000 0.500001 13.600000
v 4.500000 0.500001 13.500000
v 4.500000 0.500001 11.700000
v 4.500000 0.500001 11.600000
v 4.500000 0.500001 11.500000
v 4.500000 0.500001 9.700000
v 4.500000 0.500001 9.600000
v 4.500000 0.500001 9.500000
v 4.500000 0.500001 7.700000
v 4.500000 0.500001 7.600000
v 4.500000 0.500001 7.500000
v 4.500000 0.500000 5.700000
v 4.500000 0.500000 5.600000
v 4.500000 0.500000 5.500000
v 4.500000 0.500000 3.700000
v 4.500000 0.500000 3.600000
v 4.500000 0.500000 3.500000
v 4.500000 0.500000 1.700000
v 4.500000 0.600001 17.500000
v 4.500000 0.600001 15.700000
v 4.500000 0.600001 15.500000
v 4.500000 0.600001 13.700000
v 4.500000 0.600001 13.500000
v 4.500000 0.600001 11.700000
v 4.500000 0.600001 11.500000
v 4.500000 0.600001 9.700000
v 4.500000 0.600001 9.500000
v 4.500000 0.600001 7.700000
v 4.500000 0.600001 7.500000
v 4.500000 0.600000 5.700000
v 4.500000 0.600000 5.500000
v 4.500000 0.600000 3.700000
v 4.500000 0.600000 3.500000
v 4.500000 0.600000 1.700000
v 6.400000 0.400001 17.500000
v 6.400000 0.400001 15.700000
v 6.400000 0.400001 15.500000
v 6.400000 0.400001 13.700000
v 6.400000 0.400001 13.500000
v 6.400000 0.400001 11.700000
v 6.400000 0.400001 11.500000
v 6.400000 0.400001 9.700000
v 6.400000 0.400001 9.500000
v 6.400000 0.400001 7.700000
v 6.400000 0.400001 7.500000
v 6.400000 0.400000 5.700000
v 6.400000 0.400000 5.500000
v 6.400000 0.400000 3.700000
v 6.400000 0.400000 3.500000
v 6.400000 0.400000 1.700000
v 6.400000 0.500001 17.500000
v 6.400000 0.500001 15.700000
v 6.400000 0.500001 15.500000
v 6.400000 0.500001 13.700000
v 6.400000 0.500001 13.500000
v 6.400000 0.500001 11.700000
v 6.400000 0.500001 11.500000
v 6.400000 0.500001 9.700000
v 6.400000 0.500001 9.500000
v 6.400000 0.500001 7.700000
v 6.400000 0.500001 7.500000
v 6.400000 0.500000 5.700000
v 6.400000 0.500000 5.500000
v 6.400000 0.500000 3.700000
v 6.400000 0.500000 3.500000
v 6.400000 0.500000 1.700000
v 6.500000 0.400001 17.600000
v 6.500000 0.400001 17.500000
v 6.500000 0.400001 15.600000
v 6.500000 0.400001 15.500000
v 6.500000 0.400001 13.600000
v 6.500000 0.400001 13.500000
v 6.500000 0.400001 11.600000
v 6.500000 0.400001 11.500000
v 6.500000 0.400001 9.600000
v 6.500000 0.400001 9.500000
v 6.500000 0.400001 7.600000
v 6.500000 0.400001 7.500000
v 6.500000 0.400000 5.600000
v 6.500000 0.400000 5.500000
v 6.500000 0.400000 3.600000
v 6.500000 0.400000 3.500000
v 6.500000 0.500001 17.600000
v 6.500000 0.500001 17.500000
v 6.500000 0.500001 15.700000
v 6.500000 0.500001 15.600000
v 6.500000 0.500001 15.500000
v 6.500000 0.500001 13.700000
v 6.500000 0.500001 13.600000
v 6.500000 0.500001 13.500000
v 6.500000 0.500001 11.700000
v 6.500000 0.500001 11.600000
v 6.500000 0.500001 11.500000
v 6.500000 0.500001 9.700000
v 6.500000 0.500001 9.600000
v 6.500000 0.500001 9.500000
v 6.500000 0.500001 7.700000
v 6.500000 0.500001 7.600000
v 6.500000 0.500001 7.500000
v 6.500000 0.500000 5.700000
v 6.500000 0.500000 5.600000
v 6.500000 0.500000 5.500000
v 6.500000 0.500000 3.700000
v 6.500000 0.500000 3.600000
v 6.500000 0.500000 3.500000
v 6.500000 0.500000 1.700000
v 6.500000 0.600001 17.500000
v 6.500000 0.600001 15.700000
v 6.500000 0.600001 15.500000
v 6.500000 0.600001 13.700000
v 6.500000 0.600001 13.500000
v 6.500000 0.600001 11.700000
v 6.500000 0.600001 11.500000
v 6.500000 0.600001 9.700000
v 6.500000 0.600001 9.500000
v 6.500000 0.600001 7.700000
v 6.500000 0.600001 7.500000
v 6.500000 0.600000 5.700000
v 6.500000 0.600000 5.500000
v 6.500000 0.600000 3.700000
v 6.500000 0.600000 3.500000
v 6.500000 0.600000 1.700000
v 8.400000 0.400001 17.500000
v 8.400000 0.400001 15.700000
v 8.400000 0.400001 15.500000
v 8.400000 0.400001 13.700000
v 8.400000 0.400001 13.500000
v 8.400000 0.400001 11.700000
v 8.400000 0.400001 11.500000
v 8.400000 0.400001 9.700000
v 8.400000 0.400001 9.500000
v 8.400000 0.400001 7.700000
v 8.400000 0.400001 7.500000
v 8.400000 0.400000 5.700000
v 8.400000 0.400000 5.500000
v 8.400000 0.400000 3.700000
v 8.400000 0.400000 3.500000
v 8.400000 0.400000 1.700000
v 8.400000 0.500001 17.500000
v 8.400000 0.500001 15.700000
v 8.400000 0.500001 15.500000
v 8.400000 0.500001 13.700000
v 8.400000 0.500001 13.500000
v 8.400000 0.500001 11.700000
v 8.400000 0.500001 11.500000
v 8.400000 0.500001 9.700000
v 8.400000 0.500001 9.500000
v 8.400000 0.500001 7.700000
v 8.400000 0.500001 7.500000
v 8.400000 0.500000 5.700000
v 8.400000 0.500000 5.500000
v 8.400000 0.500000 3.700000
v 8.400000 0.500000 3.500000
v 8.400000 0.500000 1.700000
v 8.500000 0.400001 17.600000
v 8.500000 0.400001 17.500000
v 8.500000 0.400001 15.600000
v 8.500000 0.400001 15.500000
v 8.500000 0.400001 13.600000
v 8.500000 0.400001 13.500000
v 8.500000 0.400001 11.600000
v 8.500000 0.400001 11.500000
v 8.500000 0.400001 9.600000
v 8.500000 0.400001 9.500000
v 8.500000 0.400001 7.600000
v 8.500000 0.400001 7.500000
v 8.500000 0.400000 5.600000
v 8.500000 0.400000 5.500000
v 8.500000 0.400000 3.600000
v 8.500000 0.400000 3.500000
v 8.500000 0.500001 17.600000
v 8.500000 0.500001 17.500000
v 8.500000 0.500001 15.700000
v 8.500000 0.500001 15.600000
v 8.500000 0.500001 15.500000
v 8.500000 0.500001 13.700000
v 8.500000 0.500001 13.600000
v 8.500000 0.500001 13.500000
v 8.500000 0.500001 11.700000
v 8.500000 0.500001 11.600000
v 8.500000 0.500001 11.500000
v 8.500000 0.500001 9.700000
v 8.500000 0.500001 9.600000
v 8.500000 0.500001 9.500000
v 8.500000 0.500001 7.700000
v 8.500000 0.500001 7.600000
v 8.500000 0.500001 7.500000
v 8.500000 0.500000 5.700000
v 8.500000 0.500000 5.600000
v 8.500000 0.500000 5.500000
v 8.500000 0.500000 3.700000
v 8.500000 0.500000 3.600000
v 8.500000 0.500000 3.500000
v 8.500000 0.500000 1.700000
v 8.500000 0.600001 17.500000
v 8.500000 0.600001 15.700000
v 8.500000 0.600001 15.500000
v 8.500000 0.600001 13.700000
v 8.500000 0.600001 13.500000
v 8.500000 0.600001 11.700000
v 8.500000 0.600001 11.500000
v 8.500000 0.600001 9.700000
v 8.500000 0.600001 9.500000
v 8.500000 0.600001 7.700000
v 8.500000 0.600001 7.500000
v 8.500000 0.600000 5.700000
v 8.500000 0.600000 5.500000
v 8.500000 0.600000 3.700000
v 8.500000 0.600000 3.500000
v 8.500000 0.600000 1.700000
v 10.400000 0.400001 17.500000
v 10.400000 0.400001 15.700000
v 10.400000 0.400001 15.500000
v 10.400000 0.400001 13.700000
v 10.400000 0.400001 13.500000
v 10.400000 0.400001 11.700000
v 10.400000 0.400001 11.500000
v 10.400000 0.400001 9.700000
v 10.400000 0.400001 9.500000
v 10.400000 0.400001 7.700000
v 10.400000 0.400001 7.500000
v 10.400000 0.400000 5.700000
v 10.400000 0.400000 5.500000
v 10.400000 0.400000 3.700000
v 10.400000 0.400000 3.500000
v 10.400000 0.400000 1.700000
v 10.400000 0.500001 17.500000
v 10.400000 0.500001 15.700000
v 10.400000 0.500001 15.500000
v 10.400000 0.500001 13.700000
v 10.400000 0.500001 13.500000
v 10.400000 0.500001 11.700000
v 10.400000 0.500001 11.500000
v 10.400000 0.500001 9.700000
v 10.400000 0.500001 9.500000
v 10.400000 0.500001 7.700000
v 10.400000 0.500001 7.500000
v 10.400000 0.500000 5.700000
v 10.400000 0.500000 5.500000
v 10.400000 0.500000 3.700000
v 10.400000 0.500000 3.500000
v 10.400000 0.500000 1.700000
v 10.500000 0.400001 17.600000
v 10.500000 0.400001 17.500000
v 10.500000 0.400001 15.600000
v 10.500000 0.400001 15.500000
v 10.500000 0.400001 13.600000
v 10.500000 0.400001 13.500000
v 10.500000 0.400001 11.600000
v 10.500000 0.400001 11.500000
v 10.500000 0.400001 9.600000
v 10.500000 0.400001 9.500000
v 10.500000 0.400001 7.600000
v 10.500000 0.400001 7.500000
v 10.500000 0.400000 5.600000
v 10.500000 0.400000 5.500000
v 10.500000 0.400000 3.600000
v 10.500000 0.400000 3.500000
v 10.500000 0.500001 17.600000
v 10.500000 0.500001 17.500000
v 10.500000 0.500001 15.700000
v 10.500000 0.500001 15.600000
v 10.500000 0.500001 15.500000
v 10.500000 0.500001 13.700000
v 10.500000 0.500001 13.600000
v 10.500000 0.500001 13.500000
v 10.500000 0.500001 11.700000
v 10.500000 0.500001 11.600000
v 10.500000 0.500001 11.500000
v 10.500000 0.500001 9.700000
v 10.500000 0.500001 9.600000
v 10.500000 0.500001 9.500000
v 10.500000 0.500001 7.700000
v 10.500000 0.500001 7.600000
v 10.500000 0.500001 7.500000
v 10.500000 0.500000 5.700000
v 10.500000 0.500000 5.600000
v 10.500000 0.500000 5.500000
v 10.500000 0.500000 3.700000
v 10.500000 0.500000 3.600000
v 10.500000 0.500000 3.500000
v 10.500000 0.500000 1.700000
v 10.500000 0.600001 17.500000
v 10.500000 0.600001 15.700000
v 10.500000 0.600001 15.500000
v 10.500000 0.600001 13.700000
v 10.500000 0.600001 13.500000
v 10.500000 0.600001 11.700000
v 10.500000 0.600001 11.500000
v 10.500000 0.600001 9.700000
v 10.500000 0.600001 9.500000
v 10.500000 0.600001 7.700000
v 10.500000 0.600001 7.500000
v 10.500000 0.600000 5.700000
v 10.500000 0.600000 5.500000
v 10.500000 0.600000 3.700000
v 10.500000 0.600000 3.500000
v 10.500000 0.600000 1.700000
v 12.400000 0.400001 17.500000
v 12.400000 0.400001 15.700000
v 12.400000 0.400001 15.500000
v 12.400000 0.400001 13.700000
v 12.400000 0.400001 13.500000
v 12.400000 0.400001 11.700000
v 12.400000 0.400001 11.500000
v 12.400000 0.400001 9.700000
v 12.400000 0.400001 9.500000
v 12.400000 0.400001 7.700000
v 12.400000 0.400001 7.500000
v 12.400000 0.400000 5.700000
v 12.400000 0.400000 5.500000
v 12.400000 0.400000 3.700000
v 12.400000 0.400000 3.500000
v 12.400000 0.400000 1.700000
v 12.400000 0.500001 17.500000
v 12.400000 0.500001 15.700000
v 12.400000 0.500001 15.500000
v 12.400000 0.500001 13.700000
v 12.400000 0.500001 13.500000
v 12.400000 0.500001 11.700000
v 12.400000 0.500001 11.500000
v 12.400000 0.500001 9.700000
v 12.400000 0.500001 9.500000
v 12.400000 0.500001 7.700000
v 12.400000 0.500001 7.500000
v 12.400000 0.500000 5.700000
v 12.400000 0.500000 5.500000
v 12.400000 0.500000 3.700000
v 12.400000 0.500000 3.500000
v 12.400000 0.500000 1.700000
v 12.500000 0.400001 17.600000
v 12.500000 0.400001 17.500000
v 12.500000 0.400001 15.600000
v 12.500000 0.400001 15.500000
v 12.500000 0.400001 13.600000
v 12.500000 0.400001 13.500000
v 12.500000 0.400001 11.600000
v 12.500000 0.400001 11.500000
v 12.500000 0.400001 9.600000
v 12.500000 0.400001 9.500000
v 12.500000 0.400001 7.600000
v 12.500000 0.400001 7.500000
v 12.500000 0.400000 5.600000
v 12.500000 0.400000 5.500000
v 12.500000 0.400000 3.600000
v 12.500000 0.400000 3.500000
v 12.500000 0.500001 17.600000
v 12.500000 0.500001 17.500000
v 12.500000 0.500001 15.700000
v 12.500000 0.500001 15.600000
v 12.500000 0.500001 15.500000
v 12.500000 0.500001 13.700000
v 12.500000 0.500001 13.600000
v 12.500000 0.500001 13.500000
v 12.500000 0.500001 11.700000
v 12.500000 0.500001 11.600000
v 12.500000 0.500001 11.500000
v 12.500000 0.500001 9.700000
v 12.500000 0.500001 9.600000
v 12.500000 0.500001 9.500000
v 12.500000 0.500001 7.700000
v 12.500000 0.500001 7.600000
v 12.500000 0.500001 7.500000
v 12.500000 0.500000 5.700000
v 12.500000 0.500000 5.600000
v 12.500000 0.500000 5.500000
v 12.500000 0.500000 3.700000
v 12.500000 0.500000 3.600000
v 12.500000 0.500000 3.500000
v 12.500000 0.500000 1.700000
v 12.500000 0.600001 17.500000
v 12.500000 0.600001 15.700000
v 12.500000 0.600001 15.500000
v 12.500000 0.600001 13.700000
v 12.500000 0.600001 13.500000
v 12.500000 0.600001 11.700000
v 12.500000 0.600001 11.500000
v 12.500000 0.600001 9.700000
v 12.500000 0.600001 9.500000
v 12.500000 0.600001 7.700000
v 12.500000 0.600001 7.500000
v 12.500000 0.600000 5.700000
v 12.500000 0.600000 5.500000
v 12.500000 0.600000 3.700000
v 12.500000 0.600000 3.500000
v 12.500000 0.600000 1.700000
v 14.400000 0.400001 17.500000
v 14.400000 0.400001 15.700000
v 14.400000 0.400001 15.500000
v 14.400000 0.400001 13.700000
v 14.400000 0.400001 13.500000
v 14.400000 0.400001 11.700000
v 14.400000 0.400001 11.500000
v 14.400000 0.400001 9.700000
v 14.400000 0.400001 9.500000
v 14.400000 0.400001 7.700000
v 14.400000 0.400001 7.500000
v 14.400000 0.400000 5.700000
v 14.400000 0.400000 5.500000
v 14.400000 0.400000 3.700000
v 14.400000 0.400000 3.500000
v 14.400000 0.400000 1.700000
v 14.400000 0.500001 17.500000
v 14.400000 0.500001 15.700000
v 14.400000 0.500001 15.500000
v 14.400000 0.500001 13.700000
v 14.400000 0.500001 13.500000
v 14.400000 0.500001 11.700000
v 14.400000 0.500001 11.500000
v 14.400000 0.500001 9.700000
v 14.400000 0.500001 9.500000
v 14.400000 0.500001 7.700000
v 14.400000 0.500001 7.500000
v 14.400000 0.500000 5.700000
v 14.400000 0.500000 5.500000
v 14.400000 0.500000 3.700000
v 14.400000 0.500000 3.500000
v 14.400000 0.500000 1.700000
v 14.500000 0.400001 17.600000
v 14.500000 0.400001 17.500000
v 14.500000 0.400001 15.600000
v 14.500000 0.400001 15.500000
v 14.500000 0.400001 13.600000
v 14.500000 0.400001 13.500000
v 14.500000 0.400001 11.600000
v 14.500000 0.400001 11.500000
v 14.500000 0.400001 9.600000
v 14.500000 0.400001 9.500000
v 14.500000 0.400001 7.600000
v 14.500000 0.400001 7.500000
v 14.500000 0.400000 5.600000
v 14.500000 0.400000 5.500000
v 14.500000 0.400000 3.600000
v 14.500000 0.400000 3.500000
v 14.500000 0.500001 17.600000
v 14.500000 0.500001 17.500000
v 14.500000 0.500001 15.700000
v 14.500000 0.500001 15.600000
v 14.500000 0.500001 15.500000
v 14.500000 0.500001 13.700000
v 14.500000 0.500001 13.600000
v 14.500000 0.500001 13.500000
v 14.500000 0.500001 11.700000
v 14.500000 0.500001 11.600000
v 14.500000 0.500001 11.500000
v 14.500000 0.500001 9.700000
v 14.500000 0.500001 9.600000
v 14.500000 0.500001 9.500000
v 14.500000 0.500001 7.700000
v 14.500000 0.500001 7.600000
v 14.500000 0.500001 7.500000
v 14.500000 0.500000 5.700000
v 14.500000 0.500000 5.600000
v 14.500000 0.500000 5.500000
v 14.500000 0.500000 3.700000
v 14.500000 0.500000 3.600000
v 14.500000 0.500000 3.500000
v 14.500000 0.500000 1.700000
v 14.500000 0.600001 17.500000
v 14.500000 0.600001 15.700000
v 14.500000 0.600001 15.500000
v 14.500000 0.600001 13.700000
v 14.500000 0.600001 13.500000
v 14.500000 0.600001 11.700000
v 14.500000 0.600001 11.500000
v 14.500000 0.600001 9.700000
v 14.500000 0.600001 9.500000
v 14.500000 0.600001 7.700000
v 14.500000 0.600001 7.500000
v 14.500000 0.600000 5.700000
v 14.500000 0.600000 5.500000
v 14.500000 0.600000 3.700000
v 14.500000 0.600000 3.500000
v 14.500000 0.600000 1.700000
v 16.400000 0.400001 17.500000
v 16.400000 0.400001 15.700000
v 16.400000 0.400001 15.500000
v 16.400000 0.400001 13.700000
v 16.400000 0.400001 13.500000
v 16.400000 0.400001 11.700000
v 16.400000 0.400001 11.500000
v 16.400000 0.400001 9.700000
v 16.400000 0.400001 9.500000
v 16.400000 0.400001 7.700000
v 16.400000 0.400001 7.500000
v 16.400000 0.400000 5.700000
v 16.400000 0.400000 5.500000
v 16.400000 0.400000 3.700000
v 16.400000 0.400000 3.500000
v 16.400000 0.400000 1.700000
v 16.400000 0.500001 17.500000
v 16.400000 0.500001 15.700000
v 16.400000 0.500001 15.500000
v 16.400000 0.500001 13.700000
v 16.400000 0.500001 13.500000
v 16.400000 0.500001 11.700000
v 16.400000 0.500001 11.500000
v 16.400000 0.500001 9.700000
v 16.400000 0.500001 9.500000
v 16.400000 0.500001 7.700000
v 16.400000 0.500001 7.500000
v 16.400000 0.500000 5.700000
v 16.400000 0.500000 5.500000
v 16.400000 0.500000 3.700000
v 16.400000 0.500000 3.500000
v 16.400000 0.500000 1.700000
v 16.500000 0.400001 17.600000
v 16.500000 0.400001 17.500000
v 16.500000 0.400001 15.600000
v 16.500000 0.400001 15.500000
v 16.500000 0.400001 13.600000
v 16.500000 0.400001 13.500000
v 16.500000 0.400001 11.600000
v 16.500000 0.400001 11.500000
v 16.500000 0.400001 9.600000
v 16.500000 0.400001 9.500000
v 16.500000 0.400001 7.600000
v 16.500000 0.400001 7.500000
v 16.500000 0.400000 5.600000
v 16.500000 0.400000 5.500000
v 16.500000 0.400000 3.600000
v 16.500000 0.400000 3.500000
v 16.500000 0.500001 17.600000
v 16.500000 0.500001 17.500000
v 16.500000 0.500001 15.700000
v 16.500000 0.500001 15.600000
v 16.500000 0.500001 15.500000
v 16.500000 0.500001 13.700000
v 16.500000 0.500001 13.600000
v 16.500000 0.500001 13.500000
v 16.500000 0.500001 11.700000
v 16.500000 0.500001 11.600000
v 16.500000 0.500001 11.500000
v 16.500000 0.500001 9.700000
v 16.500000 0.500001 9.600000
v 16.500000 0.500001 9.500000
v 16.500000 0.500001 7.700000
v 16.500000 0.500001 7.600000
v 16.500000 0.500001 7.500000
v 16.500000 0.500000 5.700000
v 16.500000 0.500000 5.600000
v 16.500000 0.500000 5.500000
v 16.500000 0.500000 3.700000
v 16.500000 0.500000 3.600000
v 16.500000 0.500000 3.500000
v 16.500000 0.500000 1.700000
v 16.500000 0.600001 17.500000
v 16.500000 0.600001 15.700000
v 16.500000 0.600001 15.500000
v 16.500000 0.600001 13.700000
v 16.500000 0.600001 13.500000
v 16.500000 0.600001 11.700000
v 16.500000 0.600001 11.500000
v 16.500000 0.600001 9.700000
v 16.500000 0.600001 9.500000
v 16.500000 0.600001 7.700000
v 16.500000 0.600001 7.500000
v 16.500000 0.600000 5.700000
v 16.500000 0.600000 5.500000
v 16.500000 0.600000 3.700000
v 16.500000 0.600000 3.500000
v 16.500000 0.600000 1.700000
v 18.400000 0.400001 17.500000
v 18.400000 0.400001 15.700000
v 18.400000 0.400001 15.500000
v 18.400000 0.400001 13.700000
v 18.400000 0.400001 13.500000
v 18.400000 0.400001 11.700000
v 18.400000 0.400001 11.500000
v 18.400000 0.400001 9.700000
v 18.400000 0.400001 9.500000
v 18.400000 0.400001 7.700000
v 18.400000 0.400001 7.500000
v 18.400000 0.400000 5.700000
v 18.400000 0.400000 5.500000
v 18.400000 0.400000 3.700000
v 18.400000 0.400000 3.500000
v 18.400000 0.400000 1.700000
v 18.400000 0.500001 17.500000
v 18.400000 0.500001 15.700000
v 18.400000 0.500001 15.500000
v 18.400000 0.500001 13.700000
v 18.400000 0.500001 13.500000
v 18.400000 0.500001 11.700000
v 18.400000 0.500001 11.500000
v 18.400000 0.500001 9.700000
v 18.400000 0.500001 9.500000
v 18.400000 0.500001 7.700000
v 18.400000 0.500001 7.500000
v 18.400000 0.500000 5.700000
v 18.400000 0.500000 5.500000
v 18.400000 0.500000 3.700000
v 18.400000 0.500000 3.500000
v 18.400000 0.500000 1.700000
v 18.500000 0.400001 17.600000
v 18.500000 0.400001 17.500000
v 18.500000 0.400001 15.600000
v 18.500000 0.400001 15.500000
v 18.500000 0.400001 13.600000
v 18.500000 0.400001 13.500000
v 18.500000 0.400001 11.600000
v 18.500000 0.400001 11.500000
v 18.500000 0.400001 9.600000
v 18.500000 0.400001 9.500000
v 18.500000 0.400001 7.600000
v 18.500000 0.400001 7.500000
v 18.500000 0.400000 5.600000
v 18.500000 0.400000 5.500000
v 18.500000 0.400000 3.600000
v 18.500000 0.400000 3.500000
v 18.500000 0.500001 17.600000
v 18.500000 0.500001 17.500000
v 18.500000 0.500001 15.700000
v 18.500000 0.500001 15.600000
v 18.500000 0.500001 15.500000
v 18.500000 0.500001 13.700000
v 18.500000 0.500001 13.600000
v 18.500000 0.500001 13.500000
v 18.500000 0.500001 11.700000
v 18.500000 0.500001 11.600000
v 18.500000 0.500001 11.500000
v 18.500000 0.500001 9.700000
v 18.500000 0.500001 9.600000
v 18.500000 0.500001 9.500000
v 18.500000 0.500001 7.700000
v 18.500000 0.500001 7.600000
v 18.500000 0.500001 7.500000
v 18.500000 0.500000 5.700000
v 18.500000 0.500000 5.600000
v 18.500000 0.500000 5.500000
v 18.500000 0.500000 3.700000
v 18.500000 0.500000 3.600000
v 18.500000 0.500000 3.500000
v 18.500000 0.500000 1.700000
v 18.500000 0.600001 17.500000
v 18.500000 0.600001 15.700000
v 18.500000 0.600001 15.500000
v 18.500000 0.600001 13.700000
v 18.500000 0.600001 13.500000
v 18.500000 0.600001 11.700000
v 18.500000 0.600001 11.500000
v 18.500000 0.600001 9.700000
v 18.500000 0.600001 9.500000
v 18.500000 0.600001 7.700000
v 18.500000 0.600001 7.500000
v 18.500000 0.600000 5.700000
v 18.500000 0.600000 5.500000
v 18.500000 0.600000 3.700000
v 18.500000 0.600000 3.500000
v 18.500000 0.600000 1.700000
v 6.300000 0.400001 17.600000
v 6.300000 0.400001 15.700000
v 6.300000 0.400001 15.600000
v 6.300000 0.400001 13.700000
v 6.300000 0.400001 13.600000
v 6.300000 0.400001 11.700000
v 6.300000 0.400001 11.600000
v 6.300000 0.400001 9.700000
v 6.300000 0.400001 9.600000
v 6.300000 0.400001 7.700000
v 6.300000 0.400001 7.600000
v 6.300000 0.400000 5.700000
v 6.300000 0.400000 5.600000
v 6.300000 0.400000 3.700000
v 6.300000 0.400000 3.600000
v 6.300000 0.400000 1.700000
v 6.300000 0.500001 17.600000
v 6.300000 0.500001 17.500000
v 6.300000 0.500001 15.600000
v 6.300000 0.500001 15.500000
v 6.300000 0.500001 13.600000
v 6.300000 0.500001 13.500000
v 6.300000 0.500001 11.600000
v 6.300000 0.500001 11.500000
v 6.300000 0.500001 9.600000
v 6.300000 0.500001 9.500000
v 6.300000 0.500001 7.600000
v 6.300000 0.500001 7.500000
v 6.300000 0.500000 5.600000
v 6.300000 0.500000 5.500000
v 6.300000 0.500000 3.600000
v 6.300000 0.500000 3.500000
v 6.300000 0.600001 17.500000
v 6.300000 0.600001 15.700000
v 6.300000 0.600001 15.500000
v 6.300000 0.600001 13.700000
v 6.300000 0.600001 13.500000
v 6.300000 0.600001 11.700000
v 6.300000 0.600001 11.500000
v 6.300000 0.600001 9.700000
v 6.300000 0.600001 9.500000
v 6.300000 0.600001 7.700000
v 6.300000 0.600001 7.500000
v 6.300000 0.600000 5.700000
v 6.300000 0.600000 5.500000
v 6.300000 0.600000 3.700000
v 6.300000 0.600000 3.500000
v 6.300000 0.600000 1.700000
v 8.300000 0.400001 17.600000
v 8.300000 0.400001 15.700000
v 8.300000 0.400001 15.600000
v 8.300000 0.400001 13.700000
v 8.300000 0.400001 13.600000
v 8.300000 0.400001 11.700000
v 8.300000 0.400001 11.600000
v 8.300000 0.400001 9.700000
v 8.300000 0.400001 9.600000
v 8.300000 0.400001 7.700000
v 8.300000 0.400001 7.600000
v 8.300000 0.400000 5.700000
v 8.300000 0.400000 5.600000
v 8.300000 0.400000 3.700000
v 8.300000 0.400000 3.600000
v 8.300000 0.400000 1.700000
v 8.300000 0.500001 17.600000
v 8.300000 0.500001 17.500000
v 8.300000 0.500001 15.600000
v 8.300000 0.500001 15.500000
v 8.300000 0.500001 13.600000
v 8.300000 0.500001 13.500000
v 8.300000 0.500001 11.600000
v 8.300000 0.500001 11.500000
v 8.300000 0.500001 9.600000
v 8.300000 0.500001 9.500000
v 8.300000 0.500001 7.600000
v 8.300000 0.500001 7.500000
v 8.300000 0.500000 5.600000
v 8.300000 0.500000 5.500000
v 8.300000 0.500000 3.600000
v 8.300000 0.500000 3.500000
v 8.300000 0.600001 17.500000
v 8.300000 0.600001 15.700000
v 8.300000 0.600001 15.500000
v 8.300000 0.600001 13.700000
v 8.300000 0.600001 13.500000
v 8.300000 0.600001 11.700000
v 8.300000 0.600001 11.500000
v 8.300000 0.600001 9.700000
v 8.300000 0.600001 9.500000
v 8.300000 0.600001 7.700000
v 8.300000 0.600001 7.500000
v 8.300000 0.600000 5.700000
v 8.300000 0.600000 5.500000
v 8.300000 0.600000 3.700000
v 8.300000 0.600000 3.500000
v 8.300000 0.600000 1.700000
v 10.300000 0.400001 17.600000
v 10.300000 0.400001 15.700000
v 10.300000 0.400001 15.600000
v 10.300000 0.400001 13.700000
v 10.300000 0.400001 13.600000
v 10.300000 0.400001 11.700000
v 10.300000 0.400001 11.600000
v 10.300000 0.400001 9.700000
v 10.300000 0.400001 9.600000
v 10.300000 0.400001 7.700000
v 10.300000 0.400001 7.600000
v 10.300000 0.400000 5.700000
v 10.300000 0.400000 5.600000
v 10.300000 0.400000 3.700000
v 10.300000 0.400000 3.600000
v 10.300000 0.400000 1.700000
v 10.300000 0.500001 17.600000
v 10.300000 0.500001 17.500000
v 10.300000 0.500001 15.600000
v 10.300000 0.500001 15.500000
v 10.300000 0.500001 13.600000
v 10.300000 0.500001 13.500000
v 10.300000 0.500001 11.600000
v 10.300000 0.500001 11.500000
v 10.300000 0.500001 9.600000
v 10.300000 0.500001 9.500000
v 10.300000 0.500001 7.600000
v 10.300000 0.500001 7.500000
v 10.300000 0.500000 5.600000
v 10.300000 0.500000 5.500000
v 10.300000 0.500000 3.600000
v 10.300000 0.500000 3.500000
v 10.300000 0.600001 17.500000
v 10.300000 0.600001 15.700000
v 10.300000 0.600001 15.500000
v 10.300000 0.600001 13.700000
v 10.300000 0.600001 13.500000
v 10.300000 0.600001 11.700000
v 10.300000 0.600001 11.500000
v 10.300000 0.600001 9.700000
v 10.300000 0.600001 9.500000
v 10.300000 0.600001 7.700000
v 10.300000 0.600001 7.500000
v 10.300000 0.600000 5.700000
v 10.300000 0.600000 5.500000
v 10.300000 0.600000 3.700000
v 10.300000 0.600000 3.500000
v 10.300000 0.600000 1.700000
v 12.300000 0.400001 17.600000
v 12.300000 0.400001 15.700000
v 12.300000 0.400001 15.600000
v 12.300000 0.400001 13.700000
v 12.300000 0.400001 13.600000
v 12.300000 0.400001 11.700000
v 12.300000 0.400001 11.600000
v 12.300000 0.400001 9.700000
v 12.300000 0.400001 9.600000
v 12.300000 0.400001 7.700000
v 12.300000 0.400001 7.600000
v 12.300000 0.400000 5.700000
v 12.300000 0.400000 5.600000
v 12.300000 0.400000 3.700000
v 12.300000 0.400000 3.600000
v 12.300000 0.400000 1.700000
v 12.300000 0.500001 17.600000
v 12.300000 0.500001 17.500000
v 12.300000 0.500001 15.600000
v 12.300000 0.500001 15.500000
v 12.300000 0.500001 13.600000
v 12.300000 0.500001 13.500000
v 12.300000 0.500001 11.600000
v 12.300000 0.500001 11.500000
v 12.300000 0.500001 9.600000
v 12.300000 0.500001 9.500000
v 12.300000 0.500001 7.600000
v 12.300000 0.500001 7.500000
v 12.300000 0.500000 5.600000
v 12.300000 0.500000 5.500000
v 12.300000 0.500000 3.600000
v 12.300000 0.500000 3.500000
v 12.300000 0.600001 17.500000
v 12.300000 0.600001 15.700000
v 12.300000 0.600001 15.500000
v 12.300000 0.600001 13.700000
v 12.300000 0.600001 13.500000
v 12.300000 0.600001 11.700000
v 12.300000 0.600001 11.500000
v 12.300000 0.600001 9.700000
v 12.300000 0.600001 9.500000
v 12.300000 0.600001 7.700000
v 12.300000 0.600001 7.500000
v 12.300000 0.600000 5.700000
v 12.300000 0.600000 5.500000
v 12.300000 0.600000 3.700000
v 12.300000 0.600000 3.500000
v 12.300000 0.600000 1.700000
v 14.300000 0.400001 17.600000
v 14.300000 0.400001 15.700000
v 14.300000 0.400001 15.600000
v 14.300000 0.400001 13.700000
v 14.300000 0.400001 13.600000
v 14.300000 0.400001 11.700000
v 14.300000 0.400001 11.600000
v 14.300000 0.400001 9.700000
v 14.300000 0.400001 9.600000
v 14.300000 0.400001 7.700000
v 14.300000 0.400001 7.600000
v 14.300000 0.400000 5.700000
v 14.300000 0.400000 5.600000
v 14.300000 0.400000 3.700000
v 14.300000 0.400000 3.600000
v 14.300000 0.400000 1.700000
v 14.300000 0.500001 17.600000
v 14.300000 0.500001 17.500000
v 14.300000 0.500001 15.600000
v 14.300000 0.500001 15.500000
v 14.300000 0.500001 13.600000
v 14.300000 0.500001 13.500000
v 14.300000 0.500001 11.600000
v 14.300000 0.500001 11.500000
v 14.300000 0.500001 9.600000
v 14.300000 0.500001 9.500000
v 14.300000 0.500001 7.600000
v 14.300000 0.500001 7.500000
v 14.300000 0.500000 5.600000
v 14.300000 0.500000 5.500000
v 14.300000 0.500000 3.600000
v 14.300000 0.500000 3.500000
v 14.300000 0.600001 17.500000
v 14.300000 0.600001 15.700000
v 14.300000 0.600001 15.500000
v 14.300000 0.600001 13.700000
v 14.300000 0.600001 13.500000
v 14.300000 0.600001 11.700000
v 14.300000 0.600001 11.500000
v 14.300000 0.600001 9.700000
v 14.300000 0.600001 9.500000
v 14.300000 0.600001 7.700000
v 14.300000 0.600001 7.500000
v 14.300000 0.600000 5.700000
v 14.300000 0.600000 5.500000
v 14.300000 0.600000 3.700000
v 14.300000 0.600000 3.500000
v 14.300000 0.600000 1.700000
v 16.299999 0.400001 17.600000
v 16.299999 0.400001 15.700000
v 16.299999 0.400001 15.600000
v 16.299999 0.400001 13.700000
v 16.299999 0.400001 13.600000
v 16.299999 0.400001 11.700000
v 16.299999 0.400001 11.600000
v 16.299999 0.400001 9.700000
v 16.299999 0.400001 9.600000
v 16.299999 0.400001 7.700000
v 16.299999 0.400001 7.600000
v 16.299999 0.400000 5.700000
v 16.299999 0.400000 5.600000
v 16.299999 0.400000 3.700000
v 16.299999 0.400000 3.600000
v 16.299999 0.400000 1.700000
v 16.299999 0.500001 17.600000
v 16.299999 0.500001 17.500000
v 16.299999 0.500001 15.600000
v 16.299999 0.500001 15.500000
v 16.299999 0.500001 13.600000
v 16.299999 0.500001 13.500000
v 16.299999 0.500001 11.600000
v 16.299999 0.500001 11.500000
v 16.299999 0.500001 9.600000
v 16.299999 0.500001 9.500000
v 16.299999 0.500001 7.600000
v 16.299999 0.500001 7.500000
v 16.299999 0.500000 5.600000
v 16.299999 0.500000 5.500000
v 16.299999 0.500000 3.600000
v 16.299999 0.500000 3.500000
v 16.299999 0.600001 17.500000
v 16.299999 0.600001 15.700000
v 16.299999 0.600001 15.500000
v 16.299999 0.600001 13.700000
v 16.299999 0.600001 13.500000
v 16.299999 0.600001 11.700000
v 16.299999 0.600001 11.500000
v 16.299999 0.600001 9.700000
v 16.299999 0.600001 9.500000
v 16.299999 0.600001 7.700000
v 16.299999 0.600001 7.500000
v 16.299999 0.600000 5.700000
v 16.299999 0.600000 5.500000
v 16.299999 0.600000 3.700000
v 16.299999 0.600000 3.500000
v 16.299999 0.600000 1.700000
v 18.299999 0.400001 17.600000
v 18.299999 0.400001 15.700000
v 18.299999 0.400001 15.600000
v 18.299999 0.400001 13.700000
v 18.299999 0.400001 13.600000
v 18.299999 0.400001 11.700000
v 18.299999 0.400001 11.600000
v 18.299999 0.400001 9.700000
v 18.299999 0.400001 9.600000
v 18.299999 0.400001 7.700000
v 18.299999 0.400001 7.600000
v 18.299999 0.400000 5.700000
v 18.299999 0.400000 5.600000
v 18.299999 0.400000 3.700000
v 18.299999 0.400000 3.600000
v 18.299999 0.400000 1.700000
v 18.299999 0.500001 17.600000
v 18.299999 0.500001 17.500000
v 18.299999 0.500001 15.600000
v 18.299999 0.500001 15.500000
v 18.299999 0.500001 13.600000
v 18.299999 0.500001 13.500000
v 18.299999 0.500001 11.600000
v 18.299999 0.500001 11.500000
v 18.299999 0.500001 9.600000
v 18.299999 0.500001 9.500000
v 18.299999 0.500001 7.600000
v 18.299999 0.500001 7.500000
v 18.299999 0.500000 5.600000
v 18.299999 0.500000 5.500000
v 18.299999 0.500000 3.600000
v 18.299999 0.500000 3.500000
v 18.299999 0.600001 17.500000
v 18.299999 0.600001 15.700000
v 18.299999 0.600001 15.500000
v 18.299999 0.600001 13.700000
v 18.299999 0.600001 13.500000
v 18.299999 0.600001 11.700000
v 18.299999 0.600001 11.500000
v 18.299999 0.600001 9.700000
v 18.299999 0.600001 9.500000
v 18.299999 0.600001 7.700000
v 18.299999 0.600001 7.500000
v 18.299999 0.600000 5.700000
v 18.299999 0.600000 5.500000
v 18.299999 0.600000 3.700000
v 18.299999 0.600000 3.500000
v 18.299999 0.600000 1.700000
v 20.299999 0.400001 17.600000
v 20.299999 0.400001 15.700000
v 20.299999 0.400001 15.600000
v 20.299999 0.400001 13.700000
v 20.299999 0.400001 13.600000
v 20.299999 0.400001 11.700000
v 20.299999 0.400001 11.600000
v 20.299999 0.400001 9.700000
v 20.299999 0.400001 9.600000
v 20.299999 0.400001 7.700000
v 20.299999 0.400001 7.600000
v 20.299999 0.400000 5.700000
v 20.299999 0.400000 5.600000
v 20.299999 0.400000 3.700000
v 20.299999 0.400000 3.600000
v 20.299999 0.400000 1.700000
v 20.299999 0.500001 17.600000
v 20.299999 0.500001 17.500000
v 20.299999 0.500001 15.600000
v 20.299999 0.500001 15.500000
v 20.299999 0.500001 13.600000
v 20.299999 0.500001 13.500000
v 20.299999 0.500001 11.600000
v 20.299999 0.500001 11.500000
v 20.299999 0.500001 9.600000
v 20.299999 0.500001 9.500000
v 20.299999 0.500001 7.600000
v 20.299999 0.500001 7.500000
v 20.299999 0.500000 5.600000
v 20.299999 0.500000 5.500000
v 20.299999 0.500000 3.600000
v 20.299999 0.500000 3.500000
v 20.299999 0.600001 17.500000
v 20.299999 0.600001 15.700000
v 20.299999 0.600001 15.500000
v 20.299999 0.600001 13.700000
v 20.299999 0.600001 13.500000
v 20.299999 0.600001 11.700000
v 20.299999 0.600001 11.500000
v 20.299999 0.600001 9.700000
v 20.299999 0.600001 9.500000
v 20.299999 0.600001 7.700000
v 20.299999 0.600001 7.500000
v 20.299999 0.600000 5.700000
v 20.299999 0.600000 5.500000
v 20.299999 0.600000 3.700000
v 20.299999 0.600000 3.500000
v 20.299999 0.600000 1.700000
v 20.400000 0.000001 17.600000
v 20.400000 0.000000 1.600000
v 20.400000 0.200001 17.500000
v 20.400000 0.200001 15.700000
v 20.400000 0.200001 15.500000
v 20.400000 0.200001 13.700000
v 20.400000 0.200001 13.500000
v 20.400000 0.200001 11.700000
v 20.400000 0.200001 11.500000
v 20.400000 0.200001 9.700000
v 20.400000 0.200001 9.500000
v 20.400000 0.200001 7.700000
v 20.400000 0.200001 7.500000
v 20.400000 0.200000 5.700000
v 20.400000 0.200000 5.500000
v 20.400000 0.200000 3.700000
v 20.400000 0.200000 3.500000
v 20.400000 0.200000 1.700000
v 20.400000 0.300001 17.600000
v 20.400000 0.300001 17.500000
v 20.400000 0.300001 15.700000
v 20.400000 0.300001 15.500000
v 20.400000 0.300001 13.700000
v 20.400000 0.300001 13.500000
v 20.400000 0.300001 11.700000
v 20.400000 0.300001 11.500000
v 20.400000 0.300001 9.700000
v 20.400000 0.300001 9.500000
v 20.400000 0.300001 7.700000
v 20.400000 0.300001 7.500000
v 20.400000 0.300000 5.700000
v 20.400000 0.300000 5.500000
v 20.400000 0.300000 3.700000
v 20.400000 0.300000 3.500000
v 20.400000 0.300000 1.700000
v 20.400000 0.300000 1.600000
v 20.400000 0.400001 17.600000
v 20.400000 0.400000 1.600000
v 4.400000 0.000001 17.600000
v 4.400000 0.300001 17.600000
v 4.400000 0.400001 17.600000
v 4.500000 0.300001 17.600000
v 4.500000 0.400001 17.600000
v 4.500000 0.500001 17.600000
v 6.300000 0.300001 17.600000
v 6.300000 0.400001 17.600000
v 6.300000 0.500001 17.600000
v 6.500000 0.300001 17.600000
v 6.500000 0.400001 17.600000
v 6.500000 0.500001 17.600000
v 8.300000 0.300001 17.600000
v 8.300000 0.400001 17.600000
v 8.300000 0.500001 17.600000
v 8.500000 0.300001 17.600000
v 8.500000 0.400001 17.600000
v 8.500000 0.500001 17.600000
v 10.300000 0.300001 17.600000
v 10.300000 0.400001 17.600000
v 10.300000 0.500001 17.600000
v 10.500000 0.300001 17.600000
v 10.500000 0.400001 17.600000
v 10.500000 0.500001 17.600000
v 12.300000 0.300001 17.600000
v 12.300000 0.400001 17.600000
v 12.300000 0.500001 17.600000
v 12.500000 0.300001 17.600000
v 12.500000 0.400001 17.600000
v 12.500000 0.500001 17.600000
v 14.300000 0.300001 17.600000
v 14.300000 0.400001 17.600000
v 14.300000 0.500001 17.600000
v 14.500000 0.300001 17.600000
v 14.500000 0.400001 17.600000
v 14.500000 0.500001 17.600000
v 16.299999 0.300001 17.600000
v 16.299999 0.400001 17.600000
v 16.299999 0.500001 17.600000
v 16.500000 0.300001 17.600000
v 16.500000 0.400001 17.600000
v 16.500000 0.500001 17.600000
v 18.299999 0.300001 17.600000
v 18.299999 0.400001 17.600000
v 18.299999 0.500001 17.600000
v 18.500000 0.300001 17.600000
v 18.500000 0.400001 17.600000
v 18.500000 0.500001 17.600000
v 20.299999 0.300001 17.600000
v 20.299999 0.400001 17.600000
v 20.299999 0.500001 17.600000
v 20.400000 0.000001 17.600000
v 20.400000 0.300001 17.600000
v 20.400000 0.400001 17.600000
v 4.400000 0.400001 17.500000
v 4.400000 0.500001 17.500000
v 4.500000 0.400001 17.500000
v 4.500000 0.500001 17.500000
v 4.500000 0.600001 17.500000
v 6.300000 0.500001 17.500000
v 6.300000 0.600001 17.500000
v 6.400000 0.400001 17.500000
v 6.400000 0.500001 17.500000
v 6.500000 0.400001 17.500000
v 6.500000 0.500001 17.500000
v 6.500000 0.600001 17.500000
v 8.300000 0.500001 17.500000
v 8.300000 0.600001 17.500000
v 8.400000 0.400001 17.500000
v 8.400000 0.500001 17.500000
v 8.500000 0.400001 17.500000
v 8.500000 0.500001 17.500000
v 8.500000 0.600001 17.500000
v 10.300000 0.500001 17.500000
v 10.300000 0.600001 17.500000
v 10.400000 0.400001 17.500000
v 10.400000 0.500001 17.500000
v 10.500000 0.400001 17.500000
v 10.500000 0.500001 17.500000
v 10.500000 0.600001 17.500000
v 12.300000 0.500001 17.500000
v 12.300000 0.600001 17.500000
v 12.400000 0.400001 17.500000
v 12.400000 0.500001 17.500000
v 12.500000 0.400001 17.500000
v 12.500000 0.500001 17.500000
v 12.500000 0.600001 17.500000
v 14.300000 0.500001 17.500000
v 14.300000 0.600001 17.500000
v 14.400000 0.400001 17.500000
v 14.400000 0.500001 17.500000
v 14.500000 0.400001 17.500000
v 14.500000 0.500001 17.500000
v 14.500000 0.600001 17.500000
v 16.299999 0.500001 17.500000
v 16.299999 0.600001 17.500000
v 16.400000 0.400001 17.500000
v 16.400000 0.500001 17.500000
v 16.500000 0.400001 17.500000
v 16.500000 0.500001 17.500000
v 16.500000 0.600001 17.500000
v 18.299999 0.500001 17.500000
v 18.299999 0.600001 17.500000
v 18.400000 0.400001 17.500000
v 18.400000 0.500001 17.500000
v 18.500000 0.400001 17.500000
v 18.500000 0.500001 17.500000
v 18.500000 0.600001 17.500000
v 20.299999 0.500001 17.500000
v 20.299999 0.600001 17.500000
v 4.500000 0.400001 15.600000
v 4.500000 0.500001 15.600000
v 6.300000 0.400001 15.600000
v 6.300000 0.500001 15.600000
v 6.500000 0.400001 15.600000
v 6.500000 0.500001 15.600000
v 8.300000 0.400001 15.600000
v 8.300000 0.500001 15.600000
v 8.500000 0.400001 15.600000
v 8.500000 0.500001 15.600000
v 10.300000 0.400001 15.600000
v 10.300000 0.500001 15.600000
v 10.500000 0.400001 15.600000
v 10.500000 0.500001 15.600000
v 12.300000 0.400001 15.600000
v 12.300000 0.500001 15.600000
v 12.500000 0.400001 15.600000
v 12.500000 0.500001 15.600000
v 14.300000 0.400001 15.600000
v 14.300000 0.500001 15.600000
v 14.500000 0.400001 15.600000
v 14.500000 0.500001 15.600000
v 16.299999 0.400001 15.600000
v 16.299999 0.500001 15.600000
v 16.500000 0.400001 15.600000
v 16.500000 0.500001 15.600000
v 18.299999 0.400001 15.600000
v 18.299999 0.500001 15.600000
v 18.500000 0.400001 15.600000
v 18.500000 0.500001 15.600000
v 20.299999 0.400001 15.600000
v 20.299999 0.500001 15.600000
v 4.400000 0.400001 15.500000
v 4.400000 0.500001 15.500000
v 4.500000 0.400001 15.500000
v 4.500000 0.500001 15.500000
v 4.500000 0.600001 15.500000
v 6.300000 0.500001 15.500000
v 6.300000 0.600001 15.500000
v 6.400000 0.400001 15.500000
v 6.400000 0.500001 15.500000
v 6.500000 0.400001 15.500000
v 6.500000 0.500001 15.500000
v 6.500000 0.600001 15.500000
v 8.300000 0.500001 15.500000
v 8.300000 0.600001 15.500000
v 8.400000 0.400001 15.500000
v 8.400000 0.500001 15.500000
v 8.500000 0.400001 15.500000
v 8.500000 0.500001 15.500000
v 8.500000 0.600001 15.500000
v 10.300000 0.500001 15.500000
v 10.300000 0.600001 15.500000
v 10.400000 0.400001 15.500000
v 10.400000 0.500001 15.500000
v 10.500000 0.400001 15.500000
v 10.500000 0.500001 15.500000
v 10.500000 0.600001 15.500000
v 12.300000 0.500001 15.500000
v 12.300000 0.600001 15.500000
v 12.400000 0.400001 15.500000
v 12.400000 0.500001 15.500000
v 12.500000 0.400001 15.500000
v 12.500000 0.500001 15.500000
v 12.500000 0.600001 15.500000
v 14.300000 0.500001 15.500000
v 14.300000 0.600001 15.500000
v 14.400000 0.400001 15.500000
v 14.400000 0.500001 15.500000
v 14.500000 0.400001 15.500000
v 14.500000 0.500001 15.500000
v 14.500000 0.600001 15.500000
v 16.299999 0.500001 15.500000
v 16.299999 0.600001 15.500000
v 16.400000 0.400001 15.500000
v 16.400000 0.500001 15.500000
v 16.500000 0.400001 15.500000
v 16.500000 0.500001 15.500000
v 16.500000 0.600001 15.500000
v 18.299999 0.500001 15.500000
v 18.299999 0.600001 15.500000
v 18.400000 0.400001 15.500000
v 18.400000 0.500001 15.500000
v 18.500000 0.400001 15.500000
v 18.500000 0.500001 15.500000
v 18.500000 0.600001 15.500000
v 20.299999 0.500001 15.500000
v 20.299999 0.600001 15.500000
v 4.500000 0.400001 13.600000
v 4.500000 0.500001 13.600000
v 6.300000 0.400001 13.600000
v 6.300000 0.500001 13.600000
v 6.500000 0.400001 13.600000
v 6.500000 0.500001 13.600000
v 8.300000 0.400001 13.600000
v 8.300000 0.500001 13.600000
v 8.500000 0.400001 13.600000
v 8.500000 0.500001 13.600000
v 10.300000 0.400001 13.600000
v 10.300000 0.500001 13.600000
v 10.500000 0.400001 13.600000
v 10.500000 0.500001 13.600000
v 12.300000 0.400001 13.600000
v 12.300000 0.500001 13.600000
v 12.500000 0.400001 13.600000
v 12.500000 0.500001 13.600000
v 14.300000 0.400001 13.600000
v 14.300000 0.500001 13.600000
v 14.500000 0.400001 13.600000
v 14.500000 0.500001 13.600000
v 16.299999 0.400001 13.600000
v 16.299999 0.500001 13.600000
v 16.500000 0.400001 13.600000
v 16.500000 0.500001 13.600000
v 18.299999 0.400001 13.600000
v 18.299999 0.500001 13.600000
v 18.500000 0.400001 13.600000
v 18.500000 0.500001 13.600000
v 20.299999 0.400001 13.600000
v 20.299999 0.500001 13.600000
v 4.400000 0.400001 13.500000
v 4.400000 0.500001 13.500000
v 4.500000 0.400001 13.500000
v 4.500000 0.500001 13.500000
v 4.500000 0.600001 13.500000
v 6.300000 0.500001 13.500000
v 6.300000 0.600001 13.500000
v 6.400000 0.400001 13.500000
v 6.400000 0.500001 13.500000
v 6.500000 0.400001 13.500000
v 6.500000 0.500001 13.500000
v 6.500000 0.600001 13.500000
v 8.300000 0.500001 13.500000
v 8.300000 0.600001 13.500000
v 8.400000 0.400001 13.500000
v 8.400000 0.500001 13.500000
v 8.500000 0.400001 13.500000
v 8.500000 0.500001 13.500000
v 8.500000 0.600001 13.500000
v 10.300000 0.500001 13.500000
v 10.300000 0.600001 13.500000
v 10.400000 0.400001 13.500000
v 10.400000 0.500001 13.500000
v 10.500000 0.400001 13.500000
v 10.500000 0.500001 13.500000
v 10.500000 0.600001 13.500000
v 12.300000 0.500001 13.500000
v 12.300000 0.600001 13.500000
v 12.400000 0.400001 13.500000
v 12.400000 0.500001 13.500000
v 12.500000 0.400001 13.500000
v 12.500000 0.500001 13.500000
v 12.500000 0.600001 13.500000
v 14.300000 0.500001 13.500000
v 14.300000 0.600001 13.500000
v 14.400000 0.400001 13.500000
v 14.400000 0.500001 13.500000
v 14.500000 0.400001 13.500000
v 14.500000 0.500001 13.500000
v 14.500000 0.600001 13.500000
v 16.299999 0.500001 13.500000
v 16.299999 0.600001 13.500000
v 16.400000 0.400001 13.500000
v 16.400000 0.500001 13.500000
v 16.500000 0.400001 13.500000
v 16.500000 0.500001 13.500000
v 16.500000 0.600001 13.500000
v 18.299999 0.500001 13.500000
v 18.299999 0.600001 13.500000
v 18.400000 0.400001 13.500000
v 18.400000 0.500001 13.500000
v 18.500000 0.400001 13.500000
v 18.500000 0.500001 13.500000
v 18.500000 0.600001 13.500000
v 20.299999 0.500001 13.500000
v 20.299999 0.600001 13.500000
v 4.500000 0.400001 11.600000
v 4.500000 0.500001 11.600000
v 6.300000 0.400001 11.600000
v 6.300000 0.500001 11.600000
v 6.500000 0.400001 11.600000
v 6.500000 0.500001 11.600000
v 8.300000 0.400001 11.600000
v 8.300000 0.500001 11.600000
v 8.500000 0.400001 11.600000
v 8.500000 0.500001 11.600000
v 10.300000 0.400001 11.600000
v 10.300000 0.500001 11.600000
v 10.500000 0.400001 11.600000
v 10.500000 0.500001 11.600000
v 12.300000 0.400001 11.600000
v 12.300000 0.500001 11.600000
v 12.500000 0.400001 11.600000
v 12.500000 0.500001 11.600000
v 14.300000 0.400001 11.600000
v 14.300000 0.500001 11.600000
v 14.500000 0.400001 11.600000
v 14.500000 0.500001 11.600000
v 16.299999 0.400001 11.600000
v 16.299999 0.500001 11.600000
v 16.500000 0.400001 11.600000
v 16.500000 0.500001 11.600000
v 18.299999 0.400001 11.600000
v 18.299999 0.500001 11.600000
v 18.500000 0.400001 11.600000
v 18.500000 0.500001 11.600000
v 20.299999 0.400001 11.600000
v 20.299999 0.500001 11.600000
v 4.400000 0.400001 11.500000
v 4.400000 0.500001 11.500000
v 4.500000 0.400001 11.500000
v 4.500000 0.500001 11.500000
v 4.500000 0.600001 11.500000
v 6.300000 0.500001 11.500000
v 6.300000 0.600001 11.500000
v 6.400000 0.400001 11.500000
v 6.400000 0.500001 11.500000
v 6.500000 0.400001 11.500000
v 6.500000 0.500001 11.500000
v 6.500000 0.600001 11.500000
v 8.300000 0.500001 11.500000
v 8.300000 0.600001 11.500000
v 8.400000 0.400001 11.500000
v 8.400000 0.500001 11.500000
v 8.500000 0.400001 11.500000
v 8.500000 0.500001 11.500000
v 8.500000 0.600001 11.500000
v 10.300000 0.500001 11.500000
v 10.300000 0.600001 11.500000
v 10.400000 0.400001 11.500000
v 10.400000 0.500001 11.500000
v 10.500000 0.400001 11.500000
v 10.500000 0.500001 11.500000
v 10.500000 0.600001 11.500000
v 12.300000 0.500001 11.500000
v 12.300000 0.600001 11.500000
v 12.400000 0.400001 11.500000
v 12.400000 0.500001 11.500000
v 12.500000 0.400001 11.500000
v 12.500000 0.500001 11.500000
v 12.500000 0.600001 11.500000
v 14.300000 0.500001 11.500000
v 14.300000 0.600001 11.500000
v 14.400000 0.400001 11.500000
v 14.400000 0.500001 11.500000
v 14.500000 0.400001 11.500000
v 14.500000 0.500001 11.500000
v 14.500000 0.600001 11.500000
v 16.299999 0.500001 11.500000
v 16.299999 0.600001 11.500000
v 16.400000 0.400001 11.500000
v 16.400000 0.500001 11.500000
v 16.500000 0.400001 11.500000
v 16.500000 0.500001 11.500000
v 16.500000 0.600001 11.500000
v 18.299999 0.500001 11.500000
v 18.299999 0.600001 11.500000
v 18.400000 0.400001 11.500000
v 18.400000 0.500001 11.500000
v 18.500000 0.400001 11.500000
v 18.500000 0.500001 11.500000
v 18.500000 0.600001 11.500000
v 20.299999 0.500001 11.500000
v 20.299999 0.600001 11.500000
v 4.500000 0.400001 9.600000
v 4.500000 0.500001 9.600000
v 6.300000 0.400001 9.600000
v 6.300000 0.500001 9.600000
v 6.500000 0.400001 9.600000
v 6.500000 0.500001 9.600000
v 8.300000 0.400001 9.600000
v 8.300000 0.500001 9.600000
v 8.500000 0.400001 9.600000
v 8.500000 0.500001 9.600000
v 10.300000 0.400001 9.600000
v 10.300000 0.500001 9.600000
v 10.500000 0.400001 9.600000
v 10.500000 0.500001 9.600000
v 12.300000 0.400001 9.600000
v 12.300000 0.500001 9.600000
v 12.500000 0.400001 9.600000
v 12.500000 0.500001 9.600000
v 14.300000 0.400001 9.600000
v 14.300000 0.500001 9.600000
v 14.500000 0.400001 9.600000
v 14.500000 0.500001 9.600000
v 16.299999 0.400001 9.600000
v 16.299999 0.500001 9.600000
v 16.500000 0.400001 9.600000
v 16.500000 0.500001 9.600000
v 18.299999 0.400001 9.600000
v 18.299999 0.500001 9.600000
v 18.500000 0.400001 9.600000
v 18.500000 0.500001 9.600000
v 20.299999 0.400001 9.600000
v 20.299999 0.500001 9.600000
v 4.400000 0.400001 9.500000
v 4.400000 0.500001 9.500000
v 4.500000 0.400001 9.500000
v 4.500000 0.500001 9.500000
v 4.500000 0.600001 9.500000
v 6.300000 0.500001 9.500000
v 6.300000 0.600001 9.500000
v 6.400000 0.400001 9.500000
v 6.400000 0.500001 9.500000
v 6.500000 0.400001 9.500000
v 6.500000 0.500001 9.500000
v 6.500000 0.600001 9.500000
v 8.300000 0.500001 9.500000
v 8.300000 0.600001 9.500000
v 8.400000 0.400001 9.500000
v 8.400000 0.500001 9.500000
v 8.500000 0.400001 9.500000
v 8.500000 0.500001 9.500000
v 8.500000 0.600001 9.500000
v 10.300000 0.500001 9.500000
v 10.300000 0.600001 9.500000
v 10.400000 0.400001 9.500000
v 10.400000 0.500001 9.500000
v 10.500000 0.400001 9.500000
v 10.500000 0.500001 9.500000
v 10.500000 0.600001 9.500000
v 12.300000 0.500001 9.500000
v 12.300000 0.600001 9.500000
v 12.400000 0.400001 9.500000
v 12.400000 0.500001 9.500000
v 12.500000 0.400001 9.500000
v 12.500000 0.500001 9.500000
v 12.500000 0.600001 9.500000
v 14.300000 0.500001 9.500000
v 14.300000 0.600001 9.500000
v 14.400000 0.400001 9.500000
v 14.400000 0.500001 9.500000
v 14.500000 0.400001 9.500000
v 14.500000 0.500001 9.500000
v 14.500000 0.600001 9.500000
v 16.299999 0.500001 9.500000
v 16.299999 0.600001 9.500000
v 16.400000 0.400001 9.500000
v 16.400000 0.500001 9.500000
v 16.500000 0.400001 9.500000
v 16.500000 0.500001 9.500000
v 16.500000 0.600001 9.500000
v 18.299999 0.500001 9.500000
v 18.299999 0.600001 9.500000
v 18.400000 0.400001 9.500000
v 18.400000 0.500001 9.500000
v 18.500000 0.400001 9.500000
v 18.500000 0.500001 9.500000
v 18.500000 0.600001 9.500000
v 20.299999 0.500001 9.500000
v 20.299999 0.600001 9.500000
v 4.500000 0.400001 7.600000
v 4.500000 0.500001 7.600000
v 6.300000 0.400001 7.600000
v 6.300000 0.500001 7.600000
v 6.500000 0.400001 7.600000
v 6.500000 0.500001 7.600000
v 8.300000 0.400001 7.600000
v 8.300000 0.500001 7.600000
v 8.500000 0.400001 7.600000
v 8.500000 0.500001 7.600000
v 10.300000 0.400001 7.600000
v 10.300000 0.500001 7.600000
v 10.500000 0.400001 7.600000
v 10.500000 0.500001 7.600000
v 12.300000 0.400001 7.600000
v 12.300000 0.500001 7.600000
v 12.500000 0.400001 7.600000
v 12.500000 0.500001 7.600000
v 14.300000 0.400001 7.600000
v 14.300000 0.500001 7.600000
v 14.500000 0.400001 7.600000
v 14.500000 0.500001 7.600000
v 16.299999 0.400001 7.600000
v 16.299999 0.500001 7.600000
v 16.500000 0.400001 7.600000
v 16.500000 0.500001 7.600000
v 18.299999 0.400001 7.600000
v 18.299999 0.500001 7.600000
v 18.500000 0.400001 7.600000
v 18.500000 0.500001 7.600000
v 20.299999 0.400001 7.600000
v 20.299999 0.500001 7.600000
v 4.400000 0.400001 7.500000
v 4.400000 0.500001 7.500000
v 4.500000 0.400001 7.500000
v 4.500000 0.500001 7.500000
v 4.500000 0.600001 7.500000
v 6.300000 0.500001 7.500000
v 6.300000 0.600001 7.500000
v 6.400000 0.400001 7.500000
v 6.400000 0.500001 7.500000
v 6.500000 0.400001 7.500000
v 6.500000 0.500001 7.500000
v 6.500000 0.600001 7.500000
v 8.300000 0.500001 7.500000
v 8.300000 0.600001 7.500000
v 8.400000 0.400001 7.500000
v 8.400000 0.500001 7.500000
v 8.500000 0.400001 7.500000
v 8.500000 0.500001 7.500000
v 8.500000 0.600001 7.500000
v 10.300000 0.500001 7.500000
v 10.300000 0.600001 7.500000
v 10.400000 0.400001 7.500000
v 10.400000 0.500001 7.500000
v 10.500000 0.400001 7.500000
v 10.500000 0.500001 7.500000
v 10.500000 0.600001 7.500000
v 12.300000 0.500001 7.500000
v 12.300000 0.600001 7.500000
v 12.400000 0.400001 7.500000
v 12.400000 0.500001 7.500000
v 12.500000 0.400001 7.500000
v 12.500000 0.500001 7.500000
v 12.500000 0.600001 7.500000
v 14.300000 0.500001 7.500000
v 14.300000 0.600001 7.500000
v 14.400000 0.400001 7.500000
v 14.400000 0.500001 7.500000
v 14.500000 0.400001 7.500000
v 14.500000 0.500001 7.500000
v 14.500000 0.600001 7.500000
v 16.299999 0.500001 7.500000
v 16.299999 0.600001 7.500000
v 16.400000 0.400001 7.500000
v 16.400000 0.500001 7.500000
v 16.500000 0.400001 7.500000
v 16.500000 0.500001 7.500000
v 16.500000 0.600001 7.500000
v 18.299999 0.500001 7.500000
v 18.299999 0.600001 7.500000
v 18.400000 0.400001 7.500000
v 18.400000 0.500001 7.500000
v 18.500000 0.400001 7.500000
v 18.500000 0.500001 7.500000
v 18.500000 0.600001 7.500000
v 20.299999 0.500001 7.500000
v 20.299999 0.600001 7.500000
v 4.500000 0.400000 5.600000
v 4.500000 0.500000 5.600000
v 6.300000 0.400000 5.600000
v 6.300000 0.500000 5.600000
v 6.500000 0.400000 5.600000
v 6.500000 0.500000 5.600000
v 8.300000 0.400000 5.600000
v 8.300000 0.500000 5.600000
v 8.500000 0.400000 5.600000
v 8.500000 0.500000 5.600000
v 10.300000 0.400000 5.600000
v 10.300000 0.500000 5.600000
v 10.500000 0.400000 5.600000
v 10.500000 0.500000 5.600000
v 12.300000 0.400000 5.600000
v 12.300000 0.500000 5.600000
v 12.500000 0.400000 5.600000
v 12.500000 0.500000 5.600000
v 14.300000 0.400000 5.600000
v 14.300000 0.500000 5.600000
v 14.500000 0.400000 5.600000
v 14.500000 0.500000 5.600000
v 16.299999 0.400000 5.600000
v 16.299999 0.500000 5.600000
v 16.500000 0.400000 5.600000
v 16.500000 0.500000 5.600000
v 18.299999 0.400000 5.600000
v 18.299999 0.500000 5.600000
v 18.500000 0.400000 5.600000
v 18.500000 0.500000 5.600000
v 20.299999 0.400000 5.600000
v 20.299999 0.500000 5.600000
v 4.400000 0.400000 5.500000
v 4.400000 0.500000 5.500000
v 4.500000 0.400000 5.500000
v 4.500000 0.500000 5.500000
v 4.500000 0.600000 5.500000
v 6.300000 0.500000 5.500000
v 6.300000 0.600000 5.500000
v 6.400000 0.400000 5.500000
v 6.400000 0.500000 5.500000
v 6.500000 0.400000 5.500000
v 6.500000 0.500000 5.500000
v 6.500000 0.600000 5.500000
v 8.300000 0.500000 5.500000
v 8.300000 0.600000 5.500000
v 8.400000 0.400000 5.500000
v 8.400000 0.500000 5.500000
v 8.500000 0.400000 5.500000
v 8.500000 0.500000 5.500000
v 8.500000 0.600000 5.500000
v 10.300000 0.500000 5.500000
v 10.300000 0.600000 5.500000
v 10.400000 0.400000 5.500000
v 10.400000 0.500000 5.500000
v 10.500000 0.400000 5.500000
v 10.500000 0.500000 5.500000
v 10.500000 0.600000 5.500000
v 12.300000 0.500000 5.500000
v 12.300000 0.600000 5.500000
v 12.400000 0.400000 5.500000
v 12.400000 0.500000 5.500000
v 12.500000 0.400000 5.500000
v 12.500000 0.500000 5.500000
v 12.500000 0.600000 5.500000
v 14.300000 0.500000 5.500000
v 14.300000 0.600000 5.500000
v 14.400000 0.400000 5.500000
v 14.400000 0.500000 5.500000
v 14.500000 0.400000 5.500000
v 14.500000 0.500000 5.500000
v 14.500000 0.600000 5.500000
v 16.299999 0.500000 5.500000
v 16.299999 0.600000 5.500000
v 16.400000 0.400000 5.500000
v 16.400000 0.500000 5.500000
v 16.500000 0.400000 5.500000
v 16.500000 0.500000 5.500000
v 16.500000 0.600000 5.500000
v 18.299999 0.500000 5.500000
v 18.299999 0.600000 5.500000
v 18.400000 0.400000 5.500000
v 18.400000 0.500000 5.500000
v 18.500000 0.400000 5.500000
v 18.500000 0.500000 5.500000
v 18.500000 0.600000 5.500000
v 20.299999 0.500000 5.500000
v 20.299999 0.600000 5.500000
v 4.500000 0.400000 3.600000
v 4.500000 0.500000 3.600000
v 6.300000 0.400000 3.600000
v 6.300000 0.500000 3.600000
v 6.500000 0.400000 3.600000
v 6.500000 0.500000 3.600000
v 8.300000 0.400000 3.600000
v 8.300000 0.500000 3.600000
v 8.500000 0.400000 3.600000
v 8.500000 0.500000 3.600000
v 10.300000 0.400000 3.600000
v 10.300000 0.500000 3.600000
v 10.500000 0.400000 3.600000
v 10.500000 0.500000 3.600000
v 12.300000 0.400000 3.600000
v 12.300000 0.500000 3.600000
v 12.500000 0.400000 3.600000
v 12.500000 0.500000 3.600000
v 14.300000 0.400000 3.600000
v 14.300000 0.500000 3.600000
v 14.500000 0.400000 3.600000
v 14.500000 0.500000 3.600000
v 16.299999 0.400000 3.600000
v 16.299999 0.500000 3.600000
v 16.500000 0.400000 3.600000
v 16.500000 0.500000 3.600000
v 18.299999 0.400000 3.600000
v 18.299999 0.500000 3.600000
v 18.500000 0.400000 3.600000
v 18.500000 0.500000 3.600000
v 20.299999 0.400000 3.600000
v 20.299999 0.500000 3.600000
v 4.400000 0.400000 3.500000
v 4.400000 0.500000 3.500000
v 4.500000 0.400000 3.500000
v 4.500000 0.500000 3.500000
v 4.500000 0.600000 3.500000
v 6.300000 0.500000 3.500000
v 6.300000 0.600000 3.500000
v 6.400000 0.400000 3.500000
v 6.400000 0.500000 3.500000
v 6.500000 0.400000 3.500000
v 6.500000 0.500000 3.500000
v 6.500000 0.600000 3.500000
v 8.300000 0.500000 3.500000
v 8.300000 0.600000 3.500000
v 8.400000 0.400000 3.500000
v 8.400000 0.500000 3.500000
v 8.500000 0.400000 3.500000
v 8.500000 0.500000 3.500000
v 8.500000 0.600000 3.500000
v 10.300000 0.500000 3.500000
v 10.300000 0.600000 3.500000
v 10.400000 0.400000 3.500000
v 10.400000 0.500000 3.500000
v 10.500000 0.400000 3.500000
v 10.500000 0.500000 3.500000
v 10.500000 0.600000 3.500000
v 12.300000 0.500000 3.500000
v 12.300000 0.600000 3.500000
v 12.400000 0.400000 3.500000
v 12.400000 0.500000 3.500000
v 12.500000 0.400000 3.500000
v 12.500000 0.500000 3.500000
v 12.500000 0.600000 3.500000
v 14.300000 0.500000 3.500000
v 14.300000 0.600000 3.500000
v 14.400000 0.400000 3.500000
v 14.400000 0.500000 3.500000
v 14.500000 0.400000 3.500000
v 14.500000 0.500000 3.500000
v 14.500000 0.600000 3.500000
v 16.299999 0.500000 3.500000
v 16.299999 0.600000 3.500000
v 16.400000 0.400000 3.500000
v 16.400000 0.500000 3.500000
v 16.500000 0.400000 3.500000
v 16.500000 0.500000 3.500000
v 16.500000 0.600000 3.500000
v 18.299999 0.500000 3.500000
v 18.299999 0.600000 3.500000
v 18.400000 0.400000 3.500000
v 18.400000 0.500000 3.500000
v 18.500000 0.400000 3.500000
v 18.500000 0.500000 3.500000
v 18.500000 0.600000 3.500000
v 20.299999 0.500000 3.500000
v 20.299999 0.600000 3.500000
v 4.400000 0.400001 15.700000
v 4.400000 0.500001 15.700000
v 4.500000 0.500001 15.700000
v 4.500000 0.600001 15.700000
v 6.300000 0.400001 15.700000
v 6.300000 0.600001 15.700000
v 6.400000 0.400001 15.700000
v 6.400000 0.500001 15.700000
v 6.500000 0.500001 15.700000
v 6.500000 0.600001 15.700000
v 8.300000 0.400001 15.700000
v 8.300000 0.600001 15.700000
v 8.400000 0.400001 15.700000
v 8.400000 0.500001 15.700000
v 8.500000 0.500001 15.700000
v 8.500000 0.600001 15.700000
v 10.300000 0.400001 15.700000
v 10.300000 0.600001 15.700000
v 10.400000 0.400001 15.700000
v 10.400000 0.500001 15.700000
v 10.500000 0.500001 15.700000
v 10.500000 0.600001 15.700000
v 12.300000 0.400001 15.700000
v 12.300000 0.600001 15.700000
v 12.400000 0.400001 15.700000
v 12.400000 0.500001 15.700000
v 12.500000 0.500001 15.700000
v 12.500000 0.600001 15.700000
v 14.300000 0.400001 15.700000
v 14.300000 0.600001 15.700000
v 14.400000 0.400001 15.700000
v 14.400000 0.500001 15.700000
v 14.500000 0.500001 15.700000
v 14.500000 0.600001 15.700000
v 16.299999 0.400001 15.700000
v 16.299999 0.600001 15.700000
v 16.400000 0.400001 15.700000
v 16.400000 0.500001 15.700000
v 16.500000 0.500001 15.700000
v 16.500000 0.600001 15.700000
v 18.299999 0.400001 15.700000
v 18.299999 0.600001 15.700000
v 18.400000 0.400001 15.700000
v 18.400000 0.500001 15.700000
v 18.500000 0.500001 15.700000
v 18.500000 0.600001 15.700000
v 20.299999 0.400001 15.700000
v 20.299999 0.600001 15.700000
v 4.400000 0.400001 13.700000
v 4.400000 0.500001 13.700000
v 4.500000 0.500001 13.700000
v 4.500000 0.600001 13.700000
v 6.300000 0.400001 13.700000
v 6.300000 0.600001 13.700000
v 6.400000 0.400001 13.700000
v 6.400000 0.500001 13.700000
v 6.500000 0.500001 13.700000
v 6.500000 0.600001 13.700000
v 8.300000 0.400001 13.700000
v 8.300000 0.600001 13.700000
v 8.400000 0.400001 13.700000
v 8.400000 0.500001 13.700000
v 8.500000 0.500001 13.700000
v 8.500000 0.600001 13.700000
v 10.300000 0.400001 13.700000
v 10.300000 0.600001 13.700000
v 10.400000 0.400001 13.700000
v 10.400000 0.500001 13.700000
v 10.500000 0.500001 13.700000
v 10.500000 0.600001 13.700000
v 12.300000 0.400001 13.700000
v 12.300000 0.600001 13.700000
v 12.400000 0.400001 13.700000
v 12.400000 0.500001 13.700000
v 12.500000 0.500001 13.700000
v 12.500000 0.600001 13.700000
v 14.300000 0.400001 13.700000
v 14.300000 0.600001 13.700000
v 14.400000 0.400001 13.700000
v 14.400000 0.500001 13.700000
v 14.500000 0.500001 13.700000
v 14.500000 0.600001 13.700000
v 16.299999 0.400001 13.700000
v 16.299999 0.600001 13.700000
v 16.400000 0.400001 13.700000
v 16.400000 0.500001 13.700000
v 16.500000 0.500001 13.700000
v 16.500000 0.600001 13.700000
v 18.299999 0.400001 13.700000
v 18.299999 0.600001 13.700000
v 18.400000 0.400001 13.700000
v 18.400000 0.500001 13.700000
v 18.500000 0.500001 13.700000
v 18.500000 0.600001 13.700000
v 20.299999 0.400001 13.700000
v 20.299999 0.600001 13.700000
v 4.400000 0.400001 11.700000
v 4.400000 0.500001 11.700000
v 4.500000 0.500001 11.700000
v 4.500000 0.600001 11.700000
v 6.300000 0.400001 11.700000
v 6.300000 0.600001 11.700000
v 6.400000 0.400001 11.700000
v 6.400000 0.500001 11.700000
v 6.500000 0.500001 11.700000
v 6.500000 0.600001 11.700000
v 8.300000 0.400001 11.700000
v 8.300000 0.600001 11.700000
v 8.400000 0.400001 11.700000
v 8.400000 0.500001 11.700000
v 8.500000 0.500001 11.700000
v 8.500000 0.600001 11.700000
v 10.300000 0.400001 11.700000
v 10.300000 0.600001 11.700000
v 10.400000 0.400001 11.700000
v 10.400000 0.500001 11.700000
v 10.500000 0.500001 11.700000
v 10.500000 0.600001 11.700000
v 12.300000 0.400001 11.700000
v 12.300000 0.600001 11.700000
v 12.400000 0.400001 11.700000
v 12.400000 0.500001 11.700000
v 12.500000 0.500001 11.700000
v 12.500000 0.600001 11.700000
v 14.300000 0.400001 11.700000
v 14.300000 0.600001 11.700000
v 14.400000 0.400001 11.700000
v 14.400000 0.500001 11.700000
v 14.500000 0.500001 11.700000
v 14.500000 0.600001 11.700000
v 16.299999 0.400001 11.700000
v 16.299999 0.600001 11.700000
v 16.400000 0.400001 11.700000
v 16.400000 0.500001 11.700000
v 16.500000 0.500001 11.700000
v 16.500000 0.600001 11.700000
v 18.299999 0.400001 11.700000
v 18.299999 0.600001 11.700000
v 18.400000 0.400001 11.700000
v 18.400000 0.500001 11.700000
v 18.500000 0.500001 11.700000
v 18.500000 0.600001 11.700000
v 20.299999 0.400001 11.700000
v 20.299999 0.600001 11.700000
v 4.400000 0.400001 9.700000
v 4.400000 0.500001 9.700000
v 4.500000 0.500001 9.700000
v 4.500000 0.600001 9.700000
v 6.300000 0.400001 9.700000
v 6.300000 0.600001 9.700000
v 6.400000 0.400001 9.700000
v 6.400000 0.500001 9.700000
v 6.500000 0.500001 9.700000
v 6.500000 0.600001 9.700000
v 8.300000 0.400001 9.700000
v 8.300000 0.600001 9.700000
v 8.400000 0.400001 9.700000
v 8.400000 0.500001 9.700000
v 8.500000 0.500001 9.700000
v 8.500000 0.600001 9.700000
v 10.300000 0.400001 9.700000
v 10.300000 0.600001 9.700000
v 10.400000 0.400001 9.700000
v 10.400000 0.500001 9.700000
v 10.500000 0.500001 9.700000
v 10.500000 0.600001 9.700000
v 12.300000 0.400001 9.700000
v 12.300000 0.600001 9.700000
v 12.400000 0.400001 9.700000
v 12.400000 0.500001 9.700000
v 12.500000 0.500001 9.700000
v 12.500000 0.600001 9.700000
v 14.300000 0.400001 9.700000
v 14.300000 0.600001 9.700000
v 14.400000 0.400001 9.700000
v 14.400000 0.500001 9.700000
v 14.500000 0.500001 9.700000
v 14.500000 0.600001 9.700000
v 16.299999 0.400001 9.700000
v 16.299999 0.600001 9.700000
v 16.400000 0.400001 9.700000
v 16.400000 0.500001 9.700000
v 16.500000 0.500001 9.700000
v 16.500000 0.600001 9.700000
v 18.299999 0.400001 9.700000
v 18.299999 0.600001 9.700000
v 18.400000 0.400001 9.700000
v 18.400000 0.500001 9.700000
v 18.500000 0.500001 9.700000
v 18.500000 0.600001 9.700000
v 20.299999 0.400001 9.700000
v 20.299999 0.600001 9.700000
v 4.400000 0.400001 7.700000
v 4.400000 0.500001 7.700000
v 4.500000 0.500001 7.700000
v 4.500000 0.600001 7.700000
v 6.300000 0.400001 7.700000
v 6.300000 0.600001 7.700000
v 6.400000 0.400001 7.700000
v 6.400000 0.500001 7.700000
v 6.500000 0.500001 7.700000
v 6.500000 0.600001 7.700000
v 8.300000 0.400001 7.700000
v 8.300000 0.600001 7.700000
v 8.400000 0.400001 7.700000
v 8.400000 0.500001 7.700000
v 8.500000 0.500001 7.700000
v 8.500000 0.600001 7.700000
v 10.300000 0.400001 7.700000
v 10.300000 0.600001 7.700000
v 10.400000 0.400001 7.700000
v 10.400000 0.500001 7.700000
v 10.500000 0.500001 7.700000
v 10.500000 0.600001 7.700000
v 12.300000 0.400001 7.700000
v 12.300000 0.600001 7.700000
v 12.400000 0.400001 7.700000
v 12.400000 0.500001 7.700000
v 12.500000 0.500001 7.700000
v 12.500000 0.600001 7.700000
v 14.300000 0.400001 7.700000
v 14.300000 0.600001 7.700000
v 14.400000 0.400001 7.700000
v 14.400000 0.500001 7.700000
v 14.500000 0.500001 7.700000
v 14.500000 0.600001 7.700000
v 16.299999 0.400001 7.700000
v 16.299999 0.600001 7.700000
v 16.400000 0.400001 7.700000
v 16.400000 0.500001 7.700000
v 16.500000 0.500001 7.700000
v 16.500000 0.600001 7.700000
v 18.299999 0.400001 7.700000
v 18.299999 0.600001 7.700000
v 18.400000 0.400001 7.700000
v 18.400000 0.500001 7.700000
v 18.500000 0.500001 7.700000
v 18.500000 0.600001 7.700000
v 20.299999 0.400001 7.700000
v 20.299999 0.600001 7.700000
v 4.400000 0.400000 5.700000
v 4.400000 0.500000 5.700000
v 4.500000 0.500000 5.700000
v 4.500000 0.600000 5.700000
v 6.300000 0.400000 5.700000
v 6.300000 0.600000 5.700000
v 6.400000 0.400000 5.700000
v 6.400000 0.500000 5.700000
v 6.500000 0.500000 5.700000
v 6.500000 0.600000 5.700000
v 8.300000 0.400000 5.700000
v 8.300000 0.600000 5.700000
v 8.400000 0.400000 5.700000
v 8.400000 0.500000 5.700000
v 8.500000 0.500000 5.700000
v 8.500000 0.600000 5.700000
v 10.300000 0.400000 5.700000
v 10.300000 0.600000 5.700000
v 10.400000 0.400000 5.700000
v 10.400000 0.500000 5.700000
v 10.500000 0.500000 5.700000
v 10.500000 0.600000 5.700000
v 12.300000 0.400000 5.700000
v 12.300000 0.600000 5.700000
v 12.400000 0.400000 5.700000
v 12.400000 0.500000 5.700000
v 12.500000 0.500000 5.700000
v 12.500000 0.600000 5.700000
v 14.300000 0.400000 5.700000
v 14.300000 0.600000 5.700000
v 14.400000 0.400000 5.700000
v 14.400000 0.500000 5.700000
v 14.500000 0.500000 5.700000
v 14.500000 0.600000 5.700000
v 16.299999 0.400000 5.700000
v 16.299999 0.600000 5.700000
v 16.400000 0.400000 5.700000
v 16.400000 0.500000 5.700000
v 16.500000 0.500000 5.700000
v 16.500000 0.600000 5.700000
v 18.299999 0.400000 5.700000
v 18.299999 0.600000 5.700000
v 18.400000 0.400000 5.700000
v 18.400000 0.500000 5.700000
v 18.500000 0.500000 5.700000
v 18.500000 0.600000 5.700000
v 20.299999 0.400000 5.700000
v 20.299999 0.600000 5.700000
v 4.400000 0.400000 3.700000
v 4.400000 0.500000 3.700000
v 4.500000 0.500000 3.700000
v 4.500000 0.600000 3.700000
v 6.300000 0.400000 3.700000
v 6.300000 0.600000 3.700000
v 6.400000 0.400000 3.700000
v 6.400000 0.500000 3.700000
v 6.500000 0.500000 3.700000
v 6.500000 0.600000 3.700000
v 8.300000 0.400000 3.700000
v 8.300000 0.600000 3.700000
v 8.400000 0.400000 3.700000
v 8.400000 0.500000 3.700000
v 8.500000 0.500000 3.700000
v 8.500000 0.600000 3.700000
v 10.300000 0.400000 3.700000
v 10.300000 0.600000 3.700000
v 10.400000 0.400000 3.700000
v 10.400000 0.500000 3.700000
v 10.500000 0.500000 3.700000
v 10.500000 0.600000 3.700000
v 12.300000 0.400000 3.700000
v 12.300000 0.600000 3.700000
v 12.400000 0.400000 3.700000
v 12.400000 0.500000 3.700000
v 12.500000 0.500000 3.700000
v 12.500000 0.600000 3.700000
v 14.300000 0.400000 3.700000
v 14.300000 0.600000 3.700000
v 14.400000 0.400000 3.700000
v 14.400000 0.500000 3.700000
v 14.500000 0.500000 3.700000
v 14.500000 0.600000 3.700000
v 16.299999 0.400000 3.700000
v 16.299999 0.600000 3.700000
v 16.400000 0.400000 3.700000
v 16.400000 0.500000 3.700000
v 16.500000 0.500000 3.700000
v 16.500000 0.600000 3.700000
v 18.299999 0.400000 3.700000
v 18.299999 0.600000 3.700000
v 18.400000 0.400000 3.700000
v 18.400000 0.500000 3.700000
v 18.500000 0.500000 3.700000
v 18.500000 0.600000 3.700000
v 20.299999 0.400000 3.700000
v 20.299999 0.600000 3.700000
v 4.400000 0.400000 1.700000
v 4.400000 0.500000 1.700000
v 4.500000 0.500000 1.700000
v 4.500000 0.600000 1.700000
v 6.300000 0.400000 1.700000
v 6.300000 0.600000 1.700000
v 6.400000 0.400000 1.700000
v 6.400000 0.500000 1.700000
v 6.500000 0.500000 1.700000
v 6.500000 0.600000 1.700000
v 8.300000 0.400000 1.700000
v 8.300000 0.600000 1.700000
v 8.400000 0.400000 1.700000
v 8.400000 0.500000 1.700000
v 8.500000 0.500000 1.700000
v 8.500000 0.600000 1.700000
v 10.300000 0.400000 1.700000
v 10.300000 0.600000 1.700000
v 10.400000 0.400000 1.700000
v 10.400000 0.500000 1.700000
v 10.500000 0.500000 1.700000
v 10.500000 0.600000 1.700000
v 12.300000 0.400000 1.700000
v 12.300000 0.600000 1.700000
v 12.400000 0.400000 1.700000
v 12.400000 0.500000 1.700000
v 12.500000 0.500000 1.700000
v 12.500000 0.600000 1.700000
v 14.300000 0.400000 1.700000
v 14.300000 0.600000 1.700000
v 14.400000 0.400000 1.700000
v 14.400000 0.500000 1.700000
v 14.500000 0.500000 1.700000
v 14.500000 0.600000 1.700000
v 16.299999 0.400000 1.700000
v 16.299999 0.600000 1.700000
v 16.400000 0.400000 1.700000
v 16.400000 0.500000 1.700000
v 16.500000 0.500000 1.700000
v 16.500000 0.600000 1.700000
v 18.299999 0.400000 1.700000
v 18.299999 0.600000 1.700000
v 18.400000 0.400000 1.700000
v 18.400000 0.500000 1.700000
v 18.500000 0.500000 1.700000
v 18.500000 0.600000 1.700000
v 20.299999 0.400000 1.700000
v 20.299999 0.600000 1.700000
v 4.400000 0.000000 1.600000
v 4.400000 0.300000 1.600000
v 4.400000 0.400000 1.600000
v 4.500000 0.200000 1.600000
v 4.500000 0.300000 1.600000
v 6.300000 0.200000 1.600000
v 6.300000 0.300000 1.600000
v 6.500000 0.200000 1.600000
v 6.500000 0.300000 1.600000
v 8.300000 0.200000 1.600000
v 8.300000 0.300000 1.600000
v 8.500000 0.200000 1.600000
v 8.500000 0.300000 1.600000
v 10.300000 0.200000 1.600000
v 10.300000 0.300000 1.600000
v 10.500000 0.200000 1.600000
v 10.500000 0.300000 1.600000
v 12.300000 0.200000 1.600000
v 12.300000 0.300000 1.600000
v 12.500000 0.200000 1.600000
v 12.500000 0.300000 1.600000
v 14.300000 0.200000 1.600000
v 14.300000 0.300000 1.600000
v 14.500000 0.200000 1.600000
v 14.500000 0.300000 1.600000
v 16.299999 0.200000 1.600000
v 16.299999 0.300000 1.600000
v 16.500000 0.200000 1.600000
v 16.500000 0.300000 1.600000
v 18.299999 0.200000 1.600000
v 18.299999 0.300000 1.600000
v 18.500000 0.200000 1.600000
v 18.500000 0.300000 1.600000
v 20.299999 0.200000 1.600000
v 20.299999 0.300000 1.600000
v 20.400000 0.000000 1.600000
v 20.400000 0.300000 1.600000
v 20.400000 0.400000 1.600000
v 4.400000 0.000001 17.600000
v 20.400000 0.000001 17.600000
v 4.400000 0.000000 1.600000
v 20.400000 0.000000 1.600000
v 4.400000 0.400001 17.600000
v 4.500000 0.400001 17.600000
v 6.300000 0.400001 17.600000
v 6.500000 0.400001 17.600000
v 8.300000 0.400001 17.600000
v 8.500000 0.400001 17.600000
v 10.300000 0.400001 17.600000
v 10.500000 0.400001 17.600000
v 12.300000 0.400001 17.600000
v 12.500000 0.400001 17.600000
v 14.300000 0.400001 17.600000
v 14.500000 0.400001 17.600000
v 16.299999 0.400001 17.600000
v 16.500000 0.400001 17.600000
v 18.299999 0.400001 17.600000
v 18.500000 0.400001 17.600000
v 20.299999 0.400001 17.600000
v 20.400000 0.400001 17.600000
v 4.400000 0.400001 17.500000
v 4.500000 0.400001 17.500000
v 6.400000 0.400001 17.500000
v 6.500000 0.400001 17.500000
v 8.400000 0.400001 17.500000
v 8.500000 0.400001 17.500000
v 10.400000 0.400001 17.500000
v 10.500000 0.400001 17.500000
v 12.400000 0.400001 17.500000
v 12.500000 0.400001 17.500000
v 14.400000 0.400001 17.500000
v 14.500000 0.400001 17.500000
v 16.400000 0.400001 17.500000
v 16.500000 0.400001 17.500000
v 18.400000 0.400001 17.500000
v 18.500000 0.400001 17.500000
v 4.400000 0.400001 15.700000
v 6.300000 0.400001 15.700000
v 6.400000 0.400001 15.700000
v 8.300000 0.400001 15.700000
v 8.400000 0.400001 15.700000
v 10.300000 0.400001 15.700000
v 10.400000 0.400001 15.700000
v 12.300000 0.400001 15.700000
v 12.400000 0.400001 15.700000
v 14.300000 0.400001 15.700000
v 14.400000 0.400001 15.700000
v 16.299999 0.400001 15.700000
v 16.400000 0.400001 15.700000
v 18.299999 0.400001 15.700000
v 18.400000 0.400001 15.700000
v 20.299999 0.400001 15.700000
v 4.500000 0.400001 15.600000
v 6.300000 0.400001 15.600000
v 6.500000 0.400001 15.600000
v 8.300000 0.400001 15.600000
v 8.500000 0.400001 15.600000
v 10.300000 0.400001 15.600000
v 10.500000 0.400001 15.600000
v 12.300000 0.400001 15.600000
v 12.500000 0.400001 15.600000
v 14.300000 0.400001 15.600000
v 14.500000 0.400001 15.600000
v 16.299999 0.400001 15.600000
v 16.500000 0.400001 15.600000
v 18.299999 0.400001 15.600000
v 18.500000 0.400001 15.600000
v 20.299999 0.400001 15.600000
v 4.400000 0.400001 15.500000
v 4.500000 0.400001 15.500000
v 6.400000 0.400001 15.500000
v 6.500000 0.400001 15.500000
v 8.400000 0.400001 15.500000
v 8.500000 0.400001 15.500000
v 10.400000 0.400001 15.500000
v 10.500000 0.400001 15.500000
v 12.400000 0.400001 15.500000
v 12.500000 0.400001 15.500000
v 14.400000 0.400001 15.500000
v 14.500000 0.400001 15.500000
v 16.400000 0.400001 15.500000
v 16.500000 0.400001 15.500000
v 18.400000 0.400001 15.500000
v 18.500000 0.400001 15.500000
v 4.400000 0.400001 13.700000
v 6.300000 0.400001 13.700000
v 6.400000 0.400001 13.700000
v 8.300000 0.400001 13.700000
v 8.400000 0.400001 13.700000
v 10.300000 0.400001 13.700000
v 10.400000 0.400001 13.700000
v 12.300000 0.400001 13.700000
v 12.400000 0.400001 13.700000
v 14.300000 0.400001 13.700000
v 14.400000 0.400001 13.700000
v 16.299999 0.400001 13.700000
v 16.400000 0.400001 13.700000
v 18.299999 0.400001 13.700000
v 18.400000 0.400001 13.700000
v 20.299999 0.400001 13.700000
v 4.500000 0.400001 13.600000
v 6.300000 0.400001 13.600000
v 6.500000 0.400001 13.600000
v 8.300000 0.400001 13.600000
v 8.500000 0.400001 13.600000
v 10.300000 0.400001 13.600000
v 10.500000 0.400001 13.600000
v 12.300000 0.400001 13.600000
v 12.500000 0.400001 13.600000
v 14.300000 0.400001 13.600000
v 14.500000 0.400001 13.600000
v 16.299999 0.400001 13.600000
v 16.500000 0.400001 13.600000
v 18.299999 0.400001 13.600000
v 18.500000 0.400001 13.600000
v 20.299999 0.400001 13.600000
v 4.400000 0.400001 13.500000
v 4.500000 0.400001 13.500000
v 6.400000 0.400001 13.500000
v 6.500000 0.400001 13.500000
v 8.400000 0.400001 13.500000
v 8.500000 0.400001 13.500000
v 10.400000 0.400001 13.500000
v 10.500000 0.400001 13.500000
v 12.400000 0.400001 13.500000
v 12.500000 0.400001 13.500000
v 14.400000 0.400001 13.500000
v 14.500000 0.400001 13.500000
v 16.400000 0.400001 13.500000
v 16.500000 0.400001 13.500000
v 18.400000 0.400001 13.500000
v 18.500000 0.400001 13.500000
v 4.400000 0.400001 11.700000
v 6.300000 0.400001 11.700000
v 6.400000 0.400001 11.700000
v 8.300000 0.400001 11.700000
v 8.400000 0.400001 11.700000
v 10.300000 0.400001 11.700000
v 10.400000 0.400001 11.700000
v 12.300000 0.400001 11.700000
v 12.400000 0.400001 11.700000
v 14.300000 0.400001 11.700000
v 14.400000 0.400001 11.700000
v 16.299999 0.400001 11.700000
v 16.400000 0.400001 11.700000
v 18.299999 0.400001 11.700000
v 18.400000 0.400001 11.700000
v 20.299999 0.400001 11.700000
v 4.500000 0.400001 11.600000
v 6.300000 0.400001 11.600000
v 6.500000 0.400001 11.600000
v 8.300000 0.400001 11.600000
v 8.500000 0.400001 11.600000
v 10.300000 0.400001 11.600000
v 10.500000 0.400001 11.600000
v 12.300000 0.400001 11.600000
v 12.500000 0.400001 11.600000
v 14.300000 0.400001 11.600000
v 14.500000 0.400001 11.600000
v 16.299999 0.400001 11.600000
v 16.500000 0.400001 11.600000
v 18.299999 0.400001 11.600000
v 18.500000 0.400001 11.600000
v 20.299999 0.400001 11.600000
v 4.400000 0.400001 11.500000
v 4.500000 0.400001 11.500000
v 6.400000 0.400001 11.500000
v 6.500000 0.400001 11.500000
v 8.400000 0.400001 11.500000
v 8.500000 0.400001 11.500000
v 10.400000 0.400001 11.500000
v 10.500000 0.400001 11.500000
v 12.400000 0.400001 11.500000
v 12.500000 0.400001 11.500000
v 14.400000 0.400001 11.500000
v 14.500000 0.400001 11.500000
v 16.400000 0.400001 11.500000
v 16.500000 0.400001 11.500000
v 18.400000 0.400001 11.500000
v 18.500000 0.400001 11.500000
v 4.400000 0.400001 9.700000
v 6.300000 0.400001 9.700000
v 6.400000 0.400001 9.700000
v 8.300000 0.400001 9.700000
v 8.400000 0.400001 9.700000
v 10.300000 0.400001 9.700000
v 10.400000 0.400001 9.700000
v 12.300000 0.400001 9.700000
v 12.400000 0.400001 9.700000
v 14.300000 0.400001 9.700000
v 14.400000 0.400001 9.700000
v 16.299999 0.400001 9.700000
v 16.400000 0.400001 9.700000
v 18.299999 0.400001 9.700000
v 18.400000 0.400001 9.700000
v 20.299999 0.400001 9.700000
v 4.500000 0.400001 9.600000
v 6.300000 0.400001 9.600000
v 6.500000 0.400001 9.600000
v 8.300000 0.400001 9.600000
v 8.500000 0.400001 9.600000
v 10.300000 0.400001 9.600000
v 10.500000 0.400001 9.600000
v 12.300000 0.400001 9.600000
v 12.500000 0.400001 9.600000
v 14.300000 0.400001 9.600000
v 14.500000 0.400001 9.600000
v 16.299999 0.400001 9.600000
v 16.500000 0.400001 9.600000
v 18.299999 0.400001 9.600000
v 18.500000 0.400001 9.600000
v 20.299999 0.400001 9.600000
v 4.400000 0.400001 9.500000
v 4.500000 0.400001 9.500000
v 6.400000 0.400001 9.500000
v 6.500000 0.400001 9.500000
v 8.400000 0.400001 9.500000
v 8.500000 0.400001 9.500000
v 10.400000 0.400001 9.500000
v 10.500000 0.400001 9.500000
v 12.400000 0.400001 9.500000
v 12.500000 0.400001 9.500000
v 14.400000 0.400001 9.500000
v 14.500000 0.400001 9.500000
v 16.400000 0.400001 9.500000
v 16.500000 0.400001 9.500000
v 18.400000 0.400001 9.500000
v 18.500000 0.400001 9.500000
v 4.400000 0.400001 7.700000
v 6.300000 0.400001 7.700000
v 6.400000 0.400001 7.700000
v 8.300000 0.400001 7.700000
v 8.400000 0.400001 7.700000
v 10.300000 0.400001 7.700000
v 10.400000 0.400001 7.700000
v 12.300000 0.400001 7.700000
v 12.400000 0.400001 7.700000
v 14.300000 0.400001 7.700000
v 14.400000 0.400001 7.700000
v 16.299999 0.400001 7.700000
v 16.400000 0.400001 7.700000
v 18.299999 0.400001 7.700000
v 18.400000 0.400001 7.700000
v 20.299999 0.400001 7.700000
v 4.500000 0.400001 7.600000
v 6.300000 0.400001 7.600000
v 6.500000 0.400001 7.600000
v 8.300000 0.400001 7.600000
v 8.500000 0.400001 7.600000
v 10.300000 0.400001 7.600000
v 10.500000 0.400001 7.600000
v 12.300000 0.400001 7.600000
v 12.500000 0.400001 7.600000
v 14.300000 0.400001 7.600000
v 14.500000 0.400001 7.600000
v 16.299999 0.400001 7.600000
v 16.500000 0.400001 7.600000
v 18.299999 0.400001 7.600000
v 18.500000 0.400001 7.600000
v 20.299999 0.400001 7.600000
v 4.400000 0.400001 7.500000
v 4.500000 0.400001 7.500000
v 6.400000 0.400001 7.500000
v 6.500000 0.400001 7.500000
v 8.400000 0.400001 7.500000
v 8.500000 0.400001 7.500000
v 10.400000 0.400001 7.500000
v 10.500000 0.400001 7.500000
v 12.400000 0.400001 7.500000
v 12.500000 0.400001 7.500000
v 14.400000 0.400001 7.500000
v 14.500000 0.400001 7.500000
v 16.400000 0.400001 7.500000
v 16.500000 0.400001 7.500000
v 18.400000 0.400001 7.500000
v 18.500000 0.400001 7.500000
v 4.400000 0.400000 5.700000
v 6.300000 0.400000 5.700000
v 6.400000 0.400000 5.700000
v 8.300000 0.400000 5.700000
v 8.400000 0.400000 5.700000
v 10.300000 0.400000 5.700000
v 10.400000 0.400000 5.700000
v 12.300000 0.400000 5.700000
v 12.400000 0.400000 5.700000
v 14.300000 0.400000 5.700000
v 14.400000 0.400000 5.700000
v 16.299999 0.400000 5.700000
v 16.400000 0.400000 5.700000
v 18.299999 0.400000 5.700000
v 18.400000 0.400000 5.700000
v 20.299999 0.400000 5.700000
v 4.500000 0.400000 5.600000
v 6.300000 0.400000 5.600000
v 6.500000 0.400000 5.600000
v 8.300000 0.400000 5.600000
v 8.500000 0.400000 5.600000
v 10.300000 0.400000 5.600000
v 10.500000 0.400000 5.600000
v 12.300000 0.400000 5.600000
v 12.500000 0.400000 5.600000
v 14.300000 0.400000 5.600000
v 14.500000 0.400000 5.600000
v 16.299999 0.400000 5.600000
v 16.500000 0.400000 5.600000
v 18.299999 0.400000 5.600000
v 18.500000 0.400000 5.600000
v 20.299999 0.400000 5.600000
v 4.400000 0.400000 5.500000
v 4.500000 0.400000 5.500000
v 6.400000 0.400000 5.500000
v 6.500000 0.400000 5.500000
v 8.400000 0.400000 5.500000
v 8.500000 0.400000 5.500000
v 10.400000 0.400000 5.500000
v 10.500000 0.400000 5.500000
v 12.400000 0.400000 5.500000
v 12.500000 0.400000 5.500000
v 14.400000 0.400000 5.500000
v 14.500000 0.400000 5.500000
v 16.400000 0.400000 5.500000
v 16.500000 0.400000 5.500000
v 18.400000 0.400000 5.500000
v 18.500000 0.400000 5.500000
v 4.400000 0.400000 3.700000
v 6.300000 0.400000 3.700000
v 6.400000 0.400000 3.700000
v 8.300000 0.400000 3.700000
v 8.400000 0.400000 3.700000
v 10.300000 0.400000 3.700000
v 10.400000 0.400000 3.700000
v 12.300000 0.400000 3.700000
v 12.400000 0.400000 3.700000
v 14.300000 0.400000 3.700000
v 14.400000 0.400000 3.700000
v 16.299999 0.400000 3.700000
v 16.400000 0.400000 3.700000
v 18.299999 0.400000 3.700000
v 18.400000 0.400000 3.700000
v 20.299999 0.400000 3.700000
v 4.500000 0.400000 3.600000
v 6.300000 0.400000 3.600000
v 6.500000 0.400000 3.600000
v 8.300000 0.400000 3.600000
v 8.500000 0.400000 3.600000
v 10.300000 0.400000 3.600000
v 10.500000 0.400000 3.600000
v 12.300000 0.400000 3.600000
v 12.500000 0.400000 3.600000
v 14.300000 0.400000 3.600000
v 14.500000 0.400000 3.600000
v 16.299999 0.400000 3.600000
v 16.500000 0.400000 3.600000
v 18.299999 0.400000 3.600000
v 18.500000 0.400000 3.600000
v 20.299999 0.400000 3.600000
v 4.400000 0.400000 3.500000
v 4.500000 0.400000 3.500000
v 6.400000 0.400000 3.500000
v 6.500000 0.400000 3.500000
v 8.400000 0.400000 3.500000
v 8.500000 0.400000 3.500000
v 10.400000 0.400000 3.500000
v 10.500000 0.400000 3.500000
v 12.400000 0.400000 3.500000
v 12.500000 0.400000 3.500000
v 14.400000 0.400000 3.500000
v 14.500000 0.400000 3.500000
v 16.400000 0.400000 3.500000
v 16.500000 0.400000 3.500000
v 18.400000 0.400000 3.500000
v 18.500000 0.400000 3.500000
v 4.400000 0.400000 1.700000
v 6.300000 0.400000 1.700000
v 6.400000 0.400000 1.700000
v 8.300000 0.400000 1.700000
v 8.400000 0.400000 1.700000
v 10.300000 0.400000 1.700000
v 10.400000 0.400000 1.700000
v 12.300000 0.400000 1.700000
v 12.400000 0.400000 1.700000
v 14.300000 0.400000 1.700000
v 14.400000 0.400000 1.700000
v 16.299999 0.400000 1.700000
v 16.400000 0.400000 1.700000
v 18.299999 0.400000 1.700000
v 18.400000 0.400000 1.700000
v 20.299999 0.400000 1.700000
v 4.400000 0.400000 1.600000
v 20.400000 0.400000 1.600000
v 4.500000 0.500001 17.600000
v 6.300000 0.500001 17.600000
v 6.500000 0.500001 17.600000
v 8.300000 0.500001 17.600000
v 8.500000 0.500001 17.600000
v 10.300000 0.500001 17.600000
v 10.500000 0.500001 17.600000
v 12.300000 0.500001 17.600000
v 12.500000 0.500001 17.600000
v 14.300000 0.500001 17.600000
v 14.500000 0.500001 17.600000
v 16.299999 0.500001 17.600000
v 16.500000 0.500001 17.600000
v 18.299999 0.500001 17.600000
v 18.500000 0.500001 17.600000
v 20.299999 0.500001 17.600000
v 4.400000 0.500001 17.500000
v 4.500000 0.500001 17.500000
v 6.300000 0.500001 17.500000
v 6.400000 0.500001 17.500000
v 6.500000 0.500001 17.500000
v 8.300000 0.500001 17.500000
v 8.400000 0.500001 17.500000
v 8.500000 0.500001 17.500000
v 10.300000 0.500001 17.500000
v 10.400000 0.500001 17.500000
v 10.500000 0.500001 17.500000
v 12.300000 0.500001 17.500000
v 12.400000 0.500001 17.500000
v 12.500000 0.500001 17.500000
v 14.300000 0.500001 17.500000
v 14.400000 0.500001 17.500000
v 14.500000 0.500001 17.500000
v 16.299999 0.500001 17.500000
v 16.400000 0.500001 17.500000
v 16.500000 0.500001 17.500000
v 18.299999 0.500001 17.500000
v 18.400000 0.500001 17.500000
v 18.500000 0.500001 17.500000
v 20.299999 0.500001 17.500000
v 4.400000 0.500001 15.700000
v 4.500000 0.500001 15.700000
v 6.400000 0.500001 15.700000
v 6.500000 0.500001 15.700000
v 8.400000 0.500001 15.700000
v 8.500000 0.500001 15.700000
v 10.400000 0.500001 15.700000
v 10.500000 0.500001 15.700000
v 12.400000 0.500001 15.700000
v 12.500000 0.500001 15.700000
v 14.400000 0.500001 15.700000
v 14.500000 0.500001 15.700000
v 16.400000 0.500001 15.700000
v 16.500000 0.500001 15.700000
v 18.400000 0.500001 15.700000
v 18.500000 0.500001 15.700000
v 4.500000 0.500001 15.600000
v 6.300000 0.500001 15.600000
v 6.500000 0.500001 15.600000
v 8.300000 0.500001 15.600000
v 8.500000 0.500001 15.600000
v 10.300000 0.500001 15.600000
v 10.500000 0.500001 15.600000
v 12.300000 0.500001 15.600000
v 12.500000 0.500001 15.600000
v 14.300000 0.500001 15.600000
v 14.500000 0.500001 15.600000
v 16.299999 0.500001 15.600000
v 16.500000 0.500001 15.600000
v 18.299999 0.500001 15.600000
v 18.500000 0.500001 15.600000
v 20.299999 0.500001 15.600000
v 4.400000 0.500001 15.500000
v 4.500000 0.500001 15.500000
v 6.300000 0.500001 15.500000
v 6.400000 0.500001 15.500000
v 6.500000 0.500001 15.500000
v 8.300000 0.500001 15.500000
v 8.400000 0.500001 15.500000
v 8.500000 0.500001 15.500000
v 10.300000 0.500001 15.500000
v 10.400000 0.500001 15.500000
v 10.500000 0.500001 15.500000
v 12.300000 0.500001 15.500000
v 12.400000 0.500001 15.500000
v 12.500000 0.500001 15.500000
v 14.300000 0.500001 15.500000
v 14.400000 0.500001 15.500000
v 14.500000 0.500001 15.500000
v 16.299999 0.500001 15.500000
v 16.400000 0.500001 15.500000
v 16.500000 0.500001 15.500000
v 18.299999 0.500001 15.500000
v 18.400000 0.500001 15.500000
v 18.500000 0.500001 15.500000
v 20.299999 0.500001 15.500000
v 4.400000 0.500001 13.700000
v 4.500000 0.500001 13.700000
v 6.400000 0.500001 13.700000
v 6.500000 0.500001 13.700000
v 8.400000 0.500001 13.700000
v 8.500000 0.500001 13.700000
v 10.400000 0.500001 13.700000
v 10.500000 0.500001 13.700000
v 12.400000 0.500001 13.700000
v 12.500000 0.500001 13.700000
v 14.400000 0.500001 13.700000
v 14.500000 0.500001 13.700000
v 16.400000 0.500001 13.700000
v 16.500000 0.500001 13.700000
v 18.400000 0.500001 13.700000
v 18.500000 0.500001 13.700000
v 4.500000 0.500001 13.600000
v 6.300000 0.500001 13.600000
v 6.500000 0.500001 13.600000
v 8.300000 0.500001 13.600000
v 8.500000 0.500001 13.600000
v 10.300000 0.500001 13.600000
v 10.500000 0.500001 13.600000
v 12.300000 0.500001 13.600000
v 12.500000 0.500001 13.600000
v 14.300000 0.500001 13.600000
v 14.500000 0.500001 13.600000
v 16.299999 0.500001 13.600000
v 16.500000 0.500001 13.600000
v 18.299999 0.500001 13.600000
v 18.500000 0.500001 13.600000
v 20.299999 0.500001 13.600000
v 4.400000 0.500001 13.500000
v 4.500000 0.500001 13.500000
v 6.300000 0.500001 13.500000
v 6.400000 0.500001 13.500000
v 6.500000 0.500001 13.500000
v 8.300000 0.500001 13.500000
v 8.400000 0.500001 13.500000
v 8.500000 0.500001 13.500000
v 10.300000 0.500001 13.500000
v 10.400000 0.500001 13.500000
v 10.500000 0.500001 13.500000
v 12.300000 0.500001 13.500000
v 12.400000 0.500001 13.500000
v 12.500000 0.500001 13.500000
v 14.300000 0.500001 13.500000
v 14.400000 0.500001 13.500000
v 14.500000 0.500001 13.500000
v 16.299999 0.500001 13.500000
v 16.400000 0.500001 13.500000
v 16.500000 0.500001 13.500000
v 18.299999 0.500001 13.500000
v 18.400000 0.500001 13.500000
v 18.500000 0.500001 13.500000
v 20.299999 0.500001 13.500000
v 4.400000 0.500001 11.700000
v 4.500000 0.500001 11.700000
v 6.400000 0.500001 11.700000
v 6.500000 0.500001 11.700000
v 8.400000 0.500001 11.700000
v 8.500000 0.500001 11.700000
v 10.400000 0.500001 11.700000
v 10.500000 0.500001 11.700000
v 12.400000 0.500001 11.700000
v 12.500000 0.500001 11.700000
v 14.400000 0.500001 11.700000
v 14.500000 0.500001 11.700000
v 16.400000 0.500001 11.700000
v 16.500000 0.500001 11.700000
v 18.400000 0.500001 11.700000
v 18.500000 0.500001 11.700000
v 4.500000 0.500001 11.600000
v 6.300000 0.500001 11.600000
v 6.500000 0.500001 11.600000
v 8.300000 0.500001 11.600000
v 8.500000 0.500001 11.600000
v 10.300000 0.500001 11.600000
v 10.500000 0.500001 11.600000
v 12.300000 0.500001 11.600000
v 12.500000 0.500001 11.600000
v 14.300000 0.500001 11.600000
v 14.500000 0.500001 11.600000
v 16.299999 0.500001 11.600000
v 16.500000 0.500001 11.600000
v 18.299999 0.500001 11.600000
v 18.500000 0.500001 11.600000
v 20.299999 0.500001 11.600000
v 4.400000 0.500001 11.500000
v 4.500000 0.500001 11.500000
v 6.300000 0.500001 11.500000
v 6.400000 0.500001 11.500000
v 6.500000 0.500001 11.500000
v 8.300000 0.500001 11.500000
v 8.400000 0.500001 11.500000
v 8.500000 0.500001 11.500000
v 10.300000 0.500001 11.500000
v 10.400000 0.500001 11.500000
v 10.500000 0.500001 11.500000
v 12.300000 0.500001 11.500000
v 12.400000 0.500001 11.500000
v 12.500000 0.500001 11.500000
v 14.300000 0.500001 11.500000
v 14.400000 0.500001 11.500000
v 14.500000 0.500001 11.500000
v 16.299999 0.500001 11.500000
v 16.400000 0.500001 11.500000
v 16.500000 0.500001 11.500000
v 18.299999 0.500001 11.500000
v 18.400000 0.500001 11.500000
v 18.500000 0.500001 11.500000
v 20.299999 0.500001 11.500000
v 4.400000 0.500001 9.700000
v 4.500000 0.500001 9.700000
v 6.400000 0.500001 9.700000
v 6.500000 0.500001 9.700000
v 8.400000 0.500001 9.700000
v 8.500000 0.500001 9.700000
v 10.400000 0.500001 9.700000
v 10.500000 0.500001 9.700000
v 12.400000 0.500001 9.700000
v 12.500000 0.500001 9.700000
v 14.400000 0.500001 9.700000
v 14.500000 0.500001 9.700000
v 16.400000 0.500001 9.700000
v 16.500000 0.500001 9.700000
v 18.400000 0.500001 9.700000
v 18.500000 0.500001 9.700000
v 4.500000 0.500001 9.600000
v 6.300000 0.500001 9.600000
v 6.500000 0.500001 9.600000
v 8.300000 0.500001 9.600000
v 8.500000 0.500001 9.600000
v 10.300000 0.500001 9.600000
v 10.500000 0.500001 9.600000
v 12.300000 0.500001 9.600000
v 12.500000 0.500001 9.600000
v 14.300000 0.500001 9.600000
v 14.500000 0.500001 9.600000
v 16.299999 0.500001 9.600000
v 16.500000 0.500001 9.600000
v 18.299999 0.500001 9.600000
v 18.500000 0.500001 9.600000
v 20.299999 0.500001 9.600000
v 4.400000 0.500001 9.500000
v 4.500000 0.500001 9.500000
v 6.300000 0.500001 9.500000
v 6.400000 0.500001 9.500000
v 6.500000 0.500001 9.500000
v 8.300000 0.500001 9.500000
v 8.400000 0.500001 9.500000
v 8.500000 0.500001 9.500000
v 10.300000 0.500001 9.500000
v 10.400000 0.500001 9.500000
v 10.500000 0.500001 9.500000
v 12.300000 0.500001 9.500000
v 12.400000 0.500001 9.500000
v 12.500000 0.500001 9.500000
v 14.300000 0.500001 9.500000
v 14.400000 0.500001 9.500000
v 14.500000 0.500001 9.500000
v 16.299999 0.500001 9.500000
v 16.400000 0.500001 9.500000
v 16.500000 0.500001 9.500000
v 18.299999 0.500001 9.500000
v 18.400000 0.500001 9.500000
v 18.500000 0.500001 9.500000
v 20.299999 0.500001 9.500000
v 4.400000 0.500001 7.700000
v 4.500000 0.500001 7.700000
v 6.400000 0.500001 7.700000
v 6.500000 0.500001 7.700000
v 8.400000 0.500001 7.700000
v 8.500000 0.500001 7.700000
v 10.400000 0.500001 7.700000
v 10.500000 0.500001 7.700000
v 12.400000 0.500001 7.700000
v 12.500000 0.500001 7.700000
v 14.400000 0.500001 7.700000
v 14.500000 0.500001 7.700000
v 16.400000 0.500001 7.700000
v 16.500000 0.500001 7.700000
v 18.400000 0.500001 7.700000
v 18.500000 0.500001 7.700000
v 4.500000 0.500001 7.600000
v 6.300000 0.500001 7.600000
v 6.500000 0.500001 7.600000
v 8.300000 0.500001 7.600000
v 8.500000 0.500001 7.600000
v 10.300000 0.500001 7.600000
v 10.500000 0.500001 7.600000
v 12.300000 0.500001 7.600000
v 12.500000 0.500001 7.600000
v 14.300000 0.500001 7.600000
v 14.500000 0.500001 7.600000
v 16.299999 0.500001 7.600000
v 16.500000 0.500001 7.600000
v 18.299999 0.500001 7.600000
v 18.500000 0.500001 7.600000
v 20.299999 0.500001 7.600000
v 4.400000 0.500001 7.500000
v 4.500000 0.500001 7.500000
v 6.300000 0.500001 7.500000
v 6.400000 0.500001 7.500000
v 6.500000 0.500001 7.500000
v 8.300000 0.500001 7.500000
v 8.400000 0.500001 7.500000
v 8.500000 0.500001 7.500000
v 10.300000 0.500001 7.500000
v 10.400000 0.500001 7.500000
v 10.500000 0.500001 7.500000
v 12.300000 0.500001 7.500000
v 12.400000 0.500001 7.500000
v 12.500000 0.500001 7.500000
v 14.300000 0.500001 7.500000
v 14.400000 0.500001 7.500000
v 14.500000 0.500001 7.500000
v 16.299999 0.500001 7.500000
v 16.400000 0.500001 7.500000
v 16.500000 0.500001 7.500000
v 18.299999 0.500001 7.500000
v 18.400000 0.500001 7.500000
v 18.500000 0.500001 7.500000
v 20.299999 0.500001 7.500000
v 4.400000 0.500000 5.700000
v 4.500000 0.500000 5.700000
v 6.400000 0.500000 5.700000
v 6.500000 0.500000 5.700000
v 8.400000 0.500000 5.700000
v 8.500000 0.500000 5.700000
v 10.400000 0.500000 5.700000
v 10.500000 0.500000 5.700000
v 12.400000 0.500000 5.700000
v 12.500000 0.500000 5.700000
v 14.400000 0.500000 5.700000
v 14.500000 0.500000 5.700000
v 16.400000 0.500000 5.700000
v 16.500000 0.500000 5.700000
v 18.400000 0.500000 5.700000
v 18.500000 0.500000 5.700000
v 4.500000 0.500000 5.600000
v 6.300000 0.500000 5.600000
v 6.500000 0.500000 5.600000
v 8.300000 0.500000 5.600000
v 8.500000 0.500000 5.600000
v 10.300000 0.500000 5.600000
v 10.500000 0.500000 5.600000
v 12.300000 0.500000 5.600000
v 12.500000 0.500000 5.600000
v 14.300000 0.500000 5.600000
v 14.500000 0.500000 5.600000
v 16.299999 0.500000 5.600000
v 16.500000 0.500000 5.600000
v 18.299999 0.500000 5.600000
v 18.500000 0.500000 5.600000
v 20.299999 0.500000 5.600000
v 4.400000 0.500000 5.500000
v 4.500000 0.500000 5.500000
v 6.300000 0.500000 5.500000
v 6.400000 0.500000 5.500000
v 6.500000 0.500000 5.500000
v 8.300000 0.500000 5.500000
v 8.400000 0.500000 5.500000
v 8.500000 0.500000 5.500000
v 10.300000 0.500000 5.500000
v 10.400000 0.500000 5.500000
v 10.500000 0.500000 5.500000
v 12.300000 0.500000 5.500000
v 12.400000 0.500000 5.500000
v 12.500000 0.500000 5.500000
v 14.300000 0.500000 5.500000
v 14.400000 0.500000 5.500000
v 14.500000 0.500000 5.500000
v 16.299999 0.500000 5.500000
v 16.400000 0.500000 5.500000
v 16.500000 0.500000 5.500000
v 18.299999 0.500000 5.500000
v 18.400000 0.500000 5.500000
v 18.500000 0.500000 5.500000
v 20.299999 0.500000 5.500000
v 4.400000 0.500000 3.700000
v 4.500000 0.500000 3.700000
v 6.400000 0.500000 3.700000
v 6.500000 0.500000 3.700000
v 8.400000 0.500000 3.700000
v 8.500000 0.500000 3.700000
v 10.400000 0.500000 3.700000
v 10.500000 0.500000 3.700000
v 12.400000 0.500000 3.700000
v 12.500000 0.500000 3.700000
v 14.400000 0.500000 3.700000
v 14.500000 0.500000 3.700000
v 16.400000 0.500000 3.700000
v 16.500000 0.500000 3.700000
v 18.400000 0.500000 3.700000
v 18.500000 0.500000 3.700000
v 4.500000 0.500000 3.600000
v 6.300000 0.500000 3.600000
v 6.500000 0.500000 3.600000
v 8.300000 0.500000 3.600000
v 8.500000 0.500000 3.600000
v 10.300000 0.500000 3.600000
v 10.500000 0.500000 3.600000
v 12.300000 0.500000 3.600000
v 12.500000 0.500000 3.600000
v 14.300000 0.500000 3.600000
v 14.500000 0.500000 3.600000
v 16.299999 0.500000 3.600000
v 16.500000 0.500000 3.600000
v 18.299999 0.500000 3.600000
v 18.500000 0.500000 3.600000
v 20.299999 0.500000 3.600000
v 4.400000 0.500000 3.500000
v 4.500000 0.500000 3.500000
v 6.300000 0.500000 3.500000
v 6.400000 0.500000 3.500000
v 6.500000 0.500000 3.500000
v 8.300000 0.500000 3.500000
v 8.400000 0.500000 3.500000
v 8.500000 0.500000 3.500000
v 10.300000 0.500000 3.500000
v 10.400000 0.500000 3.500000
v 10.500000 0.500000 3.500000
v 12.300000 0.500000 3.500000
v 12.400000 0.500000 3.500000
v 12.500000 0.500000 3.500000
v 14.300000 0.500000 3.500000
v 14.400000 0.500000 3.500000
v 14.500000 0.500000 3.500000
v 16.299999 0.500000 3.500000
v 16.400000 0.500000 3.500000
v 16.500000 0.500000 3.500000
v 18.299999 0.500000 3.500000
v 18.400000 0.500000 3.500000
v 18.500000 0.500000 3.500000
v 20.299999 0.500000 3.500000
v 4.400000 0.500000 1.700000
v 4.500000 0.500000 1.700000
v 6.400000 0.500000 1.700000
v 6.500000 0.500000 1.700000
v 8.400000 0.500000 1.700000
v 8.500000 0.500000 1.700000
v 10.400000 0.500000 1.700000
v 10.500000 0.500000 1.700000
v 12.400000 0.500000 1.700000
v 12.500000 0.500000 1.700000
v 14.400000 0.500000 1.700000
v 14.500000 0.500000 1.700000
v 16.400000 0.500000 1.700000
v 16.500000 0.500000 1.700000
v 18.400000 0.500000 1.700000
v 18.500000 0.500000 1.700000
v 4.500000 0.600001 17.500000
v 6.300000 0.600001 17.500000
v 6.500000 0.600001 17.500000
v 8.300000 0.600001 17.500000
v 8.500000 0.600001 17.500000
v 10.300000 0.600001 17.500000
v 10.500000 0.600001 17.500000
v 12.300000 0.600001 17.500000
v 12.500000 0.600001 17.500000
v 14.300000 0.600001 17.500000
v 14.500000 0.600001 17.500000
v 16.299999 0.600001 17.500000
v 16.500000 0.600001 17.500000
v 18.299999 0.600001 17.500000
v 18.500000 0.600001 17.500000
v 20.299999 0.600001 17.500000
v 4.500000 0.600001 15.700000
v 6.300000 0.600001 15.700000
v 6.500000 0.600001 15.700000
v 8.300000 0.600001 15.700000
v 8.500000 0.600001 15.700000
v 10.300000 0.600001 15.700000
v 10.500000 0.600001 15.700000
v 12.300000 0.600001 15.700000
v 12.500000 0.600001 15.700000
v 14.300000 0.600001 15.700000
v 14.500000 0.600001 15.700000
v 16.299999 0.600001 15.700000
v 16.500000 0.600001 15.700000
v 18.299999 0.600001 15.700000
v 18.500000 0.600001 15.700000
v 20.299999 0.600001 15.700000
v 4.500000 0.600001 15.500000
v 6.300000 0.600001 15.500000
v 6.500000 0.600001 15.500000
v 8.300000 0.600001 15.500000
v 8.500000 0.600001 15.500000
v 10.300000 0.600001 15.500000
v 10.500000 0.600001 15.500000
v 12.300000 0.600001 15.500000
v 12.500000 0.600001 15.500000
v 14.300000 0.600001 15.500000
v 14.500000 0.600001 15.500000
v 16.299999 0.600001 15.500000
v 16.500000 0.600001 15.500000
v 18.299999 0.600001 15.500000
v 18.500000 0.600001 15.500000
v 20.299999 0.600001 15.500000
v 4.500000 0.600001 13.700000
v 6.300000 0.600001 13.700000
v 6.500000 0.600001 13.700000
v 8.300000 0.600001 13.700000
v 8.500000 0.600001 13.700000
v 10.300000 0.600001 13.700000
v 10.500000 0.600001 13.700000
v 12.300000 0.600001 13.700000
v 12.500000 0.600001 13.700000
v 14.300000 0.600001 13.700000
v 14.500000 0.600001 13.700000
v 16.299999 0.600001 13.700000
v 16.500000 0.600001 13.700000
v 18.299999 0.600001 13.700000
v 18.500000 0.600001 13.700000
v 20.299999 0.600001 13.700000
v 4.500000 0.600001 13.500000
v 6.300000 0.600001 13.500000
v 6.500000 0.600001 13.500000
v 8.300000 0.600001 13.500000
v 8.500000 0.600001 13.500000
v 10.300000 0.600001 13.500000
v 10.500000 0.600001 13.500000
v 12.300000 0.600001 13.500000
v 12.500000 0.600001 13.500000
v 14.300000 0.600001 13.500000
v 14.500000 0.600001 13.500000
v 16.299999 0.600001 13.500000
v 16.500000 0.600001 13.500000
v 18.299999 0.600001 13.500000
v 18.500000 0.600001 13.500000
v 20.299999 0.600001 13.500000
v 4.500000 0.600001 11.700000
v 6.300000 0.600001 11.700000
v 6.500000 0.600001 11.700000
v 8.300000 0.600001 11.700000
v 8.500000 0.600001 11.700000
v 10.300000 0.600001 11.700000
v 10.500000 0.600001 11.700000
v 12.300000 0.600001 11.700000
v 12.500000 0.600001 11.700000
v 14.300000 0.600001 11.700000
v 14.500000 0.600001 11.700000
v 16.299999 0.600001 11.700000
v 16.500000 0.600001 11.700000
v 18.299999 0.600001 11.700000
v 18.500000 0.600001 11.700000
v 20.299999 0.600001 11.700000
v 4.500000 0.600001 11.500000
v 6.300000 0.600001 11.500000
v 6.500000 0.600001 11.500000
v 8.300000 0.600001 11.500000
v 8.500000 0.600001 11.500000
v 10.300000 0.600001 11.500000
v 10.500000 0.600001 11.500000
v 12.300000 0.600001 11.500000
v 12.500000 0.600001 11.500000
v 14.300000 0.600001 11.500000
v 14.500000 0.600001 11.500000
v 16.299999 0.600001 11.500000
v 16.500000 0.600001 11.500000
v 18.299999 0.600001 11.500000
v 18.500000 0.600001 11.500000
v 20.299999 0.600001 11.500000
v 4.500000 0.600001 9.700000
v 6.300000 0.600001 9.700000
v 6.500000 0.600001 9.700000
v 8.300000 0.600001 9.700000
v 8.500000 0.600001 9.700000
v 10.300000 0.600001 9.700000
v 10.500000 0.600001 9.700000
v 12.300000 0.600001 9.700000
v 12.500000 0.600001 9.700000
v 14.300000 0.600001 9.700000
v 14.500000 0.600001 9.700000
v 16.299999 0.600001 9.700000
v 16.500000 0.600001 9.700000
v 18.299999 0.600001 9.700000
v 18.500000 0.600001 9.700000
v 20.299999 0.600001 9.700000
v 4.500000 0.600001 9.500000
v 6.300000 0.600001 9.500000
v 6.500000 0.600001 9.500000
v 8.300000 0.600001 9.500000
v 8.500000 0.600001 9.500000
v 10.300000 0.600001 9.500000
v 10.500000 0.600001 9.500000
v 12.300000 0.600001 9.500000
v 12.500000 0.600001 9.500000
v 14.300000 0.600001 9.500000
v 14.500000 0.600001 9.500000
v 16.299999 0.600001 9.500000
v 16.500000 0.600001 9.500000
v 18.299999 0.600001 9.500000
v 18.500000 0.600001 9.500000
v 20.299999 0.600001 9.500000
v 4.500000 0.600001 7.700000
v 6.300000 0.600001 7.700000
v 6.500000 0.600001 7.700000
v 8.300000 0.600001 7.700000
v 8.500000 0.600001 7.700000
v 10.300000 0.600001 7.700000
v 10.500000 0.600001 7.700000
v 12.300000 0.600001 7.700000
v 12.500000 0.600001 7.700000
v 14.300000 0.600001 7.700000
v 14.500000 0.600001 7.700000
v 16.299999 0.600001 7.700000
v 16.500000 0.600001 7.700000
v 18.299999 0.600001 7.700000
v 18.500000 0.600001 7.700000
v 20.299999 0.600001 7.700000
v 4.500000 0.600001 7.500000
v 6.300000 0.600001 7.500000
v 6.500000 0.600001 7.500000
v 8.300000 0.600001 7.500000
v 8.500000 0.600001 7.500000
v 10.300000 0.600001 7.500000
v 10.500000 0.600001 7.500000
v 12.300000 0.600001 7.500000
v 12.500000 0.600001 7.500000
v 14.300000 0.600001 7.500000
v 14.500000 0.600001 7.500000
v 16.299999 0.600001 7.500000
v 16.500000 0.600001 7.500000
v 18.299999 0.600001 7.500000
v 18.500000 0.600001 7.500000
v 20.299999 0.600001 7.500000
v 4.500000 0.600000 5.700000
v 6.300000 0.600000 5.700000
v 6.500000 0.600000 5.700000
v 8.300000 0.600000 5.700000
v 8.500000 0.600000 5.700000
v 10.300000 0.600000 5.700000
v 10.500000 0.600000 5.700000
v 12.300000 0.600000 5.700000
v 12.500000 0.600000 5.700000
v 14.300000 0.600000 5.700000
v 14.500000 0.600000 5.700000
v 16.299999 0.600000 5.700000
v 16.500000 0.600000 5.700000
v 18.299999 0.600000 5.700000
v 18.500000 0.600000 5.700000
v 20.299999 0.600000 5.700000
v 4.500000 0.600000 5.500000
v 6.300000 0.600000 5.500000
v 6.500000 0.600000 5.500000
v 8.300000 0.600000 5.500000
v 8.500000 0.600000 5.500000
v 10.300000 0.600000 5.500000
v 10.500000 0.600000 5.500000
v 12.300000 0.600000 5.500000
v 12.500000 0.600000 5.500000
v 14.300000 0.600000 5.500000
v 14.500000 0.600000 5.500000
v 16.299999 0.600000 5.500000
v 16.500000 0.600000 5.500000
v 18.299999 0.600000 5.500000
v 18.500000 0.600000 5.500000
v 20.299999 0.600000 5.500000
v 4.500000 0.600000 3.700000
v 6.300000 0.600000 3.700000
v 6.500000 0.600000 3.700000
v 8.300000 0.600000 3.700000
v 8.500000 0.600000 3.700000
v 10.300000 0.600000 3.700000
v 10.500000 0.600000 3.700000
v 12.300000 0.600000 3.700000
v 12.500000 0.600000 3.700000
v 14.300000 0.600000 3.700000
v 14.500000 0.600000 3.700000
v 16.299999 0.600000 3.700000
v 16.500000 0.600000 3.700000
v 18.299999 0.600000 3.700000
v 18.500000 0.600000 3.700000
v 20.299999 0.600000 3.700000
v 4.500000 0.600000 3.500000
v 6.300000 0.600000 3.500000
v 6.500000 0.600000 3.500000
v 8.300000 0.600000 3.500000
v 8.500000 0.600000 3.500000
v 10.300000 0.600000 3.500000
v 10.500000 0.600000 3.500000
v 12.300000 0.600000 3.500000
v 12.500000 0.600000 3.500000
v 14.300000 0.600000 3.500000
v 14.500000 0.600000 3.500000
v 16.299999 0.600000 3.500000
v 16.500000 0.600000 3.500000
v 18.299999 0.600000 3.500000
v 18.500000 0.600000 3.500000
v 20.299999 0.600000 3.500000
v 4.500000 0.600000 1.700000
v 6.300000 0.600000 1.700000
v 6.500000 0.600000 1.700000
v 8.300000 0.600000 1.700000
v 8.500000 0.600000 1.700000
v 10.300000 0.600000 1.700000
v 10.500000 0.600000 1.700000
v 12.300000 0.600000 1.700000
v 12.500000 0.600000 1.700000
v 14.300000 0.600000 1.700000
v 14.500000 0.600000 1.700000
v 16.299999 0.600000 1.700000
v 16.500000 0.600000 1.700000
v 18.299999 0.600000 1.700000
v 18.500000 0.600000 1.700000
v 20.299999 0.600000 1.700000
vn -1.0000 -0.0000 -0.0000
vn -1.0000 0.0001 -0.0000
vn -1.0000 -0.0001 -0.0000
vn 1.0000 -0.0000 -0.0000
vn 1.0000 0.0001 -0.0000
vn 1.0000 -0.0002 -0.0000
vn 1.0000 0.0002 -0.0000
vn 1.0000 -0.0004 -0.0000
vn 1.0000 -0.0001 -0.0000
vn -0.0000 -0.0000 1.0000
vn -0.0000 -0.0000 -1.0000
vn -0.0000 -1.0000 -0.0000
vn -0.0000 1.0000 -0.0000
vn -0.0000 1.0000 0.0001
vt 0.970703 0.500000
vt 0.974609 0.500000
s 1
usemtl palette.002
f 5755/5/25 5754/5/25 5753/5/25
f 5756/5/25 5754/5/25 5755/5/25
f 5757/5/25 5754/5/25 5756/5/25
f 5758/5/26 5754/5/25 5757/5/25
f 5759/5/25 5754/5/25 5758/5/26
f 5760/5/25 5754/5/25 5759/5/25
f 5761/5/25 5754/5/25 5760/5/25
f 5762/5/27 5754/5/25 5761/5/25
f 5763/5/25 5754/5/25 5762/5/27
f 5764/5/25 5754/5/25 5763/5/25
f 5765/5/25 5754/5/25 5764/5/25
f 5766/5/25 5754/5/25 5765/5/25
f 5767/5/25 5754/5/25 5766/5/25
f 5768/5/25 5754/5/25 5767/5/25
f 5769/5/25 5754/5/25 5768/5/25
f 5770/5/25 5754/5/25 5769/5/25
f 5771/5/25 5754/5/25 5770/5/25
f 5772/5/25 5754/5/25 5771/5/25
f 5773/6/25 5756/6/25 5755/6/25
f 5774/5/25 5757/5/25 5756/5/25
f 5774/6/25 5756/6/25 5773/6/25
f 5775/6/25 5758/6/26 5757/6/25
f 5775/5/25 5757/5/25 5774/5/25
f 5776/5/25 5759/5/25 5758/5/26
f 5776/6/25 5758/6/26 5775/6/25
f 5777/6/25 5760/6/25 5759/6/25
f 5777/5/25 5759/5/25 5776/5/25
f 5778/5/25 5761/5/25 5760/5/25
f 5778/6/25 5760/6/25 5777/6/25
f 5779/6/25 5762/6/27 5761/6/25
f 5779/5/25 5761/5/25 5778/5/25
f 5780/5/25 5763/5/25 5762/5/27
f 5780/6/25 5762/6/27 5779/6/25
f 5781/6/25 5764/6/25 5763/6/25
f 5781/5/25 5763/5/25 5780/5/25
f 5782/5/25 5765/5/25 5764/5/25
f 5782/6/25 5764/6/25 5781/6/25
f 5783/6/25 5766/6/25 5765/6/25
f 5783/5/25 5765/5/25 5782/5/25
f 5784/5/25 5767/5/25 5766/5/25
f 5784/6/25 5766/6/25 5783/6/25
f 5785/6/25 5768/6/25 5767/6/25
f 5785/5/25 5767/5/25 5784/5/25
f 5786/5/25 5769/5/25 5768/5/25
f 5786/6/25 5768/6/25 5785/6/25
f 5787/6/25 5770/6/25 5769/6/25
f 5787/5/25 5769/5/25 5786/5/25
f 5788/5/25 5771/5/25 5770/5/25
f 5788/6/25 5770/6/25 5787/6/25
f 5789/6/25 5772/6/25 5771/6/25
f 5789/5/25 5771/5/25 5788/5/25
f 5790/6/25 5772/6/25 5789/6/25
f 5791/5/25 5775/5/25 5774/5/25
f 5792/5/25 5775/5/25 5791/5/25
f 5793/5/25 5777/5/25 5776/5/25
f 5794/5/25 5777/5/25 5793/5/25
f 5795/5/25 5779/5/25 5778/5/25
f 5796/5/25 5779/5/25 5795/5/25
f 5797/5/25 5781/5/25 5780/5/25
f 5798/5/25 5781/5/25 5797/5/25
f 5799/5/25 5783/5/25 5782/5/25
f 5800/5/25 5783/5/25 5799/5/25
f 5801/5/25 5785/5/25 5784/5/25
f 5802/5/25 5785/5/25 5801/5/25
f 5803/5/25 5787/5/25 5786/5/25
f 5804/5/25 5787/5/25 5803/5/25
f 5805/5/25 5789/5/25 5788/5/25
f 5806/5/25 5789/5/25 5805/5/25
f 5823/5/25 5808/5/25 5807/5/25
f 5824/5/25 5808/5/25 5823/5/25
f 5826/5/25 5810/5/25 5809/5/25
f 5827/5/25 5810/5/25 5826/5/25
f 5829/5/25 5812/5/25 5811/5/25
f 5830/5/25 5812/5/25 5829/5/25
f 5832/5/25 5814/5/25 5813/5/25
f 5833/5/25 5814/5/25 5832/5/25
f 5835/5/25 5816/5/25 5815/5/25
f 5836/5/25 5816/5/25 5835/5/25
f 5838/5/25 5818/5/25 5817/5/25
f 5839/5/25 5818/5/25 5838/5/25
f 5841/5/25 5820/5/25 5819/5/25
f 5842/5/25 5820/5/25 5841/5/25
f 5844/5/25 5822/5/25 5821/5/25
f 5845/5/25 5822/5/25 5844/5/25
f 5847/5/25 5825/5/25 5824/5/25
f 5848/5/25 5825/5/25 5847/5/25
f 5849/5/25 5828/5/25 5827/5/25
f 5850/5/25 5828/5/25 5849/5/25
f 5851/5/25 5831/5/25 5830/5/25
f 5852/5/25 5831/5/25 5851/5/25
f 5853/5/25 5834/5/25 5833/5/25
f 5854/5/25 5834/5/25 5853/5/25
f 5855/5/25 5837/5/25 5836/5/25
f 5856/5/25 5837/5/25 5855/5/25
f 5857/5/25 5840/5/25 5839/5/25
f 5858/5/25 5840/5/25 5857/5/25
f 5859/5/25 5843/5/25 5842/5/25
f 5860/5/25 5843/5/25 5859/5/25
f 5861/5/25 5846/5/25 5845/5/25
f 5862/5/25 5846/5/25 5861/5/25
f 5879/5/25 5864/5/25 5863/5/25
f 5880/5/25 5864/5/25 5879/5/25
f 5881/5/25 5866/5/25 5865/5/25
f 5882/5/25 5866/5/25 5881/5/25
f 5883/5/25 5868/5/25 5867/5/25
f 5884/5/25 5868/5/25 5883/5/25
f 5885/5/25 5870/5/25 5869/5/25
f 5886/5/25 5870/5/25 5885/5/25
f 5887/5/25 5872/5/25 5871/5/25
f 5888/5/25 5872/5/25 5887/5/25
f 5889/5/25 5874/5/25 5873/5/25
f 5890/5/25 5874/5/25 5889/5/25
f 5891/5/25 5876/5/25 5875/5/25
f 5892/5/25 5876/5/25 5891/5/25
f 5893/5/25 5878/5/25 5877/5/25
f 5894/5/25 5878/5/25 5893/5/25
f 5911/5/25 5896/5/25 5895/5/25
f 5912/5/25 5896/5/25 5911/5/25
f 5914/5/25 5898/5/25 5897/5/25
f 5915/5/25 5898/5/25 5914/5/25
f 5917/5/25 5900/5/25 5899/5/25
f 5918/5/25 5900/5/25 5917/5/25
f 5920/5/25 5902/5/25 5901/5/25
f 5921/5/25 5902/5/25 5920/5/25
f 5923/5/25 5904/5/25 5903/5/25
f 5924/5/25 5904/5/25 5923/5/25
f 5926/5/25 5906/5/25 5905/5/25
f 5927/5/25 5906/5/25 5926/5/25
f 5929/5/25 5908/5/25 5907/5/25
f 5930/5/25 5908/5/25 5929/5/25
f 5932/5/25 5910/5/25 5909/5/25
f 5933/5/25 5910/5/25 5932/5/25
f 5935/5/25 5913/5/25 5912/5/25
f 5936/5/25 5913/5/25 5935/5/25
f 5937/5/25 5916/5/25 5915/5/25
f 5938/5/25 5916/5/25 5937/5/25
f 5939/5/25 5919/5/25 5918/5/25
f 5940/5/25 5919/5/25 5939/5/25
f 5941/5/25 5922/5/25 5921/5/25
f 5942/5/25 5922/5/25 5941/5/25
f 5943/5/25 5925/5/25 5924/5/25
f 5944/5/25 5925/5/25 5943/5/25
f 5945/5/25 5928/5/25 5927/5/25
f 5946/5/25 5928/5/25 5945/5/25
f 5947/5/25 5931/5/25 5930/5/25
f 5948/5/25 5931/5/25 5947/5/25
f 5949/5/25 5934/5/25 5933/5/25
f 5950/5/25 5934/5/25 5949/5/25
f 5967/5/25 5952/5/25 5951/5/25
f 5968/5/25 5952/5/25 5967/5/25
f 5969/5/25 5954/5/25 5953/5/25
f 5970/5/25 5954/5/25 5969/5/25
f 5971/5/25 5956/5/25 5955/5/25
f 5972/5/25 5956/5/25 5971/5/25
f 5973/5/25 5958/5/25 5957/5/25
f 5974/5/25 5958/5/25 5973/5/25
f 5975/5/25 5960/5/25 5959/5/25
f 5976/5/25 5960/5/25 5975/5/25
f 5977/5/25 5962/5/25 5961/5/25
f 5978/5/25 5962/5/25 5977/5/25
f 5979/5/25 5964/5/25 5963/5/25
f 5980/5/25 5964/5/25 5979/5/25
f 5981/5/25 5966/5/25 5965/5/25
f 5982/5/25 5966/5/25 5981/5/25
f 5999/5/25 5984/5/25 5983/5/25
f 6000/5/25 5984/5/25 5999/5/25
f 6002/5/25 5986/5/25 5985/5/25
f 6003/5/25 5986/5/25 6002/5/25
f 6005/5/25 5988/5/25 5987/5/25
f 6006/5/25 5988/5/25 6005/5/25
f 6008/5/25 5990/5/25 5989/5/25
f 6009/5/25 5990/5/25 6008/5/25
f 6011/5/25 5992/5/25 5991/5/25
f 6012/5/25 5992/5/25 6011/5/25
f 6014/5/25 5994/5/25 5993/5/25
f 6015/5/25 5994/5/25 6014/5/25
f 6017/5/25 5996/5/25 5995/5/25
f 6018/5/25 5996/5/25 6017/5/25
f 6020/5/25 5998/5/25 5997/5/25
f 6021/5/25 5998/5/25 6020/5/25
f 6023/5/25 6001/5/25 6000/5/25
f 6024/5/25 6001/5/25 6023/5/25
f 6025/5/25 6004/5/25 6003/5/25
f 6026/5/25 6004/5/25 6025/5/25
f 6027/5/25 6007/5/25 6006/5/25
f 6028/5/25 6007/5/25 6027/5/25
f 6029/5/25 6010/5/25 6009/5/25
f 6030/5/25 6010/5/25 6029/5/25
f 6031/5/25 6013/5/25 6012/5/25
f 6032/5/25 6013/5/25 6031/5/25
f 6033/5/25 6016/5/25 6015/5/25
f 6034/5/25 6016/5/25 6033/5/25
f 6035/5/25 6019/5/25 6018/5/25
f 6036/5/25 6019/5/25 6035/5/25
f 6037/5/25 6022/5/25 6021/5/25
f 6038/5/25 6022/5/25 6037/5/25
f 6055/5/25 6040/5/25 6039/5/25
f 6056/5/25 6040/5/25 6055/5/25
f 6057/5/25 6042/5/25 6041/5/25
f 6058/5/25 6042/5/25 6057/5/25
f 6059/5/25 6044/5/25 6043/5/25
f 6060/5/25 6044/5/25 6059/5/25
f 6061/5/25 6046/5/25 6045/5/25
f 6062/5/25 6046/5/25 6061/5/25
f 6063/5/25 6048/5/25 6047/5/25
f 6064/5/25 6048/5/25 6063/5/25
f 6065/5/25 6050/5/25 6049/5/25
f 6066/5/25 6050/5/25 6065/5/25
f 6067/5/25 6052/5/25 6051/5/25
f 6068/5/25 6052/5/25 6067/5/25
f 6069/5/25 6054/5/25 6053/5/25
f 6070/5/25 6054/5/25 6069/5/25
f 6087/5/25 6072/5/25 6071/5/25
f 6088/5/25 6072/5/25 6087/5/25
f 6090/5/25 6074/5/25 6073/5/25
f 6091/5/25 6074/5/25 6090/5/25
f 6093/5/25 6076/5/25 6075/5/25
f 6094/5/25 6076/5/25 6093/5/25
f 6096/5/25 6078/5/25 6077/5/25
f 6097/5/25 6078/5/25 6096/5/25
f 6099/5/25 6080/5/25 6079/5/25
f 6100/5/25 6080/5/25 6099/5/25
f 6102/5/25 6082/5/25 6081/5/25
f 6103/5/25 6082/5/25 6102/5/25
f 6105/5/25 6084/5/25 6083/5/25
f 6106/5/25 6084/5/25 6105/5/25
f 6108/5/25 6086/5/25 6085/5/25
f 6109/5/25 6086/5/25 6108/5/25
f 6111/5/25 6089/5/25 6088/5/25
f 6112/5/25 6089/5/25 6111/5/25
f 6113/5/25 6092/5/25 6091/5/25
f 6114/5/25 6092/5/25 6113/5/25
f 6115/5/25 6095/5/25 6094/5/25
f 6116/5/25 6095/5/25 6115/5/25
f 6117/5/25 6098/5/25 6097/5/25
f 6118/5/25 6098/5/25 6117/5/25
f 6119/5/25 6101/5/25 6100/5/25
f 6120/5/25 6101/5/25 6119/5/25
f 6121/5/25 6104/5/25 6103/5/25
f 6122/5/25 6104/5/25 6121/5/25
f 6123/5/25 6107/5/25 6106/5/25
f 6124/5/25 6107/5/25 6123/5/25
f 6125/5/25 6110/5/25 6109/5/25
f 6126/5/25 6110/5/25 6125/5/25
f 6143/5/25 6128/5/25 6127/5/25
f 6144/5/25 6128/5/25 6143/5/25
f 6145/5/25 6130/5/25 6129/5/25
f 6146/5/25 6130/5/25 6145/5/25
f 6147/5/25 6132/5/25 6131/5/25
f 6148/5/25 6132/5/25 6147/5/25
f 6149/5/25 6134/5/25 6133/5/25
f 6150/5/25 6134/5/25 6149/5/25
f 6151/5/25 6136/5/25 6135/5/25
f 6152/5/25 6136/5/25 6151/5/25
f 6153/5/25 6138/5/25 6137/5/25
f 6154/5/25 6138/5/25 6153/5/25
f 6155/5/25 6140/5/25 6139/5/25
f 6156/5/25 6140/5/25 6155/5/25
f 6157/5/25 6142/5/25 6141/5/25
f 6158/5/25 6142/5/25 6157/5/25
f 6175/5/25 6160/5/25 6159/5/25
f 6176/5/25 6160/5/25 6175/5/25
f 6178/5/25 6162/5/25 6161/5/25
f 6179/5/25 6162/5/25 6178/5/25
f 6181/5/25 6164/5/25 6163/5/25
f 6182/5/25 6164/5/25 6181/5/25
f 6184/5/25 6166/5/25 6165/5/25
f 6185/5/25 6166/5/25 6184/5/25
f 6187/5/25 6168/5/25 6167/5/25
f 6188/5/25 6168/5/25 6187/5/25
f 6190/5/25 6170/5/25 6169/5/25
f 6191/5/25 6170/5/25 6190/5/25
f 6193/5/25 6172/5/25 6171/5/25
f 6194/5/25 6172/5/25 6193/5/25
f 6196/5/25 6174/5/25 6173/5/25
f 6197/5/25 6174/5/25 6196/5/25
f 6199/5/25 6177/5/25 6176/5/25
f 6200/5/25 6177/5/25 6199/5/25
f 6201/5/25 6180/5/25 6179/5/25
f 6202/5/25 6180/5/25 6201/5/25
f 6203/5/25 6183/5/25 6182/5/25
f 6204/5/25 6183/5/25 6203/5/25
f 6205/5/25 6186/5/25 6185/5/25
f 6206/5/25 6186/5/25 6205/5/25
f 6207/5/25 6189/5/25 6188/5/25
f 6208/5/25 6189/5/25 6207/5/25
f 6209/5/25 6192/5/25 6191/5/25
f 6210/5/25 6192/5/25 6209/5/25
f 6211/5/25 6195/5/25 6194/5/25
f 6212/5/25 6195/5/25 6211/5/25
f 6213/5/25 6198/5/25 6197/5/25
f 6214/5/25 6198/5/25 6213/5/25
f 6231/5/25 6216/5/25 6215/5/25
f 6232/5/25 6216/5/25 6231/5/25
f 6233/5/25 6218/5/25 6217/5/25
f 6234/5/25 6218/5/25 6233/5/25
f 6235/5/25 6220/5/25 6219/5/25
f 6236/5/25 6220/5/25 6235/5/25
f 6237/5/25 6222/5/25 6221/5/25
f 6238/5/25 6222/5/25 6237/5/25
f 6239/5/25 6224/5/25 6223/5/25
f 6240/5/25 6224/5/25 6239/5/25
f 6241/5/25 6226/5/25 6225/5/25
f 6242/5/25 6226/5/25 6241/5/25
f 6243/5/25 6228/5/25 6227/5/25
f 6244/5/25 6228/5/25 6243/5/25
f 6245/5/25 6230/5/25 6229/5/25
f 6246/5/25 6230/5/25 6245/5/25
f 6263/5/25 6248/5/25 6247/5/25
f 6264/5/25 6248/5/25 6263/5/25
f 6266/5/25 6250/5/25 6249/5/25
f 6267/5/25 6250/5/25 6266/5/25
f 6269/5/25 6252/5/25 6251/5/25
f 6270/5/25 6252/5/25 6269/5/25
f 6272/5/25 6254/5/25 6253/5/25
f 6273/5/25 6254/5/25 6272/5/25
f 6275/5/25 6256/5/25 6255/5/25
f 6276/5/25 6256/5/25 6275/5/25
f 6278/5/25 6258/5/25 6257/5/25
f 6279/5/25 6258/5/25 6278/5/25
f 6281/5/25 6260/5/25 6259/5/25
f 6282/5/25 6260/5/25 6281/5/25
f 6284/5/25 6262/5/25 6261/5/25
f 6285/5/25 6262/5/25 6284/5/25
f 6287/5/25 6265/5/25 6264/5/25
f 6288/5/25 6265/5/25 6287/5/25
f 6289/5/25 6268/5/25 6267/5/25
f 6290/5/25 6268/5/25 6289/5/25
f 6291/5/25 6271/5/25 6270/5/25
f 6292/5/25 6271/5/25 6291/5/25
f 6293/5/25 6274/5/25 6273/5/25
f 6294/5/25 6274/5/25 6293/5/25
f 6295/5/25 6277/5/25 6276/5/25
f 6296/5/25 6277/5/25 6295/5/25
f 6297/5/25 6280/5/25 6279/5/25
f 6298/5/25 6280/5/25 6297/5/25
f 6299/5/25 6283/5/25 6282/5/25
f 6300/5/25 6283/5/25 6299/5/25
f 6301/5/25 6286/5/25 6285/5/25
f 6302/5/25 6286/5/25 6301/5/25
f 6319/5/25 6304/5/25 6303/5/25
f 6320/5/25 6304/5/25 6319/5/25
f 6321/5/25 6306/5/25 6305/5/25
f 6322/5/25 6306/5/25 6321/5/25
f 6323/5/25 6308/5/25 6307/5/25
f 6324/5/25 6308/5/25 6323/5/25
f 6325/5/25 6310/5/25 6309/5/25
f 6326/5/25 6310/5/25 6325/5/25
f 6327/5/25 6312/5/25 6311/5/25
f 6328/5/25 6312/5/25 6327/5/25
f 6329/5/25 6314/5/25 6313/5/25
f 6330/5/25 6314/5/25 6329/5/25
f 6331/5/25 6316/5/25 6315/5/25
f 6332/5/25 6316/5/25 6331/5/25
f 6333/5/25 6318/5/25 6317/5/25
f 6334/5/25 6318/5/25 6333/5/25
f 6351/5/25 6336/5/25 6335/5/25
f 6352/5/25 6336/5/25 6351/5/25
f 6354/5/25 6338/5/25 6337/5/25
f 6355/5/25 6338/5/25 6354/5/25
f 6357/5/25 6340/5/25 6339/5/25
f 6358/5/25 6340/5/25 6357/5/25
f 6360/5/25 6342/5/25 6341/5/25
f 6361/5/25 6342/5/25 6360/5/25
f 6363/5/25 6344/5/25 6343/5/25
f 6364/5/25 6344/5/25 6363/5/25
f 6366/5/25 6346/5/25 6345/5/25
f 6367/5/25 6346/5/25 6366/5/25
f 6369/5/25 6348/5/25 6347/5/25
f 6370/5/25 6348/5/25 6369/5/25
f 6372/5/25 6350/5/25 6349/5/25
f 6373/5/25 6350/5/25 6372/5/25
f 6375/5/25 6353/5/25 6352/5/25
f 6376/5/25 6353/5/25 6375/5/25
f 6377/5/25 6356/5/25 6355/5/25
f 6378/5/25 6356/5/25 6377/5/25
f 6379/5/25 6359/5/25 6358/5/25
f 6380/5/25 6359/5/25 6379/5/25
f 6381/5/25 6362/5/25 6361/5/25
f 6382/5/25 6362/5/25 6381/5/25
f 6383/5/25 6365/5/25 6364/5/25
f 6384/5/25 6365/5/25 6383/5/25
f 6385/5/25 6368/5/25 6367/5/25
f 6386/5/25 6368/5/25 6385/5/25
f 6387/5/25 6371/5/25 6370/5/25
f 6388/5/25 6371/5/25 6387/5/25
f 6389/5/25 6374/5/25 6373/5/25
f 6390/5/25 6374/5/25 6389/5/25
f 6407/5/25 6392/5/25 6391/5/25
f 6408/5/25 6392/5/25 6407/5/25
f 6409/5/25 6394/5/25 6393/5/25
f 6410/5/25 6394/5/25 6409/5/25
f 6411/5/25 6396/5/25 6395/5/25
f 6412/5/25 6396/5/25 6411/5/25
f 6413/5/25 6398/5/25 6397/5/25
f 6414/5/25 6398/5/25 6413/5/25
f 6415/5/25 6400/5/25 6399/5/25
f 6416/5/25 6400/5/25 6415/5/25
f 6417/5/25 6402/5/25 6401/5/25
f 6418/5/25 6402/5/25 6417/5/25
f 6419/5/25 6404/5/25 6403/5/25
f 6420/5/25 6404/5/25 6419/5/25
f 6421/5/25 6406/5/25 6405/5/25
f 6422/5/25 6406/5/25 6421/5/25
f 6439/5/25 6424/5/25 6423/5/25
f 6440/5/25 6424/5/25 6439/5/25
f 6442/5/25 6426/5/25 6425/5/25
f 6443/5/25 6426/5/25 6442/5/25
f 6445/5/25 6428/5/25 6427/5/25
f 6446/5/25 6428/5/25 6445/5/25
f 6448/5/25 6430/5/25 6429/5/25
f 6449/5/25 6430/5/25 6448/5/25
f 6451/5/25 6432/5/25 6431/5/25
f 6452/5/25 6432/5/25 6451/5/25
f 6454/5/25 6434/5/25 6433/5/25
f 6455/5/25 6434/5/25 6454/5/25
f 6457/5/25 6436/5/25 6435/5/25
f 6458/5/25 6436/5/25 6457/5/25
f 6460/5/25 6438/5/25 6437/5/25
f 6461/5/25 6438/5/25 6460/5/25
f 6463/5/25 6441/5/25 6440/5/25
f 6464/5/25 6441/5/25 6463/5/25
f 6465/5/25 6444/5/25 6443/5/25
f 6466/5/25 6444/5/25 6465/5/25
f 6467/5/25 6447/5/25 6446/5/25
f 6468/5/25 6447/5/25 6467/5/25
f 6469/5/25 6450/5/25 6449/5/25
f 6470/5/25 6450/5/25 6469/5/25
f 6471/5/25 6453/5/25 6452/5/25
f 6472/5/25 6453/5/25 6471/5/25
f 6473/5/25 6456/5/25 6455/5/25
f 6474/5/25 6456/5/25 6473/5/25
f 6475/5/25 6459/5/25 6458/5/25
f 6476/5/25 6459/5/25 6475/5/25
f 6477/5/25 6462/5/25 6461/5/25
f 6478/5/25 6462/5/25 6477/5/25
f 6479/5/28 6480/5/28 6495/5/28
f 6495/5/28 6480/5/28 6496/5/29
f 6481/5/28 6482/5/28 6497/5/28
f 6497/5/28 6482/5/28 6498/5/29
f 6483/5/28 6484/5/28 6499/5/28
f 6499/5/28 6484/5/28 6500/5/29
f 6485/5/28 6486/5/28 6501/5/28
f 6501/5/28 6486/5/28 6502/5/29
f 6487/5/28 6488/5/28 6503/5/28
f 6503/5/28 6488/5/28 6504/5/29
f 6489/5/28 6490/5/28 6505/5/28
f 6505/5/28 6490/5/28 6506/5/29
f 6491/5/28 6492/5/28 6507/5/28
f 6507/5/28 6492/5/28 6508/5/28
f 6493/5/28 6494/5/28 6509/5/28
f 6509/5/28 6494/5/28 6510/5/28
f 6496/5/29 6480/5/28 6511/5/28
f 6511/5/28 6480/5/28 6512/5/28
f 6498/5/29 6482/5/28 6513/5/28
f 6513/5/28 6482/5/28 6514/5/28
f 6500/5/29 6484/5/28 6515/5/28
f 6515/5/28 6484/5/28 6516/5/28
f 6502/5/29 6486/5/28 6517/5/28
f 6517/5/28 6486/5/28 6518/5/28
f 6504/5/29 6488/5/28 6519/5/28
f 6519/5/28 6488/5/28 6520/5/28
f 6506/5/29 6490/5/28 6521/5/28
f 6521/5/28 6490/5/28 6522/5/28
f 6508/5/28 6492/5/28 6523/5/28
f 6523/5/28 6492/5/28 6524/5/28
f 6510/5/28 6494/5/28 6525/5/28
f 6525/5/28 6494/5/28 6526/5/28
f 6527/5/28 6528/5/28 6543/5/28
f 6543/5/28 6528/5/28 6544/5/29
f 6529/5/28 6530/5/28 6545/5/28
f 6545/5/28 6530/5/28 6546/5/29
f 6531/5/28 6532/5/28 6547/5/28
f 6547/5/28 6532/5/28 6548/5/29
f 6533/5/28 6534/5/28 6549/5/28
f 6549/5/28 6534/5/28 6550/5/29
f 6535/5/28 6536/5/28 6551/5/28
f 6551/5/28 6536/5/28 6552/5/29
f 6537/5/28 6538/5/28 6553/5/28
f 6553/5/28 6538/5/28 6554/5/29
f 6539/5/28 6540/5/28 6555/5/28
f 6555/5/28 6540/5/28 6556/5/29
f 6541/5/28 6542/5/28 6557/5/28
f 6557/5/28 6542/5/28 6558/5/29
f 6544/5/29 6528/5/28 6559/5/28
f 6559/5/28 6528/5/28 6560/5/28
f 6546/5/29 6530/5/28 6561/5/28
f 6561/5/28 6530/5/28 6562/5/28
f 6548/5/29 6532/5/28 6563/5/28
f 6563/5/28 6532/5/28 6564/5/28
f 6550/5/29 6534/5/28 6565/5/28
f 6565/5/28 6534/5/28 6566/5/28
f 6552/5/29 6536/5/28 6567/5/28
f 6567/5/28 6536/5/28 6568/5/28
f 6554/5/29 6538/5/28 6569/5/28
f 6569/5/28 6538/5/28 6570/5/28
f 6556/5/29 6540/5/28 6571/5/28
f 6571/5/28 6540/5/28 6572/5/28
f 6558/5/29 6542/5/28 6573/5/28
f 6573/5/28 6542/5/28 6574/5/28
f 6575/5/28 6576/5/28 6591/5/28
f 6591/5/28 6576/5/28 6592/5/30
f 6577/5/28 6578/5/28 6593/5/28
f 6593/5/28 6578/5/28 6594/5/30
f 6579/5/28 6580/5/28 6595/5/28
f 6595/5/28 6580/5/28 6596/5/30
f 6581/5/28 6582/5/28 6597/5/28
f 6597/5/28 6582/5/28 6598/5/30
f 6583/5/28 6584/5/28 6599/5/28
f 6599/5/28 6584/5/28 6600/5/30
f 6585/5/28 6586/5/28 6601/5/28
f 6601/5/28 6586/5/28 6602/5/28
f 6587/5/28 6588/5/28 6603/5/28
f 6603/5/28 6588/5/28 6604/5/31
f 6589/5/28 6590/5/28 6605/5/28
f 6605/5/28 6590/5/28 6606/5/31
f 6592/5/30 6576/5/28 6607/5/28
f 6607/5/28 6576/5/28 6608/5/28
f 6594/5/30 6578/5/28 6609/5/28
f 6609/5/28 6578/5/28 6610/5/28
f 6596/5/30 6580/5/28 6611/5/28
f 6611/5/28 6580/5/28 6612/5/28
f 6598/5/30 6582/5/28 6613/5/28
f 6613/5/28 6582/5/28 6614/5/28
f 6600/5/30 6584/5/28 6615/5/28
f 6615/5/28 6584/5/28 6616/5/28
f 6602/5/28 6586/5/28 6617/5/28
f 6617/5/28 6586/5/28 6618/5/28
f 6604/5/31 6588/5/28 6619/5/28
f 6619/5/28 6588/5/28 6620/5/28
f 6606/5/31 6590/5/28 6621/5/28
f 6621/5/28 6590/5/28 6622/5/28
f 6623/5/28 6624/5/28 6639/5/28
f 6639/5/28 6624/5/28 6640/5/30
f 6625/5/28 6626/5/28 6641/5/28
f 6641/5/28 6626/5/28 6642/5/30
f 6627/5/28 6628/5/28 6643/5/28
f 6643/5/28 6628/5/28 6644/5/30
f 6629/5/28 6630/5/28 6645/5/28
f 6645/5/28 6630/5/28 6646/5/30
f 6631/5/28 6632/5/28 6647/5/28
f 6647/5/28 6632/5/28 6648/5/30
f 6633/5/28 6634/5/28 6649/5/28
f 6649/5/28 6634/5/28 6650/5/30
f 6635/5/28 6636/5/28 6651/5/28
f 6651/5/28 6636/5/28 6652/5/28
f 6637/5/28 6638/5/28 6653/5/28
f 6653/5/28 6638/5/28 6654/5/28
f 6640/5/30 6624/5/28 6655/5/28
f 6655/5/28 6624/5/28 6656/5/28
f 6642/5/30 6626/5/28 6657/5/28
f 6657/5/28 6626/5/28 6658/5/28
f 6644/5/30 6628/5/28 6659/5/28
f 6659/5/28 6628/5/28 6660/5/28
f 6646/5/30 6630/5/28 6661/5/28
f 6661/5/28 6630/5/28 6662/5/28
f 6648/5/30 6632/5/28 6663/5/28
f 6663/5/28 6632/5/28 6664/5/28
f 6650/5/30 6634/5/28 6665/5/28
f 6665/5/28 6634/5/28 6666/5/28
f 6652/5/28 6636/5/28 6667/5/28
f 6667/5/28 6636/5/28 6668/5/28
f 6654/5/28 6638/5/28 6669/5/28
f 6669/5/28 6638/5/28 6670/5/28
f 6671/5/28 6672/5/28 6687/5/28
f 6687/5/28 6672/5/28 6688/5/30
f 6673/5/28 6674/5/28 6689/5/28
f 6689/5/28 6674/5/28 6690/5/30
f 6675/5/28 6676/5/28 6691/5/28
f 6691/5/28 6676/5/28 6692/5/30
f 6677/5/28 6678/5/28 6693/5/28
f 6693/5/28 6678/5/28 6694/5/30
f 6679/5/28 6680/5/28 6695/5/28
f 6695/5/28 6680/5/28 6696/5/30
f 6681/5/28 6682/5/28 6697/5/28
f 6697/5/28 6682/5/28 6698/5/28
f 6683/5/28 6684/5/28 6699/5/28
f 6699/5/28 6684/5/28 6700/5/28
f 6685/5/28 6686/5/28 6701/5/28
f 6701/5/28 6686/5/28 6702/5/28
f 6688/5/30 6672/5/28 6703/5/28
f 6703/5/28 6672/5/28 6704/5/28
f 6690/5/30 6674/5/28 6705/5/28
f 6705/5/28 6674/5/28 6706/5/28
f 6692/5/30 6676/5/28 6707/5/28
f 6707/5/28 6676/5/28 6708/5/28
f 6694/5/30 6678/5/28 6709/5/28
f 6709/5/28 6678/5/28 6710/5/28
f 6696/5/30 6680/5/28 6711/5/28
f 6711/5/28 6680/5/28 6712/5/28
f 6698/5/28 6682/5/28 6713/5/28
f 6713/5/28 6682/5/28 6714/5/28
f 6700/5/28 6684/5/28 6715/5/28
f 6715/5/28 6684/5/28 6716/5/28
f 6702/5/28 6686/5/28 6717/5/28
f 6717/5/28 6686/5/28 6718/5/28
f 6719/5/28 6720/5/28 6735/5/28
f 6735/5/28 6720/5/28 6736/5/30
f 6721/5/28 6722/5/28 6737/5/28
f 6737/5/28 6722/5/28 6738/5/30
f 6723/5/28 6724/5/28 6739/5/28
f 6739/5/28 6724/5/28 6740/5/30
f 6725/5/28 6726/5/28 6741/5/28
f 6741/5/28 6726/5/28 6742/5/30
f 6727/5/28 6728/5/28 6743/5/28
f 6743/5/28 6728/5/28 6744/5/30
f 6729/5/28 6730/5/28 6745/5/28
f 6745/5/28 6730/5/28 6746/5/30
f 6731/5/28 6732/5/28 6747/5/28
f 6747/5/28 6732/5/28 6748/5/30
f 6733/5/28 6734/5/28 6749/5/28
f 6749/5/28 6734/5/28 6750/5/30
f 6736/5/30 6720/5/28 6751/5/28
f 6751/5/28 6720/5/28 6752/5/28
f 6738/5/30 6722/5/28 6753/5/28
f 6753/5/28 6722/5/28 6754/5/28
f 6740/5/30 6724/5/28 6755/5/28
f 6755/5/28 6724/5/28 6756/5/28
f 6742/5/30 6726/5/28 6757/5/28
f 6757/5/28 6726/5/28 6758/5/28
f 6744/5/30 6728/5/28 6759/5/28
f 6759/5/28 6728/5/28 6760/5/28
f 6746/5/30 6730/5/28 6761/5/28
f 6761/5/28 6730/5/28 6762/5/28
f 6748/5/30 6732/5/28 6763/5/28
f 6763/5/28 6732/5/28 6764/5/28
f 6750/5/30 6734/5/28 6765/5/28
f 6765/5/28 6734/5/28 6766/5/28
f 6767/5/28 6768/5/28 6783/5/28
f 6783/5/28 6768/5/28 6784/5/28
f 6769/5/28 6770/5/28 6785/5/28
f 6785/5/28 6770/5/28 6786/5/28
f 6771/5/28 6772/5/28 6787/5/28
f 6787/5/28 6772/5/28 6788/5/28
f 6773/5/28 6774/5/28 6789/5/28
f 6789/5/28 6774/5/28 6790/5/28
f 6775/5/28 6776/5/28 6791/5/28
f 6791/5/28 6776/5/28 6792/5/28
f 6777/5/28 6778/5/28 6793/5/28
f 6793/5/28 6778/5/28 6794/5/28
f 6779/5/28 6780/5/28 6795/5/28
f 6795/5/28 6780/5/28 6796/5/28
f 6781/5/28 6782/5/28 6797/5/28
f 6797/5/28 6782/5/28 6798/5/28
f 6784/5/28 6768/5/28 6799/5/28
f 6799/5/28 6768/5/28 6800/5/28
f 6786/5/28 6770/5/28 6801/5/28
f 6801/5/28 6770/5/28 6802/5/28
f 6788/5/28 6772/5/28 6803/5/28
f 6803/5/28 6772/5/28 6804/5/28
f 6790/5/28 6774/5/28 6805/5/28
f 6805/5/28 6774/5/28 6806/5/28
f 6792/5/28 6776/5/28 6807/5/28
f 6807/5/28 6776/5/28 6808/5/28
f 6794/5/28 6778/5/28 6809/5/28
f 6809/5/28 6778/5/28 6810/5/28
f 6796/5/28 6780/5/28 6811/5/28
f 6811/5/28 6780/5/28 6812/5/28
f 6798/5/28 6782/5/28 6813/5/28
f 6813/5/28 6782/5/28 6814/5/28
f 6815/5/28 6816/5/28 6831/5/28
f 6831/5/28 6816/5/28 6832/5/28
f 6817/5/28 6818/5/28 6833/5/28
f 6833/5/28 6818/5/28 6834/5/28
f 6819/5/28 6820/5/28 6835/5/28
f 6835/5/28 6820/5/28 6836/5/28
f 6821/5/28 6822/5/28 6837/5/28
f 6837/5/28 6822/5/28 6838/5/28
f 6823/5/28 6824/5/28 6839/5/28
f 6839/5/28 6824/5/28 6840/5/28
f 6825/5/28 6826/5/28 6841/5/28
f 6841/5/28 6826/5/28 6842/5/28
f 6827/5/28 6828/5/28 6843/5/28
f 6843/5/28 6828/5/28 6844/5/28
f 6829/5/28 6830/5/28 6845/5/28
f 6845/5/28 6830/5/28 6846/5/28
f 6832/5/28 6816/5/28 6847/5/28
f 6847/5/28 6816/5/28 6848/5/28
f 6834/5/28 6818/5/28 6849/5/28
f 6849/5/28 6818/5/28 6850/5/28
f 6836/5/28 6820/5/28 6851/5/28
f 6851/5/28 6820/5/28 6852/5/28
f 6838/5/28 6822/5/28 6853/5/28
f 6853/5/28 6822/5/28 6854/5/28
f 6840/5/28 6824/5/28 6855/5/28
f 6855/5/28 6824/5/28 6856/5/28
f 6842/5/28 6826/5/28 6857/5/28
f 6857/5/28 6826/5/28 6858/5/28
f 6844/5/28 6828/5/28 6859/5/28
f 6859/5/28 6828/5/28 6860/5/28
f 6846/5/28 6830/5/28 6861/5/28
f 6861/5/28 6830/5/28 6862/5/28
f 6863/5/28 6864/5/28 6865/5/28
f 6865/5/28 6864/5/28 6866/5/28
f 6866/5/28 6864/5/28 6867/5/28
f 6867/5/28 6864/5/28 6868/5/28
f 6868/5/28 6864/5/28 6869/5/32
f 6869/5/32 6864/5/28 6870/5/28
f 6870/5/28 6864/5/28 6871/5/32
f 6871/5/32 6864/5/28 6872/5/28
f 6872/5/28 6864/5/28 6873/5/32
f 6873/5/32 6864/5/28 6874/5/28
f 6874/5/28 6864/5/28 6875/5/28
f 6875/5/28 6864/5/28 6876/5/28
f 6876/5/28 6864/5/28 6877/5/31
f 6877/5/31 6864/5/28 6878/5/28
f 6878/5/28 6864/5/28 6879/5/33
f 6879/5/33 6864/5/28 6880/5/28
f 6863/5/28 6865/5/28 6881/5/28
f 6865/6/28 6866/6/28 6882/6/28
f 6881/5/28 6865/5/28 6882/5/28
f 6866/5/28 6867/5/28 6883/5/30
f 6882/6/28 6866/6/28 6883/6/30
f 6867/6/28 6868/6/28 6884/6/28
f 6883/5/30 6867/5/28 6884/5/28
f 6868/5/28 6869/5/32 6885/5/28
f 6884/6/28 6868/6/28 6885/6/28
f 6869/6/32 6870/6/28 6886/6/28
f 6885/5/28 6869/5/32 6886/5/28
f 6870/5/28 6871/5/32 6887/5/28
f 6886/6/28 6870/6/28 6887/6/28
f 6871/6/32 6872/6/28 6888/6/28
f 6887/5/28 6871/5/32 6888/5/28
f 6872/5/28 6873/5/32 6889/5/28
f 6888/6/28 6872/6/28 6889/6/28
f 6873/6/32 6874/6/28 6890/6/28
f 6889/5/28 6873/5/32 6890/5/28
f 6874/5/28 6875/5/28 6891/5/28
f 6890/6/28 6874/6/28 6891/6/28
f 6875/6/28 6876/6/28 6892/6/28
f 6891/5/28 6875/5/28 6892/5/28
f 6876/5/28 6877/5/31 6893/5/28
f 6892/6/28 6876/6/28 6893/6/28
f 6877/6/31 6878/6/28 6894/6/28
f 6893/5/28 6877/5/31 6894/5/28
f 6878/5/28 6879/5/33 6895/5/28
f 6894/6/28 6878/6/28 6895/6/28
f 6879/6/33 6880/6/28 6896/6/28
f 6895/5/28 6879/5/33 6896/5/28
f 6880/5/28 6864/5/28 6897/5/28
f 6896/6/28 6880/6/28 6897/6/28
f 6897/5/28 6864/5/28 6898/5/28
f 6895/6/28 6896/6/28 6899/6/28
f 6881/6/28 6882/6/28 6899/6/28
f 6897/6/28 6898/6/28 6899/6/28
f 6896/6/28 6897/6/28 6899/6/28
f 6894/6/28 6895/6/28 6899/6/28
f 6893/6/28 6894/6/28 6899/6/28
f 6892/6/28 6893/6/28 6899/6/28
f 6891/6/28 6892/6/28 6899/6/28
f 6890/6/28 6891/6/28 6899/6/28
f 6889/6/28 6890/6/28 6899/6/28
f 6888/6/28 6889/6/28 6899/6/28
f 6887/6/28 6888/6/28 6899/6/28
f 6886/6/28 6887/6/28 6899/6/28
f 6885/6/28 6886/6/28 6899/6/28
f 6884/6/28 6885/6/28 6899/6/28
f 6883/6/30 6884/6/28 6899/6/28
f 6882/6/28 6883/6/30 6899/6/28
f 6899/6/28 6898/6/28 6900/6/28
f 6904/5/34 6902/5/34 6901/5/34
f 6904/6/34 6903/6/34 6902/6/34
f 6905/6/34 6903/6/34 6904/6/34
f 6907/5/34 6904/5/34 6901/5/34
f 6907/5/34 6906/5/34 6905/5/34
f 6907/5/34 6905/5/34 6904/5/34
f 6908/5/34 6906/5/34 6907/5/34
f 6909/5/34 6906/5/34 6908/5/34
f 6910/5/34 6907/5/34 6901/5/34
f 6910/6/34 6908/6/34 6907/6/34
f 6911/6/34 6908/6/34 6910/6/34
f 6913/5/34 6910/5/34 6901/5/34
f 6913/5/34 6912/5/34 6911/5/34
f 6913/5/34 6911/5/34 6910/5/34
f 6914/5/34 6912/5/34 6913/5/34
f 6915/5/34 6912/5/34 6914/5/34
f 6916/5/34 6913/5/34 6901/5/34
f 6916/6/34 6914/6/34 6913/6/34
f 6917/6/34 6914/6/34 6916/6/34
f 6919/5/34 6916/5/34 6901/5/34
f 6919/5/34 6918/5/34 6917/5/34
f 6919/5/34 6917/5/34 6916/5/34
f 6920/5/34 6918/5/34 6919/5/34
f 6921/5/34 6918/5/34 6920/5/34
f 6922/5/34 6919/5/34 6901/5/34
f 6922/6/34 6920/6/34 6919/6/34
f 6923/6/34 6920/6/34 6922/6/34
f 6925/5/34 6922/5/34 6901/5/34
f 6925/5/34 6924/5/34 6923/5/34
f 6925/5/34 6923/5/34 6922/5/34
f 6926/5/34 6924/5/34 6925/5/34
f 6927/5/34 6924/5/34 6926/5/34
f 6928/5/34 6925/5/34 6901/5/34
f 6928/6/34 6926/6/34 6925/6/34
f 6929/6/34 6926/6/34 6928/6/34
f 6931/5/34 6928/5/34 6901/5/34
f 6931/5/34 6930/5/34 6929/5/34
f 6931/5/34 6929/5/34 6928/5/34
f 6932/5/34 6930/5/34 6931/5/34
f 6933/5/34 6930/5/34 6932/5/34
f 6934/5/34 6931/5/34 6901/5/34
f 6934/6/34 6932/6/34 6931/6/34
f 6935/6/34 6932/6/34 6934/6/34
f 6937/5/34 6934/5/34 6901/5/34
f 6937/5/34 6936/5/34 6935/5/34
f 6937/5/34 6935/5/34 6934/5/34
f 6938/5/34 6936/5/34 6937/5/34
f 6939/5/34 6936/5/34 6938/5/34
f 6940/5/34 6937/5/34 6901/5/34
f 6940/6/34 6938/6/34 6937/6/34
f 6941/6/34 6938/6/34 6940/6/34
f 6943/5/34 6940/5/34 6901/5/34
f 6943/5/34 6942/5/34 6941/5/34
f 6943/5/34 6941/5/34 6940/5/34
f 6944/5/34 6942/5/34 6943/5/34
f 6945/5/34 6942/5/34 6944/5/34
f 6946/5/34 6943/5/34 6901/5/34
f 6946/6/34 6944/6/34 6943/6/34
f 6947/6/34 6944/6/34 6946/6/34
f 6949/5/34 6946/5/34 6901/5/34
f 6949/5/34 6948/5/34 6947/5/34
f 6949/5/34 6947/5/34 6946/5/34
f 6950/5/34 6948/5/34 6949/5/34
f 6951/5/34 6948/5/34 6950/5/34
f 6952/5/34 6949/5/34 6901/5/34
f 6953/6/34 6950/6/34 6949/6/34
f 6953/5/34 6949/5/34 6952/5/34
f 6954/6/34 6950/6/34 6953/6/34
f 6957/5/34 6956/5/34 6955/5/34
f 6958/5/34 6956/5/34 6957/5/34
f 6960/5/34 6959/5/34 6958/5/34
f 6961/5/34 6959/5/34 6960/5/34
f 6964/5/34 6963/5/34 6962/5/34
f 6965/5/34 6963/5/34 6964/5/34
f 6967/5/34 6966/5/34 6965/5/34
f 6968/5/34 6966/5/34 6967/5/34
f 6971/5/34 6970/5/34 6969/5/34
f 6972/5/34 6970/5/34 6971/5/34
f 6974/5/34 6973/5/34 6972/5/34
f 6975/5/34 6973/5/34 6974/5/34
f 6978/5/34 6977/5/34 6976/5/34
f 6979/5/34 6977/5/34 6978/5/34
f 6981/5/34 6980/5/34 6979/5/34
f 6982/5/34 6980/5/34 6981/5/34
f 6985/5/34 6984/5/34 6983/5/34
f 6986/5/34 6984/5/34 6985/5/34
f 6988/5/34 6987/5/34 6986/5/34
f 6989/5/34 6987/5/34 6988/5/34
f 6992/5/34 6991/5/34 6990/5/34
f 6993/5/34 6991/5/34 6992/5/34
f 6995/5/34 6994/5/34 6993/5/34
f 6996/5/34 6994/5/34 6995/5/34
f 6999/5/34 6998/5/34 6997/5/34
f 7000/5/34 6998/5/34 6999/5/34
f 7002/5/34 7001/5/34 7000/5/34
f 7003/5/34 7001/5/34 7002/5/34
f 7006/5/34 7005/5/34 7004/5/34
f 7007/5/34 7005/5/34 7006/5/34
f 7009/5/34 7008/5/34 7007/5/34
f 7010/5/34 7008/5/34 7009/5/34
f 7013/5/34 7012/5/34 7011/5/34
f 7014/5/34 7012/5/34 7013/5/34
f 7017/5/34 7016/5/34 7015/5/34
f 7018/5/34 7016/5/34 7017/5/34
f 7021/5/34 7020/5/34 7019/5/34
f 7022/5/34 7020/5/34 7021/5/34
f 7025/5/34 7024/5/34 7023/5/34
f 7026/5/34 7024/5/34 7025/5/34
f 7029/5/34 7028/5/34 7027/5/34
f 7030/5/34 7028/5/34 7029/5/34
f 7033/5/34 7032/5/34 7031/5/34
f 7034/5/34 7032/5/34 7033/5/34
f 7037/5/34 7036/5/34 7035/5/34
f 7038/5/34 7036/5/34 7037/5/34
f 7041/5/34 7040/5/34 7039/5/34
f 7042/5/34 7040/5/34 7041/5/34
f 7045/5/34 7044/5/34 7043/5/34
f 7046/5/34 7044/5/34 7045/5/34
f 7048/5/34 7047/5/34 7046/5/34
f 7049/5/34 7047/5/34 7048/5/34
f 7052/5/34 7051/5/34 7050/5/34
f 7053/5/34 7051/5/34 7052/5/34
f 7055/5/34 7054/5/34 7053/5/34
f 7056/5/34 7054/5/34 7055/5/34
f 7059/5/34 7058/5/34 7057/5/34
f 7060/5/34 7058/5/34 7059/5/34
f 7062/5/34 7061/5/34 7060/5/34
f 7063/5/34 7061/5/34 7062/5/34
f 7066/5/34 7065/5/34 7064/5/34
f 7067/5/34 7065/5/34 7066/5/34
f 7069/5/34 7068/5/34 7067/5/34
f 7070/5/34 7068/5/34 7069/5/34
f 7073/5/34 7072/5/34 7071/5/34
f 7074/5/34 7072/5/34 7073/5/34
f 7076/5/34 7075/5/34 7074/5/34
f 7077/5/34 7075/5/34 7076/5/34
f 7080/5/34 7079/5/34 7078/5/34
f 7081/5/34 7079/5/34 7080/5/34
f 7083/5/34 7082/5/34 7081/5/34
f 7084/5/34 7082/5/34 7083/5/34
f 7087/5/34 7086/5/34 7085/5/34
f 7088/5/34 7086/5/34 7087/5/34
f 7090/5/34 7089/5/34 7088/5/34
f 7091/5/34 7089/5/34 7090/5/34
f 7094/5/34 7093/5/34 7092/5/34
f 7095/5/34 7093/5/34 7094/5/34
f 7097/5/34 7096/5/34 7095/5/34
f 7098/5/34 7096/5/34 7097/5/34
f 7101/5/34 7100/5/34 7099/5/34
f 7102/5/34 7100/5/34 7101/5/34
f 7105/5/34 7104/5/34 7103/5/34
f 7106/5/34 7104/5/34 7105/5/34
f 7109/5/34 7108/5/34 7107/5/34
f 7110/5/34 7108/5/34 7109/5/34
f 7113/5/34 7112/5/34 7111/5/34
f 7114/5/34 7112/5/34 7113/5/34
f 7117/5/34 7116/5/34 7115/5/34
f 7118/5/34 7116/5/34 7117/5/34
f 7121/5/34 7120/5/34 7119/5/34
f 7122/5/34 7120/5/34 7121/5/34
f 7125/5/34 7124/5/34 7123/5/34
f 7126/5/34 7124/5/34 7125/5/34
f 7129/5/34 7128/5/34 7127/5/34
f 7130/5/34 7128/5/34 7129/5/34
f 7133/5/34 7132/5/34 7131/5/34
f 7134/5/34 7132/5/34 7133/5/34
f 7136/5/34 7135/5/34 7134/5/34
f 7137/5/34 7135/5/34 7136/5/34
f 7140/5/34 7139/5/34 7138/5/34
f 7141/5/34 7139/5/34 7140/5/34
f 7143/5/34 7142/5/34 7141/5/34
f 7144/5/34 7142/5/34 7143/5/34
f 7147/5/34 7146/5/34 7145/5/34
f 7148/5/34 7146/5/34 7147/5/34
f 7150/5/34 7149/5/34 7148/5/34
f 7151/5/34 7149/5/34 7150/5/34
f 7154/5/34 7153/5/34 7152/5/34
f 7155/5/34 7153/5/34 7154/5/34
f 7157/5/34 7156/5/34 7155/5/34
f 7158/5/34 7156/5/34 7157/5/34
f 7161/5/34 7160/5/34 7159/5/34
f 7162/5/34 7160/5/34 7161/5/34
f 7164/5/34 7163/5/34 7162/5/34
f 7165/5/34 7163/5/34 7164/5/34
f 7168/5/34 7167/5/34 7166/5/34
f 7169/5/34 7167/5/34 7168/5/34
f 7171/5/34 7170/5/34 7169/5/34
f 7172/5/34 7170/5/34 7171/5/34
f 7175/5/34 7174/5/34 7173/5/34
f 7176/5/34 7174/5/34 7175/5/34
f 7178/5/34 7177/5/34 7176/5/34
f 7179/5/34 7177/5/34 7178/5/34
f 7182/5/34 7181/5/34 7180/5/34
f 7183/5/34 7181/5/34 7182/5/34
f 7185/5/34 7184/5/34 7183/5/34
f 7186/5/34 7184/5/34 7185/5/34
f 7189/5/34 7188/5/34 7187/5/34
f 7190/5/34 7188/5/34 7189/5/34
f 7193/5/34 7192/5/34 7191/5/34
f 7194/5/34 7192/5/34 7193/5/34
f 7197/5/34 7196/5/34 7195/5/34
f 7198/5/34 7196/5/34 7197/5/34
f 7201/5/34 7200/5/34 7199/5/34
f 7202/5/34 7200/5/34 7201/5/34
f 7205/5/34 7204/5/34 7203/5/34
f 7206/5/34 7204/5/34 7205/5/34
f 7209/5/34 7208/5/34 7207/5/34
f 7210/5/34 7208/5/34 7209/5/34
f 7213/5/34 7212/5/34 7211/5/34
f 7214/5/34 7212/5/34 7213/5/34
f 7217/5/34 7216/5/34 7215/5/34
f 7218/5/34 7216/5/34 7217/5/34
f 7221/5/34 7220/5/34 7219/5/34
f 7222/5/34 7220/5/34 7221/5/34
f 7224/5/34 7223/5/34 7222/5/34
f 7225/5/34 7223/5/34 7224/5/34
f 7228/5/34 7227/5/34 7226/5/34
f 7229/5/34 7227/5/34 7228/5/34
f 7231/5/34 7230/5/34 7229/5/34
f 7232/5/34 7230/5/34 7231/5/34
f 7235/5/34 7234/5/34 7233/5/34
f 7236/5/34 7234/5/34 7235/5/34
f 7238/5/34 7237/5/34 7236/5/34
f 7239/5/34 7237/5/34 7238/5/34
f 7242/5/34 7241/5/34 7240/5/34
f 7243/5/34 7241/5/34 7242/5/34
f 7245/5/34 7244/5/34 7243/5/34
f 7246/5/34 7244/5/34 7245/5/34
f 7249/5/34 7248/5/34 7247/5/34
f 7250/5/34 7248/5/34 7249/5/34
f 7252/5/34 7251/5/34 7250/5/34
f 7253/5/34 7251/5/34 7252/5/34
f 7256/5/34 7255/5/34 7254/5/34
f 7257/5/34 7255/5/34 7256/5/34
f 7259/5/34 7258/5/34 7257/5/34
f 7260/5/34 7258/5/34 7259/5/34
f 7263/5/34 7262/5/34 7261/5/34
f 7264/5/34 7262/5/34 7263/5/34
f 7266/5/34 7265/5/34 7264/5/34
f 7267/5/34 7265/5/34 7266/5/34
f 7270/5/34 7269/5/34 7268/5/34
f 7271/5/34 7269/5/34 7270/5/34
f 7273/5/34 7272/5/34 7271/5/34
f 7274/5/34 7272/5/34 7273/5/34
f 7277/5/34 7276/5/34 7275/5/34
f 7278/5/34 7276/5/34 7277/5/34
f 7281/5/34 7280/5/34 7279/5/34
f 7282/5/34 7280/5/34 7281/5/34
f 7285/5/34 7284/5/34 7283/5/34
f 7286/5/34 7284/5/34 7285/5/34
f 7289/5/34 7288/5/34 7287/5/34
f 7290/5/34 7288/5/34 7289/5/34
f 7293/5/34 7292/5/34 7291/5/34
f 7294/5/34 7292/5/34 7293/5/34
f 7297/5/34 7296/5/34 7295/5/34
f 7298/5/34 7296/5/34 7297/5/34
f 7301/5/34 7300/5/34 7299/5/34
f 7302/5/34 7300/5/34 7301/5/34
f 7305/5/34 7304/5/34 7303/5/34
f 7306/5/34 7304/5/34 7305/5/34
f 7309/5/34 7308/5/34 7307/5/34
f 7310/5/34 7308/5/34 7309/5/34
f 7312/5/34 7311/5/34 7310/5/34
f 7313/5/34 7311/5/34 7312/5/34
f 7316/5/34 7315/5/34 7314/5/34
f 7317/5/34 7315/5/34 7316/5/34
f 7319/5/34 7318/5/34 7317/5/34
f 7320/5/34 7318/5/34 7319/5/34
f 7323/5/34 7322/5/34 7321/5/34
f 7324/5/34 7322/5/34 7323/5/34
f 7326/5/34 7325/5/34 7324/5/34
f 7327/5/34 7325/5/34 7326/5/34
f 7330/5/34 7329/5/34 7328/5/34
f 7331/5/34 7329/5/34 7330/5/34
f 7333/5/34 7332/5/34 7331/5/34
f 7334/5/34 7332/5/34 7333/5/34
f 7337/5/34 7336/5/34 7335/5/34
f 7338/5/34 7336/5/34 7337/5/34
f 7340/5/34 7339/5/34 7338/5/34
f 7341/5/34 7339/5/34 7340/5/34
f 7344/5/34 7343/5/34 7342/5/34
f 7345/5/34 7343/5/34 7344/5/34
f 7347/5/34 7346/5/34 7345/5/34
f 7348/5/34 7346/5/34 7347/5/34
f 7351/5/34 7350/5/34 7349/5/34
f 7352/5/34 7350/5/34 7351/5/34
f 7354/5/34 7353/5/34 7352/5/34
f 7355/5/34 7353/5/34 7354/5/34
f 7358/5/34 7357/5/34 7356/5/34
f 7359/5/34 7357/5/34 7358/5/34
f 7361/5/34 7360/5/34 7359/5/34
f 7362/5/34 7360/5/34 7361/5/34
f 7365/5/34 7364/5/34 7363/5/34
f 7366/5/34 7364/5/34 7365/5/34
f 7369/5/34 7368/5/34 7367/5/34
f 7370/5/34 7368/5/34 7369/5/34
f 7373/5/34 7372/5/34 7371/5/34
f 7374/5/34 7372/5/34 7373/5/34
f 7377/5/34 7376/5/34 7375/5/34
f 7378/5/34 7376/5/34 7377/5/34
f 7381/5/34 7380/5/34 7379/5/34
f 7382/5/34 7380/5/34 7381/5/34
f 7385/5/34 7384/5/34 7383/5/34
f 7386/5/34 7384/5/34 7385/5/34
f 7389/5/34 7388/5/34 7387/5/34
f 7390/5/34 7388/5/34 7389/5/34
f 7393/5/34 7392/5/34 7391/5/34
f 7394/5/34 7392/5/34 7393/5/34
f 7397/5/34 7396/5/34 7395/5/34
f 7398/5/34 7396/5/34 7397/5/34
f 7400/5/34 7399/5/34 7398/5/34
f 7401/5/34 7399/5/34 7400/5/34
f 7404/5/34 7403/5/34 7402/5/34
f 7405/5/34 7403/5/34 7404/5/34
f 7407/5/34 7406/5/34 7405/5/34
f 7408/5/34 7406/5/34 7407/5/34
f 7411/5/34 7410/5/34 7409/5/34
f 7412/5/34 7410/5/34 7411/5/34
f 7414/5/34 7413/5/34 7412/5/34
f 7415/5/34 7413/5/34 7414/5/34
f 7418/5/34 7417/5/34 7416/5/34
f 7419/5/34 7417/5/34 7418/5/34
f 7421/5/34 7420/5/34 7419/5/34
f 7422/5/34 7420/5/34 7421/5/34
f 7425/5/34 7424/5/34 7423/5/34
f 7426/5/34 7424/5/34 7425/5/34
f 7428/5/34 7427/5/34 7426/5/34
f 7429/5/34 7427/5/34 7428/5/34
f 7432/5/34 7431/5/34 7430/5/34
f 7433/5/34 7431/5/34 7432/5/34
f 7435/5/34 7434/5/34 7433/5/34
f 7436/5/34 7434/5/34 7435/5/34
f 7439/5/34 7438/5/34 7437/5/34
f 7440/5/34 7438/5/34 7439/5/34
f 7442/5/34 7441/5/34 7440/5/34
f 7443/5/34 7441/5/34 7442/5/34
f 7446/5/34 7445/5/34 7444/5/34
f 7447/5/34 7445/5/34 7446/5/34
f 7449/5/34 7448/5/34 7447/5/34
f 7450/5/34 7448/5/34 7449/5/34
f 7453/5/34 7452/5/34 7451/5/34
f 7454/5/34 7452/5/34 7453/5/34
f 7457/5/34 7456/5/34 7455/5/34
f 7458/5/34 7456/5/34 7457/5/34
f 7461/5/34 7460/5/34 7459/5/34
f 7462/5/34 7460/5/34 7461/5/34
f 7465/5/34 7464/5/34 7463/5/34
f 7466/5/34 7464/5/34 7465/5/34
f 7469/5/34 7468/5/34 7467/5/34
f 7470/5/34 7468/5/34 7469/5/34
f 7473/5/34 7472/5/34 7471/5/34
f 7474/5/34 7472/5/34 7473/5/34
f 7477/5/34 7476/5/34 7475/5/34
f 7478/5/34 7476/5/34 7477/5/34
f 7481/5/34 7480/5/34 7479/5/34
f 7482/5/34 7480/5/34 7481/5/34
f 7485/5/34 7484/5/34 7483/5/34
f 7486/5/34 7484/5/34 7485/5/34
f 7488/5/34 7487/5/34 7486/5/34
f 7489/5/34 7487/5/34 7488/5/34
f 7492/5/34 7491/5/34 7490/5/34
f 7493/5/34 7491/5/34 7492/5/34
f 7495/5/34 7494/5/34 7493/5/34
f 7496/5/34 7494/5/34 7495/5/34
f 7499/5/34 7498/5/34 7497/5/34
f 7500/5/34 7498/5/34 7499/5/34
f 7502/5/34 7501/5/34 7500/5/34
f 7503/5/34 7501/5/34 7502/5/34
f 7506/5/34 7505/5/34 7504/5/34
f 7507/5/34 7505/5/34 7506/5/34
f 7509/5/34 7508/5/34 7507/5/34
f 7510/5/34 7508/5/34 7509/5/34
f 7513/5/34 7512/5/34 7511/5/34
f 7514/5/34 7512/5/34 7513/5/34
f 7516/5/34 7515/5/34 7514/5/34
f 7517/5/34 7515/5/34 7516/5/34
f 7520/5/34 7519/5/34 7518/5/34
f 7521/5/34 7519/5/34 7520/5/34
f 7523/5/34 7522/5/34 7521/5/34
f 7524/5/34 7522/5/34 7523/5/34
f 7527/5/34 7526/5/34 7525/5/34
f 7528/5/34 7526/5/34 7527/5/34
f 7530/5/34 7529/5/34 7528/5/34
f 7531/5/34 7529/5/34 7530/5/34
f 7534/5/34 7533/5/34 7532/5/34
f 7535/5/34 7533/5/34 7534/5/34
f 7537/5/34 7536/5/34 7535/5/34
f 7538/5/34 7536/5/34 7537/5/34
f 7541/5/34 7540/5/34 7539/5/34
f 7542/5/34 7540/5/34 7541/5/34
f 7545/5/34 7544/5/34 7543/5/34
f 7546/5/34 7544/5/34 7545/5/34
f 7549/5/34 7548/5/34 7547/5/34
f 7550/5/34 7548/5/34 7549/5/34
f 7553/5/34 7552/5/34 7551/5/34
f 7554/5/34 7552/5/34 7553/5/34
f 7557/5/34 7556/5/34 7555/5/34
f 7558/5/34 7556/5/34 7557/5/34
f 7561/5/34 7560/5/34 7559/5/34
f 7562/5/34 7560/5/34 7561/5/34
f 7565/5/34 7564/5/34 7563/5/34
f 7566/5/34 7564/5/34 7565/5/34
f 7569/5/34 7568/5/34 7567/5/34
f 7570/5/34 7568/5/34 7569/5/34
f 7573/5/34 7572/5/34 7571/5/34
f 7574/5/34 7572/5/34 7573/5/34
f 7576/5/34 7575/5/34 7574/5/34
f 7577/5/34 7575/5/34 7576/5/34
f 7580/5/34 7579/5/34 7578/5/34
f 7581/5/34 7579/5/34 7580/5/34
f 7583/5/34 7582/5/34 7581/5/34
f 7584/5/34 7582/5/34 7583/5/34
f 7587/5/34 7586/5/34 7585/5/34
f 7588/5/34 7586/5/34 7587/5/34
f 7590/5/34 7589/5/34 7588/5/34
f 7591/5/34 7589/5/34 7590/5/34
f 7594/5/34 7593/5/34 7592/5/34
f 7595/5/34 7593/5/34 7594/5/34
f 7597/5/34 7596/5/34 7595/5/34
f 7598/5/34 7596/5/34 7597/5/34
f 7601/5/34 7600/5/34 7599/5/34
f 7602/5/34 7600/5/34 7601/5/34
f 7604/5/34 7603/5/34 7602/5/34
f 7605/5/34 7603/5/34 7604/5/34
f 7608/5/34 7607/5/34 7606/5/34
f 7609/5/34 7607/5/34 7608/5/34
f 7611/5/34 7610/5/34 7609/5/34
f 7612/5/34 7610/5/34 7611/5/34
f 7615/5/34 7614/5/34 7613/5/34
f 7616/5/34 7614/5/34 7615/5/34
f 7618/5/34 7617/5/34 7616/5/34
f 7619/5/34 7617/5/34 7618/5/34
f 7622/5/34 7621/5/34 7620/5/34
f 7623/5/34 7621/5/34 7622/5/34
f 7625/5/34 7624/5/34 7623/5/34
f 7626/5/34 7624/5/34 7625/5/34
f 7627/5/35 7628/5/35 7629/5/35
f 7627/5/35 7629/5/35 7631/5/35
f 7629/5/35 7630/5/35 7631/5/35
f 7631/5/35 7630/5/35 7632/5/35
f 7633/5/35 7634/5/35 7635/5/35
f 7633/5/35 7635/5/35 7637/5/35
f 7635/5/35 7636/5/35 7637/5/35
f 7637/5/35 7636/5/35 7638/5/35
f 7639/5/35 7640/5/35 7641/5/35
f 7639/5/35 7641/5/35 7643/5/35
f 7641/5/35 7642/5/35 7643/5/35
f 7643/5/35 7642/5/35 7644/5/35
f 7645/5/35 7646/5/35 7647/5/35
f 7645/5/35 7647/5/35 7649/5/35
f 7647/5/35 7648/5/35 7649/5/35
f 7649/5/35 7648/5/35 7650/5/35
f 7651/5/35 7652/5/35 7653/5/35
f 7651/5/35 7653/5/35 7655/5/35
f 7653/5/35 7654/5/35 7655/5/35
f 7655/5/35 7654/5/35 7656/5/35
f 7657/5/35 7658/5/35 7659/5/35
f 7657/5/35 7659/5/35 7661/5/35
f 7659/5/35 7660/5/35 7661/5/35
f 7661/5/35 7660/5/35 7662/5/35
f 7663/5/35 7664/5/35 7665/5/35
f 7663/5/35 7665/5/35 7667/5/35
f 7665/5/35 7666/5/35 7667/5/35
f 7667/5/35 7666/5/35 7668/5/35
f 7669/5/35 7670/5/35 7671/5/35
f 7669/5/35 7671/5/35 7673/5/35
f 7671/5/35 7672/5/35 7673/5/35
f 7673/5/35 7672/5/35 7674/5/35
f 7675/5/35 7676/5/35 7677/5/35
f 7675/5/35 7677/5/35 7679/5/35
f 7677/5/35 7678/5/35 7679/5/35
f 7679/5/35 7678/5/35 7680/5/35
f 7681/5/35 7682/5/35 7683/5/35
f 7681/5/35 7683/5/35 7685/5/35
f 7683/5/35 7684/5/35 7685/5/35
f 7685/5/35 7684/5/35 7686/5/35
f 7687/5/35 7688/5/35 7689/5/35
f 7687/5/35 7689/5/35 7691/5/35
f 7689/5/35 7690/5/35 7691/5/35
f 7691/5/35 7690/5/35 7692/5/35
f 7693/5/35 7694/5/35 7695/5/35
f 7693/5/35 7695/5/35 7697/5/35
f 7695/5/35 7696/5/35 7697/5/35
f 7697/5/35 7696/5/35 7698/5/35
f 7699/5/35 7700/5/35 7701/5/35
f 7699/5/35 7701/5/35 7703/5/35
f 7701/5/35 7702/5/35 7703/5/35
f 7703/5/35 7702/5/35 7704/5/35
f 7705/5/35 7706/5/35 7707/5/35
f 7705/5/35 7707/5/35 7709/5/35
f 7707/5/35 7708/5/35 7709/5/35
f 7709/5/35 7708/5/35 7710/5/35
f 7711/5/35 7712/5/35 7713/5/35
f 7711/5/35 7713/5/35 7715/5/35
f 7713/5/35 7714/5/35 7715/5/35
f 7715/5/35 7714/5/35 7716/5/35
f 7717/5/35 7718/5/35 7719/5/35
f 7717/5/35 7719/5/35 7721/5/35
f 7719/5/35 7720/5/35 7721/5/35
f 7721/5/35 7720/5/35 7722/5/35
f 7723/5/35 7724/5/35 7725/5/35
f 7723/5/35 7725/5/35 7727/5/35
f 7725/5/35 7726/5/35 7727/5/35
f 7727/5/35 7726/5/35 7728/5/35
f 7729/5/35 7730/5/35 7731/5/35
f 7729/5/35 7731/5/35 7733/5/35
f 7731/5/35 7732/5/35 7733/5/35
f 7733/5/35 7732/5/35 7734/5/35
f 7735/5/35 7736/5/35 7737/5/35
f 7735/5/35 7737/5/35 7739/5/35
f 7737/5/35 7738/5/35 7739/5/35
f 7739/5/35 7738/5/35 7740/5/35
f 7741/5/35 7742/5/35 7743/5/35
f 7741/5/35 7743/5/35 7745/5/35
f 7743/5/35 7744/5/35 7745/5/35
f 7745/5/35 7744/5/35 7746/5/35
f 7747/5/35 7748/5/35 7749/5/35
f 7747/5/35 7749/5/35 7751/5/35
f 7749/5/35 7750/5/35 7751/5/35
f 7751/5/35 7750/5/35 7752/5/35
f 7753/5/35 7754/5/35 7755/5/35
f 7753/5/35 7755/5/35 7757/5/35
f 7755/5/35 7756/5/35 7757/5/35
f 7757/5/35 7756/5/35 7758/5/35
f 7759/5/35 7760/5/35 7761/5/35
f 7759/5/35 7761/5/35 7763/5/35
f 7761/5/35 7762/5/35 7763/5/35
f 7763/5/35 7762/5/35 7764/5/35
f 7765/5/35 7766/5/35 7767/5/35
f 7765/5/35 7767/5/35 7769/5/35
f 7767/5/35 7768/5/35 7769/5/35
f 7769/5/35 7768/5/35 7770/5/35
f 7771/5/35 7772/5/35 7773/5/35
f 7771/5/35 7773/5/35 7775/5/35
f 7773/5/35 7774/5/35 7775/5/35
f 7775/5/35 7774/5/35 7776/5/35
f 7777/5/35 7778/5/35 7779/5/35
f 7777/5/35 7779/5/35 7781/5/35
f 7779/5/35 7780/5/35 7781/5/35
f 7781/5/35 7780/5/35 7782/5/35
f 7783/5/35 7784/5/35 7785/5/35
f 7783/5/35 7785/5/35 7787/5/35
f 7785/5/35 7786/5/35 7787/5/35
f 7787/5/35 7786/5/35 7788/5/35
f 7789/5/35 7790/5/35 7791/5/35
f 7789/5/35 7791/5/35 7793/5/35
f 7791/5/35 7792/5/35 7793/5/35
f 7793/5/35 7792/5/35 7794/5/35
f 7795/5/35 7796/5/35 7797/5/35
f 7795/5/35 7797/5/35 7799/5/35
f 7797/5/35 7798/5/35 7799/5/35
f 7799/5/35 7798/5/35 7800/5/35
f 7801/5/35 7802/5/35 7803/5/35
f 7801/5/35 7803/5/35 7805/5/35
f 7803/5/35 7804/5/35 7805/5/35
f 7805/5/35 7804/5/35 7806/5/35
f 7807/5/35 7808/5/35 7809/5/35
f 7807/5/35 7809/5/35 7811/5/35
f 7809/5/35 7810/5/35 7811/5/35
f 7811/5/35 7810/5/35 7812/5/35
f 7813/5/35 7814/5/35 7815/5/35
f 7813/5/35 7815/5/35 7817/5/35
f 7815/5/35 7816/5/35 7817/5/35
f 7817/5/35 7816/5/35 7818/5/35
f 7819/5/35 7820/5/35 7821/5/35
f 7819/5/35 7821/5/35 7823/5/35
f 7821/5/35 7822/5/35 7823/5/35
f 7823/5/35 7822/5/35 7824/5/35
f 7825/5/35 7826/5/35 7827/5/35
f 7825/5/35 7827/5/35 7829/5/35
f 7827/5/35 7828/5/35 7829/5/35
f 7829/5/35 7828/5/35 7830/5/35
f 7831/5/35 7832/5/35 7833/5/35
f 7831/5/35 7833/5/35 7835/5/35
f 7833/5/35 7834/5/35 7835/5/35
f 7835/5/35 7834/5/35 7836/5/35
f 7837/5/35 7838/5/35 7839/5/35
f 7837/5/35 7839/5/35 7841/5/35
f 7839/5/35 7840/5/35 7841/5/35
f 7841/5/35 7840/5/35 7842/5/35
f 7843/5/35 7844/5/35 7845/5/35
f 7843/5/35 7845/5/35 7847/5/35
f 7845/5/35 7846/5/35 7847/5/35
f 7847/5/35 7846/5/35 7848/5/35
f 7849/5/35 7850/5/35 7851/5/35
f 7849/5/35 7851/5/35 7853/5/35
f 7851/5/35 7852/5/35 7853/5/35
f 7853/5/35 7852/5/35 7854/5/35
f 7855/5/35 7856/5/35 7857/5/35
f 7855/5/35 7857/5/35 7859/5/35
f 7857/5/35 7858/5/35 7859/5/35
f 7859/5/35 7858/5/35 7860/5/35
f 7861/5/35 7862/5/35 7863/5/35
f 7861/5/35 7863/5/35 7865/5/35
f 7863/5/35 7864/5/35 7865/5/35
f 7865/5/35 7864/5/35 7866/5/35
f 7867/5/35 7868/5/35 7869/5/35
f 7867/5/35 7869/5/35 7871/5/35
f 7869/5/35 7870/5/35 7871/5/35
f 7871/5/35 7870/5/35 7872/5/35
f 7873/5/35 7874/5/35 7875/5/35
f 7873/5/35 7875/5/35 7877/5/35
f 7875/5/35 7876/5/35 7877/5/35
f 7877/5/35 7876/5/35 7878/5/35
f 7879/5/35 7880/5/35 7881/5/35
f 7879/5/35 7881/5/35 7883/5/35
f 7881/5/35 7882/5/35 7883/5/35
f 7883/5/35 7882/5/35 7884/5/35
f 7885/5/35 7886/5/35 7887/5/35
f 7885/5/35 7887/5/35 7889/5/35
f 7887/5/35 7888/5/35 7889/5/35
f 7889/5/35 7888/5/35 7890/5/35
f 7891/5/35 7892/5/35 7893/5/35
f 7891/5/35 7893/5/35 7895/5/35
f 7893/5/35 7894/5/35 7895/5/35
f 7895/5/35 7894/5/35 7896/5/35
f 7897/5/35 7898/5/35 7899/5/35
f 7897/5/35 7899/5/35 7901/5/35
f 7899/5/35 7900/5/35 7901/5/35
f 7901/5/35 7900/5/35 7902/5/35
f 7903/5/35 7904/5/35 7905/5/35
f 7903/5/35 7905/5/35 7907/5/35
f 7905/5/35 7906/5/35 7907/5/35
f 7907/5/35 7906/5/35 7908/5/35
f 7909/5/35 7910/5/35 7911/5/35
f 7909/5/35 7911/5/35 7913/5/35
f 7911/5/35 7912/5/35 7913/5/35
f 7913/5/35 7912/5/35 7914/5/35
f 7915/5/35 7916/5/35 7917/5/35
f 7915/5/35 7917/5/35 7919/5/35
f 7917/5/35 7918/5/35 7919/5/35
f 7919/5/35 7918/5/35 7920/5/35
f 7921/5/35 7922/5/35 7923/5/35
f 7921/5/35 7923/5/35 7925/5/35
f 7923/5/35 7924/5/35 7925/5/35
f 7925/5/35 7924/5/35 7926/5/35
f 7927/5/35 7928/5/35 7929/5/35
f 7927/5/35 7929/5/35 7931/5/35
f 7929/5/35 7930/5/35 7931/5/35
f 7931/5/35 7930/5/35 7932/5/35
f 7933/5/35 7934/5/35 7935/5/35
f 7933/5/35 7935/5/35 7937/5/35
f 7935/5/35 7936/5/35 7937/5/35
f 7937/5/35 7936/5/35 7938/5/35
f 7939/5/35 7940/5/35 7941/5/35
f 7939/5/35 7941/5/35 7943/5/35
f 7941/5/35 7942/5/35 7943/5/35
f 7943/5/35 7942/5/35 7944/5/35
f 7945/5/35 7946/5/35 7947/5/35
f 7945/5/35 7947/5/35 7949/5/35
f 7947/5/35 7948/5/35 7949/5/35
f 7949/5/35 7948/5/35 7950/5/35
f 7951/5/35 7952/5/35 7953/5/35
f 7951/5/35 7953/5/35 7955/5/35
f 7953/5/35 7954/5/35 7955/5/35
f 7955/5/35 7954/5/35 7956/5/35
f 7957/5/35 7958/5/35 7959/5/35
f 7957/5/35 7959/5/35 7961/5/35
f 7959/5/35 7960/5/35 7961/5/35
f 7961/5/35 7960/5/35 7962/5/35
f 7963/5/35 7964/5/35 7965/5/35
f 7963/5/35 7965/5/35 7967/5/35
f 7965/5/35 7966/5/35 7967/5/35
f 7967/5/35 7966/5/35 7968/5/35
f 7969/5/35 7970/5/35 7971/5/35
f 7969/5/35 7971/5/35 7973/5/35
f 7971/5/35 7972/5/35 7973/5/35
f 7973/5/35 7972/5/35 7974/5/35
f 7975/5/35 7976/5/35 7977/5/35
f 7975/5/35 7977/5/35 7979/5/35
f 7977/5/35 7978/5/35 7979/5/35
f 7979/5/35 7978/5/35 7980/5/35
f 7981/5/35 7982/5/35 7983/5/35
f 7981/5/35 7983/5/35 7985/5/35
f 7983/5/35 7984/5/35 7985/5/35
f 7985/5/35 7984/5/35 7986/5/35
f 7987/5/35 7988/5/35 7989/5/35
f 7987/5/35 7989/5/35 7991/5/35
f 7989/5/35 7990/5/35 7991/5/35
f 7991/5/35 7990/5/35 7992/5/35
f 7993/5/35 7994/5/35 7995/5/35
f 7993/5/35 7995/5/35 7997/5/35
f 7995/5/35 7996/5/35 7997/5/35
f 7997/5/35 7996/5/35 7998/5/35
f 7999/5/35 8000/5/35 8001/5/35
f 7999/5/35 8001/5/35 8003/5/35
f 8001/5/35 8002/5/35 8003/5/35
f 8003/5/35 8002/5/35 8004/5/35
f 8005/5/35 8006/5/35 8007/5/35
f 8005/5/35 8007/5/35 8009/5/35
f 8007/5/35 8008/5/35 8009/5/35
f 8009/5/35 8008/5/35 8010/5/35
f 8011/5/35 8012/5/35 8014/5/35
f 8012/6/35 8013/6/35 8015/6/35
f 8014/5/35 8012/5/35 8015/5/35
f 8011/5/35 8014/5/35 8016/5/35
f 8014/6/35 8015/6/35 8016/6/35
f 8015/6/35 8013/6/35 8017/6/35
f 8016/6/35 8015/6/35 8017/6/35
f 8011/5/35 8016/5/35 8018/5/35
f 8016/5/35 8017/5/35 8018/5/35
f 8017/6/35 8013/6/35 8019/6/35
f 8018/5/35 8017/5/35 8019/5/35
f 8011/5/35 8018/5/35 8020/5/35
f 8018/6/35 8019/6/35 8020/6/35
f 8019/6/35 8013/6/35 8021/6/35
f 8020/6/35 8019/6/35 8021/6/35
f 8011/5/35 8020/5/35 8022/5/35
f 8020/5/35 8021/5/35 8022/5/35
f 8021/6/35 8013/6/35 8023/6/35
f 8022/5/35 8021/5/35 8023/5/35
f 8011/5/35 8022/5/35 8024/5/35
f 8022/6/35 8023/6/35 8024/6/35
f 8023/6/35 8013/6/35 8025/6/35
f 8024/6/35 8023/6/35 8025/6/35
f 8011/5/35 8024/5/35 8026/5/35
f 8024/5/35 8025/5/35 8026/5/35
f 8025/6/35 8013/6/35 8027/6/35
f 8026/5/35 8025/5/35 8027/5/35
f 8011/5/35 8026/5/35 8028/5/35
f 8026/6/35 8027/6/35 8028/6/35
f 8027/6/35 8013/6/35 8029/6/35
f 8028/6/35 8027/6/35 8029/6/35
f 8011/5/35 8028/5/35 8030/5/35
f 8028/5/35 8029/5/35 8030/5/35
f 8029/6/35 8013/6/35 8031/6/35
f 8030/5/35 8029/5/35 8031/5/35
f 8011/5/35 8030/5/35 8032/5/35
f 8030/6/35 8031/6/35 8032/6/35
f 8031/6/35 8013/6/35 8033/6/35
f 8032/6/35 8031/6/35 8033/6/35
f 8011/5/35 8032/5/35 8034/5/35
f 8032/5/35 8033/5/35 8034/5/35
f 8033/6/35 8013/6/35 8035/6/35
f 8034/5/35 8033/5/35 8035/5/35
f 8011/5/35 8034/5/35 8036/5/35
f 8034/6/35 8035/6/35 8036/6/35
f 8035/6/35 8013/6/35 8037/6/35
f 8036/6/35 8035/6/35 8037/6/35
f 8011/5/35 8036/5/35 8038/5/35
f 8036/5/35 8037/5/35 8038/5/35
f 8037/6/35 8013/6/35 8039/6/35
f 8038/5/35 8037/5/35 8039/5/35
f 8011/5/35 8038/5/35 8040/5/35
f 8038/6/35 8039/6/35 8040/6/35
f 8039/6/35 8013/6/35 8041/6/35
f 8040/6/35 8039/6/35 8041/6/35
f 8011/5/35 8040/5/35 8042/5/35
f 8040/5/35 8041/5/35 8042/5/35
f 8041/6/35 8013/6/35 8043/6/35
f 8042/5/35 8041/5/35 8043/5/35
f 8011/5/35 8042/5/35 8044/5/35
f 8042/6/35 8043/6/35 8044/6/35
f 8043/6/35 8013/6/35 8045/6/35
f 8044/6/35 8043/6/35 8045/6/35
f 8011/5/35 8044/5/35 8046/5/35
f 8044/5/35 8045/5/35 8046/5/35
f 8045/6/35 8013/6/35 8047/6/35
f 8046/5/35 8045/5/35 8047/5/35
f 8047/6/35 8013/6/35 8048/6/35
f 8051/5/36 8050/5/36 8049/5/36
f 8052/5/36 8050/5/36 8051/5/36
f 8053/6/37 8054/6/37 8071/6/37
f 8071/6/37 8054/6/37 8072/6/37
f 8055/6/37 8056/6/37 8073/6/37
f 8073/6/37 8056/6/37 8074/6/37
f 8057/6/37 8058/6/37 8075/6/37
f 8075/6/37 8058/6/37 8076/6/37
f 8059/6/37 8060/6/37 8077/6/37
f 8077/6/37 8060/6/37 8078/6/37
f 8061/6/37 8062/6/37 8079/6/37
f 8079/6/37 8062/6/37 8080/6/37
f 8063/6/37 8064/6/37 8081/6/37
f 8081/6/37 8064/6/37 8082/6/37
f 8065/6/37 8066/6/37 8083/6/37
f 8083/6/37 8066/6/37 8084/6/37
f 8067/6/37 8068/6/37 8085/6/37
f 8085/6/37 8068/6/37 8086/6/37
f 8055/6/37 8073/6/37 8088/6/37
f 8088/6/37 8073/6/37 8089/6/37
f 8057/6/37 8075/6/37 8090/6/37
f 8090/6/37 8075/6/37 8091/6/37
f 8059/6/37 8077/6/37 8092/6/37
f 8092/6/37 8077/6/37 8093/6/37
f 8061/6/37 8079/6/37 8094/6/37
f 8094/6/37 8079/6/37 8095/6/37
f 8063/6/37 8081/6/37 8096/6/37
f 8096/6/37 8081/6/37 8097/6/37
f 8065/6/37 8083/6/37 8098/6/37
f 8098/6/37 8083/6/37 8099/6/37
f 8067/6/37 8085/6/37 8100/6/37
f 8100/6/37 8085/6/37 8101/6/37
f 8069/6/37 8070/6/37 8102/6/37
f 8100/6/37 8101/6/37 8103/6/37
f 8101/6/37 8102/6/37 8103/6/37
f 8099/6/37 8100/6/37 8103/6/37
f 8098/6/37 8099/6/37 8103/6/37
f 8096/6/37 8097/6/37 8103/6/37
f 8097/6/37 8098/6/37 8103/6/37
f 8094/6/37 8095/6/37 8103/6/37
f 8095/6/37 8096/6/37 8103/6/37
f 8092/6/37 8093/6/37 8103/6/37
f 8093/6/37 8094/6/37 8103/6/37
f 8090/6/37 8091/6/37 8103/6/37
f 8091/6/37 8092/6/37 8103/6/37
f 8088/6/37 8089/6/37 8103/6/37
f 8089/6/37 8090/6/37 8103/6/37
f 8087/6/37 8088/6/37 8103/6/37
f 8103/6/37 8102/6/37 8104/6/37
f 8104/6/37 8102/6/37 8105/6/37
f 8105/6/37 8102/6/37 8106/6/37
f 8106/6/37 8102/6/37 8107/6/37
f 8107/6/37 8102/6/37 8108/6/37
f 8108/6/37 8102/6/37 8109/6/37
f 8109/6/37 8102/6/37 8110/6/37
f 8110/6/37 8102/6/37 8111/6/37
f 8111/6/37 8102/6/37 8112/6/37
f 8112/6/37 8102/6/37 8113/6/37
f 8113/6/37 8102/6/37 8114/6/37
f 8114/6/37 8102/6/37 8115/6/37
f 8115/6/37 8102/6/37 8116/6/37
f 8116/6/37 8102/6/37 8117/6/37
f 8102/6/37 8070/6/37 8118/6/37
f 8117/6/37 8102/6/37 8118/6/37
f 8087/6/37 8103/6/37 8119/6/37
f 8119/6/37 8103/6/37 8120/6/37
f 8104/6/37 8105/6/37 8121/6/37
f 8121/6/37 8105/6/37 8122/6/37
f 8106/6/37 8107/6/37 8123/6/37
f 8123/6/37 8107/6/37 8124/6/37
f 8108/6/37 8109/6/37 8125/6/37
f 8125/6/37 8109/6/37 8126/6/37
f 8110/6/37 8111/6/37 8127/6/37
f 8127/6/37 8111/6/37 8128/6/37
f 8112/6/37 8113/6/37 8129/6/37
f 8129/6/37 8113/6/37 8130/6/37
f 8114/6/37 8115/6/37 8131/6/37
f 8131/6/37 8115/6/37 8132/6/37
f 8116/6/37 8117/6/37 8133/6/37
f 8133/6/37 8117/6/37 8134/6/37
f 8104/6/37 8121/6/37 8136/6/37
f 8136/6/37 8121/6/37 8137/6/37
f 8106/6/37 8123/6/37 8138/6/37
f 8138/6/37 8123/6/37 8139/6/37
f 8108/6/37 8125/6/37 8140/6/37
f 8140/6/37 8125/6/37 8141/6/37
f 8110/6/37 8127/6/37 8142/6/37
f 8142/6/37 8127/6/37 8143/6/37
f 8112/6/37 8129/6/37 8144/6/37
f 8144/6/37 8129/6/37 8145/6/37
f 8114/6/37 8131/6/37 8146/6/37
f 8146/6/37 8131/6/37 8147/6/37
f 8116/6/37 8133/6/37 8148/6/37
f 8148/6/37 8133/6/37 8149/6/37
f 8118/6/37 8070/6/37 8150/6/37
f 8148/6/37 8149/6/37 8151/6/37
f 8149/6/37 8150/6/37 8151/6/37
f 8147/6/37 8148/6/37 8151/6/37
f 8146/6/37 8147/6/37 8151/6/37
f 8144/6/37 8145/6/37 8151/6/37
f 8145/6/37 8146/6/37 8151/6/37
f 8142/6/37 8143/6/37 8151/6/37
f 8143/6/37 8144/6/37 8151/6/37
f 8140/6/37 8141/6/37 8151/6/37
f 8141/6/37 8142/6/37 8151/6/37
f 8138/6/37 8139/6/37 8151/6/37
f 8139/6/37 8140/6/37 8151/6/37
f 8136/6/37 8137/6/37 8151/6/37
f 8137/6/37 8138/6/37 8151/6/37
f 8135/6/37 8136/6/37 8151/6/37
f 8151/6/37 8150/6/37 8152/6/37
f 8152/6/37 8150/6/37 8153/6/37
f 8153/6/37 8150/6/37 8154/6/37
f 8154/6/37 8150/6/37 8155/6/37
f 8155/6/37 8150/6/37 8156/6/37
f 8156/6/37 8150/6/37 8157/6/37
f 8157/6/37 8150/6/37 8158/6/37
f 8158/6/37 8150/6/37 8159/6/37
f 8159/6/37 8150/6/37 8160/6/37
f 8160/6/37 8150/6/37 8161/6/37
f 8161/6/37 8150/6/37 8162/6/37
f 8162/6/37 8150/6/37 8163/6/37
f 8163/6/37 8150/6/37 8164/6/37
f 8164/6/37 8150/6/37 8165/6/37
f 8150/6/37 8070/6/37 8166/6/37
f 8165/6/37 8150/6/37 8166/6/37
f 8135/6/37 8151/6/37 8167/6/37
f 8167/6/37 8151/6/37 8168/6/37
f 8152/6/37 8153/6/37 8169/6/37
f 8169/6/37 8153/6/37 8170/6/37
f 8154/6/37 8155/6/37 8171/6/37
f 8171/6/37 8155/6/37 8172/6/37
f 8156/6/37 8157/6/37 8173/6/37
f 8173/6/37 8157/6/37 8174/6/37
f 8158/6/37 8159/6/37 8175/6/37
f 8175/6/37 8159/6/37 8176/6/37
f 8160/6/37 8161/6/37 8177/6/37
f 8177/6/37 8161/6/37 8178/6/37
f 8162/6/37 8163/6/37 8179/6/37
f 8179/6/37 8163/6/37 8180/6/37
f 8164/6/37 8165/6/37 8181/6/37
f 8181/6/37 8165/6/37 8182/6/37
f 8152/6/37 8169/6/37 8184/6/37
f 8184/6/37 8169/6/37 8185/6/37
f 8154/6/37 8171/6/37 8186/6/37
f 8186/6/37 8171/6/37 8187/6/37
f 8156/6/37 8173/6/37 8188/6/37
f 8188/6/37 8173/6/37 8189/6/37
f 8158/6/37 8175/6/37 8190/6/37
f 8190/6/37 8175/6/37 8191/6/37
f 8160/6/37 8177/6/37 8192/6/37
f 8192/6/37 8177/6/37 8193/6/37
f 8162/6/37 8179/6/37 8194/6/37
f 8194/6/37 8179/6/37 8195/6/37
f 8164/6/37 8181/6/37 8196/6/37
f 8196/6/37 8181/6/37 8197/6/37
f 8166/6/37 8070/6/37 8198/6/37
f 8196/6/37 8197/6/37 8199/6/37
f 8197/6/37 8198/6/37 8199/6/37
f 8195/6/37 8196/6/37 8199/6/37
f 8194/6/37 8195/6/37 8199/6/37
f 8192/6/37 8193/6/37 8199/6/37
f 8193/6/37 8194/6/37 8199/6/37
f 8190/6/37 8191/6/37 8199/6/37
f 8191/6/37 8192/6/37 8199/6/37
f 8188/6/37 8189/6/37 8199/6/37
f 8189/6/37 8190/6/37 8199/6/37
f 8186/6/37 8187/6/37 8199/6/37
f 8187/6/37 8188/6/37 8199/6/37
f 8184/6/37 8185/6/37 8199/6/37
f 8185/6/37 8186/6/37 8199/6/37
f 8183/6/37 8184/6/37 8199/6/37
f 8199/6/37 8198/6/37 8200/6/37
f 8200/6/37 8198/6/37 8201/6/37
f 8201/6/37 8198/6/37 8202/6/37
f 8202/6/37 8198/6/37 8203/6/37
f 8203/6/37 8198/6/37 8204/6/37
f 8204/6/37 8198/6/37 8205/6/37
f 8205/6/37 8198/6/37 8206/6/37
f 8206/6/37 8198/6/37 8207/6/37
f 8207/6/37 8198/6/37 8208/6/37
f 8208/6/37 8198/6/37 8209/6/37
f 8209/6/37 8198/6/37 8210/6/37
f 8210/6/37 8198/6/37 8211/6/37
f 8211/6/37 8198/6/37 8212/6/37
f 8212/6/37 8198/6/37 8213/6/37
f 8198/6/37 8070/6/37 8214/6/37
f 8213/6/37 8198/6/37 8214/6/37
f 8183/6/37 8199/6/37 8215/6/37
f 8215/6/37 8199/6/37 8216/6/37
f 8200/6/37 8201/6/37 8217/6/37
f 8217/6/37 8201/6/37 8218/6/37
f 8202/6/37 8203/6/37 8219/6/37
f 8219/6/37 8203/6/37 8220/6/37
f 8204/6/37 8205/6/37 8221/6/37
f 8221/6/37 8205/6/37 8222/6/37
f 8206/6/37 8207/6/37 8223/6/37
f 8223/6/37 8207/6/37 8224/6/37
f 8208/6/37 8209/6/37 8225/6/37
f 8225/6/37 8209/6/37 8226/6/37
f 8210/6/37 8211/6/37 8227/6/37
f 8227/6/37 8211/6/37 8228/6/37
f 8212/6/37 8213/6/37 8229/6/37
f 8229/6/37 8213/6/37 8230/6/37
f 8200/6/37 8217/6/37 8232/6/37
f 8232/6/37 8217/6/37 8233/6/37
f 8202/6/37 8219/6/37 8234/6/37
f 8234/6/37 8219/6/37 8235/6/37
f 8204/6/37 8221/6/37 8236/6/37
f 8236/6/37 8221/6/37 8237/6/37
f 8206/6/37 8223/6/37 8238/6/37
f 8238/6/37 8223/6/37 8239/6/37
f 8208/6/37 8225/6/37 8240/6/37
f 8240/6/37 8225/6/37 8241/6/37
f 8210/6/37 8227/6/37 8242/6/37
f 8242/6/37 8227/6/37 8243/6/37
f 8212/6/37 8229/6/37 8244/6/37
f 8244/6/37 8229/6/37 8245/6/37
f 8214/6/37 8070/6/37 8246/6/37
f 8244/6/37 8245/6/37 8247/6/37
f 8245/6/37 8246/6/37 8247/6/37
f 8243/6/37 8244/6/37 8247/6/37
f 8242/6/37 8243/6/37 8247/6/37
f 8240/6/37 8241/6/37 8247/6/37
f 8241/6/37 8242/6/37 8247/6/37
f 8238/6/37 8239/6/37 8247/6/37
f 8239/6/37 8240/6/37 8247/6/37
f 8236/6/37 8237/6/37 8247/6/37
f 8237/6/37 8238/6/37 8247/6/37
f 8234/6/37 8235/6/37 8247/6/37
f 8235/6/37 8236/6/37 8247/6/37
f 8232/6/37 8233/6/37 8247/6/37
f 8233/6/37 8234/6/37 8247/6/37
f 8231/6/37 8232/6/37 8247/6/37
f 8247/6/37 8246/6/37 8248/6/37
f 8248/6/37 8246/6/37 8249/6/37
f 8249/6/37 8246/6/37 8250/6/37
f 8250/6/37 8246/6/37 8251/6/37
f 8251/6/37 8246/6/37 8252/6/37
f 8252/6/37 8246/6/37 8253/6/37
f 8253/6/37 8246/6/37 8254/6/37
f 8254/6/37 8246/6/37 8255/6/37
f 8255/6/37 8246/6/37 8256/6/37
f 8256/6/37 8246/6/37 8257/6/37
f 8257/6/37 8246/6/37 8258/6/37
f 8258/6/37 8246/6/37 8259/6/37
f 8259/6/37 8246/6/37 8260/6/37
f 8260/6/37 8246/6/37 8261/6/37
f 8246/6/37 8070/6/37 8262/6/37
f 8261/6/37 8246/6/37 8262/6/37
f 8231/6/37 8247/6/37 8263/6/37
f 8263/6/37 8247/6/37 8264/6/37
f 8248/6/37 8249/6/37 8265/6/37
f 8265/6/37 8249/6/37 8266/6/37
f 8250/6/37 8251/6/37 8267/6/37
f 8267/6/37 8251/6/37 8268/6/37
f 8252/6/37 8253/6/37 8269/6/37
f 8269/6/37 8253/6/37 8270/6/37
f 8254/6/37 8255/6/37 8271/6/37
f 8271/6/37 8255/6/37 8272/6/37
f 8256/6/37 8257/6/37 8273/6/37
f 8273/6/37 8257/6/37 8274/6/37
f 8258/6/37 8259/6/37 8275/6/37
f 8275/6/37 8259/6/37 8276/6/37
f 8260/6/37 8261/6/37 8277/6/37
f 8277/6/37 8261/6/37 8278/6/37
f 8248/6/37 8265/6/37 8280/6/37
f 8280/6/37 8265/6/37 8281/6/37
f 8250/6/37 8267/6/37 8282/6/37
f 8282/6/37 8267/6/37 8283/6/37
f 8252/6/37 8269/6/37 8284/6/37
f 8284/6/37 8269/6/37 8285/6/37
f 8254/6/37 8271/6/37 8286/6/37
f 8286/6/37 8271/6/37 8287/6/37
f 8256/6/37 8273/6/37 8288/6/37
f 8288/6/37 8273/6/37 8289/6/37
f 8258/6/37 8275/6/37 8290/6/37
f 8290/6/37 8275/6/37 8291/6/37
f 8260/6/37 8277/6/37 8292/6/37
f 8292/6/37 8277/6/37 8293/6/37
f 8262/6/37 8070/6/37 8294/6/37
f 8292/6/37 8293/6/37 8295/6/37
f 8293/6/37 8294/6/37 8295/6/37
f 8291/6/37 8292/6/37 8295/6/37
f 8290/6/37 8291/6/37 8295/6/37
f 8288/6/37 8289/6/37 8295/6/37
f 8289/6/37 8290/6/37 8295/6/37
f 8286/6/37 8287/6/37 8295/6/37
f 8287/6/37 8288/6/37 8295/6/37
f 8284/6/37 8285/6/37 8295/6/37
f 8285/6/37 8286/6/37 8295/6/37
f 8282/6/37 8283/6/37 8295/6/37
f 8283/6/37 8284/6/37 8295/6/37
f 8280/6/37 8281/6/37 8295/6/37
f 8281/6/37 8282/6/37 8295/6/37
f 8279/6/37 8280/6/37 8295/6/37
f 8295/6/37 8294/6/37 8296/6/37
f 8296/6/37 8294/6/37 8297/6/37
f 8297/6/37 8294/6/37 8298/6/37
f 8298/6/37 8294/6/37 8299/6/37
f 8299/6/37 8294/6/37 8300/6/37
f 8300/6/37 8294/6/37 8301/6/37
f 8301/6/37 8294/6/37 8302/6/37
f 8302/6/37 8294/6/37 8303/6/37
f 8303/6/37 8294/6/37 8304/6/37
f 8304/6/37 8294/6/37 8305/6/37
f 8305/6/37 8294/6/37 8306/6/37
f 8306/6/37 8294/6/37 8307/6/37
f 8307/6/37 8294/6/37 8308/6/37
f 8308/6/37 8294/6/37 8309/6/37
f 8294/6/37 8070/6/37 8310/6/37
f 8309/6/37 8294/6/37 8310/6/37
f 8279/6/37 8295/6/37 8311/6/37
f 8311/6/37 8295/6/37 8312/6/37
f 8296/6/37 8297/6/37 8313/6/37
f 8313/6/37 8297/6/37 8314/6/37
f 8298/6/37 8299/6/37 8315/6/37
f 8315/6/37 8299/6/37 8316/6/37
f 8300/6/37 8301/6/37 8317/6/37
f 8317/6/37 8301/6/37 8318/6/37
f 8302/6/37 8303/6/37 8319/6/37
f 8319/6/37 8303/6/37 8320/6/37
f 8304/6/37 8305/6/37 8321/6/37
f 8321/6/37 8305/6/37 8322/6/37
f 8306/6/37 8307/6/37 8323/6/37
f 8323/6/37 8307/6/37 8324/6/37
f 8308/6/37 8309/6/37 8325/6/37
f 8325/6/37 8309/6/37 8326/6/37
f 8296/6/37 8313/6/37 8328/6/37
f 8328/6/37 8313/6/37 8329/6/37
f 8298/6/37 8315/6/37 8330/6/37
f 8330/6/37 8315/6/37 8331/6/37
f 8300/6/37 8317/6/37 8332/6/37
f 8332/6/37 8317/6/37 8333/6/37
f 8302/6/37 8319/6/37 8334/6/37
f 8334/6/37 8319/6/37 8335/6/37
f 8304/6/37 8321/6/37 8336/6/37
f 8336/6/37 8321/6/37 8337/6/37
f 8306/6/37 8323/6/37 8338/6/37
f 8338/6/37 8323/6/37 8339/6/37
f 8308/6/37 8325/6/37 8340/6/37
f 8340/6/37 8325/6/37 8341/6/37
f 8310/6/37 8070/6/37 8342/6/37
f 8340/6/37 8341/6/37 8343/6/37
f 8341/6/37 8342/6/37 8343/6/37
f 8339/6/37 8340/6/37 8343/6/37
f 8338/6/37 8339/6/37 8343/6/37
f 8336/6/37 8337/6/37 8343/6/37
f 8337/6/37 8338/6/37 8343/6/37
f 8334/6/37 8335/6/37 8343/6/37
f 8335/6/37 8336/6/37 8343/6/37
f 8332/6/37 8333/6/37 8343/6/37
f 8333/6/37 8334/6/37 8343/6/37
f 8330/6/37 8331/6/37 8343/6/37
f 8331/6/37 8332/6/37 8343/6/37
f 8328/6/37 8329/6/37 8343/6/37
f 8329/6/37 8330/6/37 8343/6/37
f 8327/6/37 8328/6/37 8343/6/37
f 8343/6/37 8342/6/37 8344/6/37
f 8344/6/37 8342/6/37 8345/6/37
f 8345/6/37 8342/6/37 8346/6/37
f 8346/6/37 8342/6/37 8347/6/37
f 8347/6/37 8342/6/37 8348/6/37
f 8348/6/37 8342/6/37 8349/6/37
f 8349/6/37 8342/6/37 8350/6/37
f 8350/6/37 8342/6/37 8351/6/37
f 8351/6/37 8342/6/37 8352/6/37
f 8352/6/37 8342/6/37 8353/6/37
f 8353/6/37 8342/6/37 8354/6/37
f 8354/6/37 8342/6/37 8355/6/37
f 8355/6/37 8342/6/37 8356/6/37
f 8356/6/37 8342/6/37 8357/6/37
f 8342/6/37 8070/6/37 8358/6/37
f 8357/6/37 8342/6/37 8358/6/37
f 8327/6/37 8343/6/37 8359/6/37
f 8359/6/37 8343/6/37 8360/6/37
f 8344/6/37 8345/6/37 8361/6/37
f 8361/6/37 8345/6/37 8362/6/37
f 8346/6/37 8347/6/37 8363/6/37
f 8363/6/37 8347/6/37 8364/6/37
f 8348/6/37 8349/6/37 8365/6/37
f 8365/6/37 8349/6/37 8366/6/37
f 8350/6/37 8351/6/37 8367/6/37
f 8367/6/37 8351/6/37 8368/6/37
f 8352/6/37 8353/6/37 8369/6/37
f 8369/6/37 8353/6/37 8370/6/37
f 8354/6/37 8355/6/37 8371/6/37
f 8371/6/37 8355/6/37 8372/6/37
f 8356/6/37 8357/6/37 8373/6/37
f 8373/6/37 8357/6/37 8374/6/37
f 8344/6/37 8361/6/37 8376/6/37
f 8376/6/37 8361/6/37 8377/6/37
f 8346/6/37 8363/6/37 8378/6/37
f 8378/6/37 8363/6/37 8379/6/37
f 8348/6/37 8365/6/37 8380/6/37
f 8380/6/37 8365/6/37 8381/6/37
f 8350/6/37 8367/6/37 8382/6/37
f 8382/6/37 8367/6/37 8383/6/37
f 8352/6/37 8369/6/37 8384/6/37
f 8384/6/37 8369/6/37 8385/6/37
f 8354/6/37 8371/6/37 8386/6/37
f 8386/6/37 8371/6/37 8387/6/37
f 8356/6/37 8373/6/37 8388/6/37
f 8388/6/37 8373/6/37 8389/6/37
f 8358/6/37 8070/6/37 8390/6/37
f 8388/6/37 8389/6/37 8391/6/37
f 8389/6/37 8390/6/37 8391/6/37
f 8387/6/37 8388/6/37 8391/6/37
f 8386/6/37 8387/6/37 8391/6/37
f 8384/6/37 8385/6/37 8391/6/37
f 8385/6/37 8386/6/37 8391/6/37
f 8382/6/37 8383/6/37 8391/6/37
f 8383/6/37 8384/6/37 8391/6/37
f 8380/6/37 8381/6/37 8391/6/37
f 8381/6/37 8382/6/37 8391/6/37
f 8378/6/37 8379/6/37 8391/6/37
f 8379/6/37 8380/6/37 8391/6/37
f 8376/6/37 8377/6/37 8391/6/37
f 8377/6/37 8378/6/37 8391/6/37
f 8375/6/37 8376/6/37 8391/6/37
f 8391/6/37 8390/6/37 8392/6/37
f 8392/6/37 8390/6/37 8393/6/37
f 8393/6/37 8390/6/37 8394/6/37
f 8394/6/37 8390/6/37 8395/6/37
f 8395/6/37 8390/6/37 8396/6/37
f 8396/6/37 8390/6/37 8397/6/37
f 8397/6/37 8390/6/37 8398/6/37
f 8398/6/37 8390/6/37 8399/6/37
f 8399/6/37 8390/6/37 8400/6/37
f 8400/6/37 8390/6/37 8401/6/37
f 8401/6/37 8390/6/37 8402/6/37
f 8402/6/37 8390/6/37 8403/6/37
f 8403/6/37 8390/6/37 8404/6/37
f 8404/6/37 8390/6/37 8405/6/37
f 8390/6/37 8070/6/37 8406/6/37
f 8405/6/37 8390/6/37 8406/6/37
f 8375/6/37 8391/6/37 8407/6/37
f 8407/6/37 8391/6/37 8408/6/37
f 8392/6/37 8393/6/37 8409/6/37
f 8409/6/37 8393/6/37 8410/6/37
f 8394/6/37 8395/6/37 8411/6/37
f 8411/6/37 8395/6/37 8412/6/37
f 8396/6/37 8397/6/37 8413/6/37
f 8413/6/37 8397/6/37 8414/6/37
f 8398/6/37 8399/6/37 8415/6/37
f 8415/6/37 8399/6/37 8416/6/37
f 8400/6/37 8401/6/37 8417/6/37
f 8417/6/37 8401/6/37 8418/6/37
f 8402/6/37 8403/6/37 8419/6/37
f 8419/6/37 8403/6/37 8420/6/37
f 8404/6/37 8405/6/37 8421/6/37
f 8421/6/37 8405/6/37 8422/6/37
f 8392/6/37 8409/6/37 8424/6/37
f 8424/6/37 8409/6/37 8425/6/37
f 8394/6/37 8411/6/37 8426/6/37
f 8426/6/37 8411/6/37 8427/6/37
f 8396/6/37 8413/6/37 8428/6/37
f 8428/6/37 8413/6/37 8429/6/37
f 8398/6/37 8415/6/37 8430/6/37
f 8430/6/37 8415/6/37 8431/6/37
f 8400/6/37 8417/6/37 8432/6/38
f 8432/6/38 8417/6/37 8433/6/37
f 8402/6/37 8419/6/37 8434/6/38
f 8434/6/38 8419/6/37 8435/6/37
f 8404/6/37 8421/6/37 8436/6/37
f 8436/6/37 8421/6/37 8437/6/37
f 8406/6/37 8070/6/37 8438/6/37
f 8436/6/37 8437/6/37 8439/6/37
f 8437/6/37 8438/6/37 8439/6/37
f 8435/6/37 8436/6/37 8439/6/37
f 8434/6/38 8435/6/37 8439/6/37
f 8432/6/38 8433/6/37 8439/6/37
f 8433/6/37 8434/6/38 8439/6/37
f 8430/6/37 8431/6/37 8439/6/37
f 8431/6/37 8432/6/38 8439/6/37
f 8428/6/37 8429/6/37 8439/6/37
f 8429/6/37 8430/6/37 8439/6/37
f 8426/6/37 8427/6/37 8439/6/37
f 8427/6/37 8428/6/37 8439/6/37
f 8424/6/37 8425/6/37 8439/6/37
f 8425/6/37 8426/6/37 8439/6/37
f 8423/6/37 8424/6/37 8439/6/37
f 8438/6/37 8070/6/37 8440/6/37
f 8439/6/37 8438/6/37 8440/6/37
f 8441/5/37 8442/5/37 8458/5/37
f 8458/5/37 8442/5/37 8459/5/37
f 8443/5/37 8444/5/37 8461/5/37
f 8461/5/37 8444/5/37 8462/5/37
f 8445/5/37 8446/5/37 8464/5/37
f 8464/5/37 8446/5/37 8465/5/37
f 8447/5/37 8448/5/37 8467/5/37
f 8467/5/37 8448/5/37 8468/5/37
f 8449/5/37 8450/5/37 8470/5/37
f 8470/5/37 8450/5/37 8471/5/37
f 8451/5/37 8452/5/37 8473/5/37
f 8473/5/37 8452/5/37 8474/5/37
f 8453/5/37 8454/5/37 8476/5/37
f 8476/5/37 8454/5/37 8477/5/37
f 8455/5/37 8456/5/37 8479/5/37
f 8479/5/37 8456/5/37 8480/5/37
f 8457/5/37 8458/5/37 8481/5/37
f 8481/5/37 8458/5/37 8482/5/37
f 8460/5/37 8461/5/37 8483/5/37
f 8483/5/37 8461/5/37 8484/5/37
f 8463/5/37 8464/5/37 8485/5/37
f 8485/5/37 8464/5/37 8486/5/37
f 8466/5/37 8467/5/37 8487/5/37
f 8487/5/37 8467/5/37 8488/5/37
f 8469/5/37 8470/5/37 8489/5/37
f 8489/5/37 8470/5/37 8490/5/37
f 8472/5/37 8473/5/37 8491/5/37
f 8491/5/37 8473/5/37 8492/5/37
f 8475/5/37 8476/5/37 8493/5/37
f 8493/5/37 8476/5/37 8494/5/37
f 8478/5/37 8479/5/37 8495/5/37
f 8495/5/37 8479/5/37 8496/5/37
f 8497/5/37 8498/5/37 8514/5/37
f 8514/5/37 8498/5/37 8515/5/37
f 8499/5/37 8500/5/37 8517/5/37
f 8517/5/37 8500/5/37 8518/5/37
f 8501/5/37 8502/5/37 8520/5/37
f 8520/5/37 8502/5/37 8521/5/37
f 8503/5/37 8504/5/37 8523/5/37
f 8523/5/37 8504/5/37 8524/5/37
f 8505/5/37 8506/5/37 8526/5/37
f 8526/5/37 8506/5/37 8527/5/37
f 8507/5/37 8508/5/37 8529/5/37
f 8529/5/37 8508/5/37 8530/5/37
f 8509/5/37 8510/5/37 8532/5/37
f 8532/5/37 8510/5/37 8533/5/37
f 8511/5/37 8512/5/37 8535/5/37
f 8535/5/37 8512/5/37 8536/5/37
f 8513/5/37 8514/5/37 8537/5/37
f 8537/5/37 8514/5/37 8538/5/37
f 8516/5/37 8517/5/37 8539/5/37
f 8539/5/37 8517/5/37 8540/5/37
f 8519/5/37 8520/5/37 8541/5/37
f 8541/5/37 8520/5/37 8542/5/37
f 8522/5/37 8523/5/37 8543/5/37
f 8543/5/37 8523/5/37 8544/5/37
f 8525/5/37 8526/5/37 8545/5/37
f 8545/5/37 8526/5/37 8546/5/37
f 8528/5/37 8529/5/37 8547/5/37
f 8547/5/37 8529/5/37 8548/5/37
f 8531/5/37 8532/5/37 8549/5/37
f 8549/5/37 8532/5/37 8550/5/37
f 8534/5/37 8535/5/37 8551/5/37
f 8551/5/37 8535/5/37 8552/5/37
f 8553/5/37 8554/5/37 8570/5/37
f 8570/5/37 8554/5/37 8571/5/37
f 8555/5/37 8556/5/37 8573/5/37
f 8573/5/37 8556/5/37 8574/5/37
f 8557/5/37 8558/5/37 8576/5/37
f 8576/5/37 8558/5/37 8577/5/37
f 8559/5/37 8560/5/37 8579/5/37
f 8579/5/37 8560/5/37 8580/5/37
f 8561/5/37 8562/5/37 8582/5/37
f 8582/5/37 8562/5/37 8583/5/37
f 8563/5/37 8564/5/37 8585/5/37
f 8585/5/37 8564/5/37 8586/5/37
f 8565/5/37 8566/5/37 8588/5/37
f 8588/5/37 8566/5/37 8589/5/37
f 8567/5/37 8568/5/37 8591/5/37
f 8591/5/37 8568/5/37 8592/5/37
f 8569/5/37 8570/5/37 8593/5/37
f 8593/5/37 8570/5/37 8594/5/37
f 8572/5/37 8573/5/37 8595/5/37
f 8595/5/37 8573/5/37 8596/5/37
f 8575/5/37 8576/5/37 8597/5/37
f 8597/5/37 8576/5/37 8598/5/37
f 8578/5/37 8579/5/37 8599/5/37
f 8599/5/37 8579/5/37 8600/5/37
f 8581/5/37 8582/5/37 8601/5/37
f 8601/5/37 8582/5/37 8602/5/37
f 8584/5/37 8585/5/37 8603/5/37
f 8603/5/37 8585/5/37 8604/5/37
f 8587/5/37 8588/5/37 8605/5/37
f 8605/5/37 8588/5/37 8606/5/37
f 8590/5/37 8591/5/37 8607/5/37
f 8607/5/37 8591/5/37 8608/5/37
f 8609/5/37 8610/5/37 8626/5/37
f 8626/5/37 8610/5/37 8627/5/37
f 8611/5/37 8612/5/37 8629/5/37
f 8629/5/37 8612/5/37 8630/5/37
f 8613/5/37 8614/5/37 8632/5/37
f 8632/5/37 8614/5/37 8633/5/37
f 8615/5/37 8616/5/37 8635/5/37
f 8635/5/37 8616/5/37 8636/5/37
f 8617/5/37 8618/5/37 8638/5/37
f 8638/5/37 8618/5/37 8639/5/37
f 8619/5/37 8620/5/37 8641/5/37
f 8641/5/37 8620/5/37 8642/5/37
f 8621/5/37 8622/5/37 8644/5/37
f 8644/5/37 8622/5/37 8645/5/37
f 8623/5/37 8624/5/37 8647/5/37
f 8647/5/37 8624/5/37 8648/5/37
f 8625/5/37 8626/5/37 8649/5/37
f 8649/5/37 8626/5/37 8650/5/37
f 8628/5/37 8629/5/37 8651/5/37
f 8651/5/37 8629/5/37 8652/5/37
f 8631/5/37 8632/5/37 8653/5/37
f 8653/5/37 8632/5/37 8654/5/37
f 8634/5/37 8635/5/37 8655/5/37
f 8655/5/37 8635/5/37 8656/5/37
f 8637/5/37 8638/5/37 8657/5/37
f 8657/5/37 8638/5/37 8658/5/37
f 8640/5/37 8641/5/37 8659/5/37
f 8659/5/37 8641/5/37 8660/5/37
f 8643/5/37 8644/5/37 8661/5/37
f 8661/5/37 8644/5/37 8662/5/37
f 8646/5/37 8647/5/37 8663/5/37
f 8663/5/37 8647/5/37 8664/5/37
f 8665/5/37 8666/5/37 8682/5/37
f 8682/5/37 8666/5/37 8683/5/37
f 8667/5/37 8668/5/37 8685/5/37
f 8685/5/37 8668/5/37 8686/5/37
f 8669/5/37 8670/5/37 8688/5/37
f 8688/5/37 8670/5/37 8689/5/37
f 8671/5/37 8672/5/37 8691/5/37
f 8691/5/37 8672/5/37 8692/5/37
f 8673/5/37 8674/5/37 8694/5/37
f 8694/5/37 8674/5/37 8695/5/37
f 8675/5/37 8676/5/37 8697/5/37
f 8697/5/37 8676/5/37 8698/5/37
f 8677/5/37 8678/5/37 8700/5/37
f 8700/5/37 8678/5/37 8701/5/37
f 8679/5/37 8680/5/37 8703/5/37
f 8703/5/37 8680/5/37 8704/5/37
f 8681/5/37 8682/5/37 8705/5/37
f 8705/5/37 8682/5/37 8706/5/37
f 8684/5/37 8685/5/37 8707/5/37
f 8707/5/37 8685/5/37 8708/5/37
f 8687/5/37 8688/5/37 8709/5/37
f 8709/5/37 8688/5/37 8710/5/37
f 8690/5/37 8691/5/37 8711/5/37
f 8711/5/37 8691/5/37 8712/5/37
f 8693/5/37 8694/5/37 8713/5/37
f 8713/5/37 8694/5/37 8714/5/37
f 8696/5/37 8697/5/37 8715/5/37
f 8715/5/37 8697/5/37 8716/5/37
f 8699/5/37 8700/5/37 8717/5/37
f 8717/5/37 8700/5/37 8718/5/37
f 8702/5/37 8703/5/37 8719/5/37
f 8719/5/37 8703/5/37 8720/5/37
f 8721/5/37 8722/5/37 8738/5/37
f 8738/5/37 8722/5/37 8739/5/37
f 8723/5/37 8724/5/37 8741/5/37
f 8741/5/37 8724/5/37 8742/5/37
f 8725/5/37 8726/5/37 8744/5/37
f 8744/5/37 8726/5/37 8745/5/37
f 8727/5/37 8728/5/37 8747/5/37
f 8747/5/37 8728/5/37 8748/5/37
f 8729/5/37 8730/5/37 8750/5/37
f 8750/5/37 8730/5/37 8751/5/37
f 8731/5/37 8732/5/37 8753/5/37
f 8753/5/37 8732/5/37 8754/5/37
f 8733/5/37 8734/5/37 8756/5/37
f 8756/5/37 8734/5/37 8757/5/37
f 8735/5/37 8736/5/37 8759/5/37
f 8759/5/37 8736/5/37 8760/5/37
f 8737/5/37 8738/5/37 8761/5/37
f 8761/5/37 8738/5/37 8762/5/37
f 8740/5/37 8741/5/37 8763/5/37
f 8763/5/37 8741/5/37 8764/5/37
f 8743/5/37 8744/5/37 8765/5/37
f 8765/5/37 8744/5/37 8766/5/37
f 8746/5/37 8747/5/37 8767/5/37
f 8767/5/37 8747/5/37 8768/5/37
f 8749/5/37 8750/5/37 8769/5/37
f 8769/5/37 8750/5/37 8770/5/37
f 8752/5/37 8753/5/37 8771/5/37
f 8771/5/37 8753/5/37 8772/5/37
f 8755/5/37 8756/5/37 8773/5/37
f 8773/5/37 8756/5/37 8774/5/37
f 8758/5/37 8759/5/37 8775/5/37
f 8775/5/37 8759/5/37 8776/5/37
f 8777/5/37 8778/5/37 8794/5/37
f 8794/5/37 8778/5/37 8795/5/37
f 8779/5/37 8780/5/37 8797/5/37
f 8797/5/37 8780/5/37 8798/5/37
f 8781/5/37 8782/5/37 8800/5/37
f 8800/5/37 8782/5/37 8801/5/37
f 8783/5/37 8784/5/37 8803/5/37
f 8803/5/37 8784/5/37 8804/5/37
f 8785/5/37 8786/5/37 8806/5/37
f 8806/5/37 8786/5/37 8807/5/37
f 8787/5/37 8788/5/37 8809/5/37
f 8809/5/37 8788/5/37 8810/5/37
f 8789/5/37 8790/5/37 8812/5/37
f 8812/5/37 8790/5/37 8813/5/37
f 8791/5/37 8792/5/37 8815/5/37
f 8815/5/37 8792/5/37 8816/5/37
f 8793/5/37 8794/5/37 8817/5/37
f 8817/5/37 8794/5/37 8818/5/37
f 8796/5/37 8797/5/37 8819/5/37
f 8819/5/37 8797/5/37 8820/5/37
f 8799/5/37 8800/5/37 8821/5/37
f 8821/5/37 8800/5/37 8822/5/37
f 8802/5/37 8803/5/37 8823/5/37
f 8823/5/37 8803/5/37 8824/5/37
f 8805/5/37 8806/5/37 8825/5/37
f 8825/5/37 8806/5/37 8826/5/37
f 8808/5/37 8809/5/37 8827/5/37
f 8827/5/37 8809/5/37 8828/5/37
f 8811/5/37 8812/5/37 8829/5/37
f 8829/5/37 8812/5/37 8830/5/37
f 8814/5/37 8815/5/37 8831/5/37
f 8831/5/37 8815/5/37 8832/5/37
f 8833/5/37 8834/5/37 8850/5/37
f 8850/5/37 8834/5/37 8851/5/37
f 8835/5/37 8836/5/37 8853/5/37
f 8853/5/37 8836/5/37 8854/5/37
f 8837/5/37 8838/5/37 8856/5/37
f 8856/5/37 8838/5/37 8857/5/37
f 8839/5/37 8840/5/37 8859/5/37
f 8859/5/37 8840/5/37 8860/5/37
f 8841/5/37 8842/5/37 8862/5/37
f 8862/5/37 8842/5/37 8863/5/37
f 8843/5/37 8844/5/37 8865/5/37
f 8865/5/37 8844/5/37 8866/5/37
f 8845/5/37 8846/5/37 8868/5/37
f 8868/5/37 8846/5/37 8869/5/37
f 8847/5/37 8848/5/37 8871/5/37
f 8871/5/37 8848/5/37 8872/5/37
f 8849/5/37 8850/5/37 8873/5/37
f 8873/5/37 8850/5/37 8874/5/37
f 8852/5/37 8853/5/37 8875/5/37
f 8875/5/37 8853/5/37 8876/5/37
f 8855/5/37 8856/5/37 8877/5/37
f 8877/5/37 8856/5/37 8878/5/37
f 8858/5/37 8859/5/37 8879/5/37
f 8879/5/37 8859/5/37 8880/5/37
f 8861/5/37 8862/5/37 8881/5/37
f 8881/5/37 8862/5/37 8882/5/37
f 8864/5/37 8865/5/37 8883/5/37
f 8883/5/37 8865/5/37 8884/5/37
f 8867/5/37 8868/5/37 8885/5/37
f 8885/5/37 8868/5/37 8886/5/37
f 8870/5/37 8871/5/37 8887/5/37
f 8887/5/37 8871/5/37 8888/5/37
f 8889/5/37 8890/5/37 8905/5/37
f 8905/5/37 8890/5/37 8906/5/37
f 8891/5/37 8892/5/37 8907/5/37
f 8907/5/37 8892/5/37 8908/5/37
f 8893/5/37 8894/5/37 8909/5/37
f 8909/5/37 8894/5/37 8910/5/37
f 8895/5/37 8896/5/37 8911/5/37
f 8911/5/37 8896/5/37 8912/5/37
f 8897/5/37 8898/5/37 8913/5/37
f 8913/5/37 8898/5/37 8914/5/37
f 8899/5/37 8900/5/37 8915/5/37
f 8915/5/37 8900/5/37 8916/5/37
f 8901/5/37 8902/5/37 8917/5/37
f 8917/5/37 8902/5/37 8918/5/37
f 8903/5/37 8904/5/37 8919/5/37
f 8919/5/37 8904/5/37 8920/5/37
f 8921/5/37 8922/5/37 8937/5/37
f 8937/5/37 8922/5/37 8938/5/37
f 8923/5/37 8924/5/37 8939/5/37
f 8939/5/37 8924/5/37 8940/5/37
f 8925/5/37 8926/5/37 8941/5/37
f 8941/5/37 8926/5/37 8942/5/37
f 8927/5/37 8928/5/37 8943/5/37
f 8943/5/37 8928/5/37 8944/5/37
f 8929/5/37 8930/5/37 8945/5/37
f 8945/5/37 8930/5/37 8946/5/37
f 8931/5/37 8932/5/37 8947/5/37
f 8947/5/37 8932/5/37 8948/5/37
f 8933/5/37 8934/5/37 8949/5/37
f 8949/5/37 8934/5/37 8950/5/37
f 8935/5/37 8936/5/37 8951/5/37
f 8951/5/37 8936/5/37 8952/5/37
f 8953/5/37 8954/5/37 8969/5/37
f 8969/5/37 8954/5/37 8970/5/37
f 8955/5/37 8956/5/37 8971/5/37
f 8971/5/37 8956/5/37 8972/5/37
f 8957/5/37 8958/5/37 8973/5/37
f 8973/5/37 8958/5/37 8974/5/37
f 8959/5/37 8960/5/37 8975/5/37
f 8975/5/37 8960/5/37 8976/5/37
f 8961/5/37 8962/5/37 8977/5/37
f 8977/5/37 8962/5/37 8978/5/37
f 8963/5/37 8964/5/37 8979/5/37
f 8979/5/37 8964/5/37 8980/5/37
f 8965/5/37 8966/5/37 8981/5/37
f 8981/5/37 8966/5/37 8982/5/37
f 8967/5/37 8968/5/37 8983/5/37
f 8983/5/37 8968/5/37 8984/5/37
f 8985/5/37 8986/5/37 9001/5/37
f 9001/5/37 8986/5/37 9002/5/37
f 8987/5/37 8988/5/37 9003/5/37
f 9003/5/37 8988/5/37 9004/5/37
f 8989/5/37 8990/5/37 9005/5/37
f 9005/5/37 8990/5/37 9006/5/37
f 8991/5/37 8992/5/37 9007/5/37
f 9007/5/37 8992/5/37 9008/5/37
f 8993/5/37 8994/5/37 9009/5/37
f 9009/5/37 8994/5/37 9010/5/37
f 8995/5/37 8996/5/37 9011/5/37
f 9011/5/37 8996/5/37 9012/5/37
f 8997/5/37 8998/5/37 9013/5/37
f 9013/5/37 8998/5/37 9014/5/37
f 8999/5/37 9000/5/37 9015/5/37
f 9015/5/37 9000/5/37 9016/5/37
f 9017/5/37 9018/5/37 9033/5/37
f 9033/5/37 9018/5/37 9034/5/37
f 9019/5/37 9020/5/37 9035/5/37
f 9035/5/37 9020/5/37 9036/5/37
f 9021/5/37 9022/5/37 9037/5/37
f 9037/5/37 9022/5/37 9038/5/37
f 9023/5/37 9024/5/37 9039/5/37
f 9039/5/37 9024/5/37 9040/5/37
f 9025/5/37 9026/5/37 9041/5/37
f 9041/5/37 9026/5/37 9042/5/37
f 9027/5/37 9028/5/37 9043/5/37
f 9043/5/37 9028/5/37 9044/5/37
f 9029/5/37 9030/5/37 9045/5/37
f 9045/5/37 9030/5/37 9046/5/37
f 9031/5/37 9032/5/37 9047/5/37
f 9047/5/37 9032/5/37 9048/5/37
f 9049/5/37 9050/5/37 9065/5/37
f 9065/5/37 9050/5/37 9066/5/37
f 9051/5/37 9052/5/37 9067/5/37
f 9067/5/37 9052/5/37 9068/5/37
f 9053/5/37 9054/5/37 9069/5/37
f 9069/5/37 9054/5/37 9070/5/37
f 9055/5/37 9056/5/37 9071/5/37
f 9071/5/37 9056/5/37 9072/5/37
f 9057/5/37 9058/5/37 9073/5/37
f 9073/5/37 9058/5/37 9074/5/37
f 9059/5/37 9060/5/37 9075/5/37
f 9075/5/37 9060/5/37 9076/5/37
f 9061/5/37 9062/5/37 9077/5/37
f 9077/5/37 9062/5/37 9078/5/37
f 9063/5/37 9064/5/37 9079/5/37
f 9079/5/37 9064/5/37 9080/5/37
f 9081/5/37 9082/5/37 9097/5/37
f 9097/5/37 9082/5/37 9098/5/37
f 9083/5/37 9084/5/37 9099/5/37
f 9099/5/37 9084/5/37 9100/5/37
f 9085/5/37 9086/5/37 9101/5/37
f 9101/5/37 9086/5/37 9102/5/37
f 9087/5/37 9088/5/37 9103/5/37
f 9103/5/37 9088/5/37 9104/5/37
f 9089/5/37 9090/5/37 9105/5/37
f 9105/5/37 9090/5/37 9106/5/37
f 9091/5/37 9092/5/37 9107/5/37
f 9107/5/37 9092/5/37 9108/5/37
f 9093/5/37 9094/5/37 9109/5/37
f 9109/5/37 9094/5/37 9110/5/37
f 9095/5/37 9096/5/37 9111/5/37
f 9111/5/37 9096/5/37 9112/5/37
f 9113/5/37 9114/5/37 9129/5/37
f 9129/5/37 9114/5/37 9130/5/37
f 9115/5/37 9116/5/37 9131/5/37
f 9131/5/37 9116/5/37 9132/5/37
f 9117/5/37 9118/5/37 9133/5/37
f 9133/5/37 9118/5/37 9134/5/37
f 9119/5/37 9120/5/37 9135/5/37
f 9135/5/37 9120/5/37 9136/5/37
f 9121/5/37 9122/5/37 9137/5/37
f 9137/5/37 9122/5/37 9138/5/37
f 9123/5/37 9124/5/37 9139/5/37
f 9139/5/37 9124/5/37 9140/5/37
f 9125/5/37 9126/5/37 9141/5/37
f 9141/5/37 9126/5/37 9142/5/37
f 9127/5/37 9128/5/37 9143/5/37
f 9143/5/37 9128/5/37 9144/5/37
o Untitled.003
v -15.600000 0.000001 17.600000
v -15.600000 0.000000 1.600000
v -15.600000 0.300001 17.600000
v -15.600000 0.300001 17.500000
v -15.600000 0.300001 15.700000
v -15.600000 0.300001 15.500000
v -15.600000 0.300001 13.700000
v -15.600000 0.300001 13.500000
v -15.600000 0.300001 11.700000
v -15.600000 0.300001 11.500000
v -15.600000 0.300001 9.700000
v -15.600000 0.300001 9.500000
v -15.600000 0.300001 7.700000
v -15.600000 0.300001 7.500000
v -15.600000 0.300000 5.700000
v -15.600000 0.300000 5.500000
v -15.600000 0.300000 3.700000
v -15.600000 0.300000 3.500000
v -15.600000 0.300000 1.700000
v -15.600000 0.300000 1.600000
v -15.600000 0.400001 17.600000
v -15.600000 0.400001 17.500000
v -15.600000 0.400001 15.700000
v -15.600000 0.400001 15.500000
v -15.600000 0.400001 13.700000
v -15.600000 0.400001 13.500000
v -15.600000 0.400001 11.700000
v -15.600000 0.400001 11.500000
v -15.600000 0.400001 9.700000
v -15.600000 0.400001 9.500000
v -15.600000 0.400001 7.700000
v -15.600000 0.400001 7.500000
v -15.600000 0.400000 5.700000
v -15.600000 0.400000 5.500000
v -15.600000 0.400000 3.700000
v -15.600000 0.400000 3.500000
v -15.600000 0.400000 1.700000
v -15.600000 0.400000 1.600000
v -15.600000 0.500001 17.500000
v -15.600000 0.500001 15.700000
v -15.600000 0.500001 15.500000
v -15.600000 0.500001 13.700000
v -15.600000 0.500001 13.500000
v -15.600000 0.500001 11.700000
v -15.600000 0.500001 11.500000
v -15.600000 0.500001 9.700000
v -15.600000 0.500001 9.500000
v -15.600000 0.500001 7.700000
v -15.600000 0.500001 7.500000
v -15.600000 0.500000 5.700000
v -15.600000 0.500000 5.500000
v -15.600000 0.500000 3.700000
v -15.600000 0.500000 3.500000
v -15.600000 0.500000 1.700000
v -15.500000 0.400001 17.600000
v -15.500000 0.400001 17.500000
v -15.500000 0.400001 15.600000
v -15.500000 0.400001 15.500000
v -15.500000 0.400001 13.600000
v -15.500000 0.400001 13.500000
v -15.500000 0.400001 11.600000
v -15.500000 0.400001 11.500000
v -15.500000 0.400001 9.600000
v -15.500000 0.400001 9.500000
v -15.500000 0.400001 7.600000
v -15.500000 0.400001 7.500000
v -15.500000 0.400000 5.600000
v -15.500000 0.400000 5.500000
v -15.500000 0.400000 3.600000
v -15.500000 0.400000 3.500000
v -15.500000 0.500001 17.600000
v -15.500000 0.500001 17.500000
v -15.500000 0.500001 15.700000
v -15.500000 0.500001 15.600000
v -15.500000 0.500001 15.500000
v -15.500000 0.500001 13.700000
v -15.500000 0.500001 13.600000
v -15.500000 0.500001 13.500000
v -15.500000 0.500001 11.700000
v -15.500000 0.500001 11.600000
v -15.500000 0.500001 11.500000
v -15.500000 0.500001 9.700000
v -15.500000 0.500001 9.600000
v -15.500000 0.500001 9.500000
v -15.500000 0.500001 7.700000
v -15.500000 0.500001 7.600000
v -15.500000 0.500001 7.500000
v -15.500000 0.500000 5.700000
v -15.500000 0.500000 5.600000
v -15.500000 0.500000 5.500000
v -15.500000 0.500000 3.700000
v -15.500000 0.500000 3.600000
v -15.500000 0.500000 3.500000
v -15.500000 0.500000 1.700000
v -15.500000 0.600001 17.500000
v -15.500000 0.600001 15.700000
v -15.500000 0.600001 15.500000
v -15.500000 0.600001 13.700000
v -15.500000 0.600001 13.500000
v -15.500000 0.600001 11.700000
v -15.500000 0.600001 11.500000
v -15.500000 0.600001 9.700000
v -15.500000 0.600001 9.500000
v -15.500000 0.600001 7.700000
v -15.500000 0.600001 7.500000
v -15.500000 0.600000 5.700000
v -15.500000 0.600000 5.500000
v -15.500000 0.600000 3.700000
v -15.500000 0.600000 3.500000
v -15.500000 0.600000 1.700000
v -13.600000 0.400001 17.500000
v -13.600000 0.400001 15.700000
v -13.600000 0.400001 15.500000
v -13.600000 0.400001 13.700000
v -13.600000 0.400001 13.500000
v -13.600000 0.400001 11.700000
v -13.600000 0.400001 11.500000
v -13.600000 0.400001 9.700000
v -13.600000 0.400001 9.500000
v -13.600000 0.400001 7.700000
v -13.600000 0.400001 7.500000
v -13.600000 0.400000 5.700000
v -13.600000 0.400000 5.500000
v -13.600000 0.400000 3.700000
v -13.600000 0.400000 3.500000
v -13.600000 0.400000 1.700000
v -13.600000 0.500001 17.500000
v -13.600000 0.500001 15.700000
v -13.600000 0.500001 15.500000
v -13.600000 0.500001 13.700000
v -13.600000 0.500001 13.500000
v -13.600000 0.500001 11.700000
v -13.600000 0.500001 11.500000
v -13.600000 0.500001 9.700000
v -13.600000 0.500001 9.500000
v -13.600000 0.500001 7.700000
v -13.600000 0.500001 7.500000
v -13.600000 0.500000 5.700000
v -13.600000 0.500000 5.500000
v -13.600000 0.500000 3.700000
v -13.600000 0.500000 3.500000
v -13.600000 0.500000 1.700000
v -13.500000 0.400001 17.600000
v -13.500000 0.400001 17.500000
v -13.500000 0.400001 15.600000
v -13.500000 0.400001 15.500000
v -13.500000 0.400001 13.600000
v -13.500000 0.400001 13.500000
v -13.500000 0.400001 11.600000
v -13.500000 0.400001 11.500000
v -13.500000 0.400001 9.600000
v -13.500000 0.400001 9.500000
v -13.500000 0.400001 7.600000
v -13.500000 0.400001 7.500000
v -13.500000 0.400000 5.600000
v -13.500000 0.400000 5.500000
v -13.500000 0.400000 3.600000
v -13.500000 0.400000 3.500000
v -13.500000 0.500001 17.600000
v -13.500000 0.500001 17.500000
v -13.500000 0.500001 15.700000
v -13.500000 0.500001 15.600000
v -13.500000 0.500001 15.500000
v -13.500000 0.500001 13.700000
v -13.500000 0.500001 13.600000
v -13.500000 0.500001 13.500000
v -13.500000 0.500001 11.700000
v -13.500000 0.500001 11.600000
v -13.500000 0.500001 11.500000
v -13.500000 0.500001 9.700000
v -13.500000 0.500001 9.600000
v -13.500000 0.500001 9.500000
v -13.500000 0.500001 7.700000
v -13.500000 0.500001 7.600000
v -13.500000 0.500001 7.500000
v -13.500000 0.500000 5.700000
v -13.500000 0.500000 5.600000
v -13.500000 0.500000 5.500000
v -13.500000 0.500000 3.700000
v -13.500000 0.500000 3.600000
v -13.500000 0.500000 3.500000
v -13.500000 0.500000 1.700000
v -13.500000 0.600001 17.500000
v -13.500000 0.600001 15.700000
v -13.500000 0.600001 15.500000
v -13.500000 0.600001 13.700000
v -13.500000 0.600001 13.500000
v -13.500000 0.600001 11.700000
v -13.500000 0.600001 11.500000
v -13.500000 0.600001 9.700000
v -13.500000 0.600001 9.500000
v -13.500000 0.600001 7.700000
v -13.500000 0.600001 7.500000
v -13.500000 0.600000 5.700000
v -13.500000 0.600000 5.500000
v -13.500000 0.600000 3.700000
v -13.500000 0.600000 3.500000
v -13.500000 0.600000 1.700000
v -11.600000 0.400001 17.500000
v -11.600000 0.400001 15.700000
v -11.600000 0.400001 15.500000
v -11.600000 0.400001 13.700000
v -11.600000 0.400001 13.500000
v -11.600000 0.400001 11.700000
v -11.600000 0.400001 11.500000
v -11.600000 0.400001 9.700000
v -11.600000 0.400001 9.500000
v -11.600000 0.400001 7.700000
v -11.600000 0.400001 7.500000
v -11.600000 0.400000 5.700000
v -11.600000 0.400000 5.500000
v -11.600000 0.400000 3.700000
v -11.600000 0.400000 3.500000
v -11.600000 0.400000 1.700000
v -11.600000 0.500001 17.500000
v -11.600000 0.500001 15.700000
v -11.600000 0.500001 15.500000
v -11.600000 0.500001 13.700000
v -11.600000 0.500001 13.500000
v -11.600000 0.500001 11.700000
v -11.600000 0.500001 11.500000
v -11.600000 0.500001 9.700000
v -11.600000 0.500001 9.500000
v -11.600000 0.500001 7.700000
v -11.600000 0.500001 7.500000
v -11.600000 0.500000 5.700000
v -11.600000 0.500000 5.500000
v -11.600000 0.500000 3.700000
v -11.600000 0.500000 3.500000
v -11.600000 0.500000 1.700000
v -11.500000 0.400001 17.600000
v -11.500000 0.400001 17.500000
v -11.500000 0.400001 15.600000
v -11.500000 0.400001 15.500000
v -11.500000 0.400001 13.600000
v -11.500000 0.400001 13.500000
v -11.500000 0.400001 11.600000
v -11.500000 0.400001 11.500000
v -11.500000 0.400001 9.600000
v -11.500000 0.400001 9.500000
v -11.500000 0.400001 7.600000
v -11.500000 0.400001 7.500000
v -11.500000 0.400000 5.600000
v -11.500000 0.400000 5.500000
v -11.500000 0.400000 3.600000
v -11.500000 0.400000 3.500000
v -11.500000 0.500001 17.600000
v -11.500000 0.500001 17.500000
v -11.500000 0.500001 15.700000
v -11.500000 0.500001 15.600000
v -11.500000 0.500001 15.500000
v -11.500000 0.500001 13.700000
v -11.500000 0.500001 13.600000
v -11.500000 0.500001 13.500000
v -11.500000 0.500001 11.700000
v -11.500000 0.500001 11.600000
v -11.500000 0.500001 11.500000
v -11.500000 0.500001 9.700000
v -11.500000 0.500001 9.600000
v -11.500000 0.500001 9.500000
v -11.500000 0.500001 7.700000
v -11.500000 0.500001 7.600000
v -11.500000 0.500001 7.500000
v -11.500000 0.500000 5.700000
v -11.500000 0.500000 5.600000
v -11.500000 0.500000 5.500000
v -11.500000 0.500000 3.700000
v -11.500000 0.500000 3.600000
v -11.500000 0.500000 3.500000
v -11.500000 0.500000 1.700000
v -11.500000 0.600001 17.500000
v -11.500000 0.600001 15.700000
v -11.500000 0.600001 15.500000
v -11.500000 0.600001 13.700000
v -11.500000 0.600001 13.500000
v -11.500000 0.600001 11.700000
v -11.500000 0.600001 11.500000
v -11.500000 0.600001 9.700000
v -11.500000 0.600001 9.500000
v -11.500000 0.600001 7.700000
v -11.500000 0.600001 7.500000
v -11.500000 0.600000 5.700000
v -11.500000 0.600000 5.500000
v -11.500000 0.600000 3.700000
v -11.500000 0.600000 3.500000
v -11.500000 0.600000 1.700000
v -9.600000 0.400001 17.500000
v -9.600000 0.400001 15.700000
v -9.600000 0.400001 15.500000
v -9.600000 0.400001 13.700000
v -9.600000 0.400001 13.500000
v -9.600000 0.400001 11.700000
v -9.600000 0.400001 11.500000
v -9.600000 0.400001 9.700000
v -9.600000 0.400001 9.500000
v -9.600000 0.400001 7.700000
v -9.600000 0.400001 7.500000
v -9.600000 0.400000 5.700000
v -9.600000 0.400000 5.500000
v -9.600000 0.400000 3.700000
v -9.600000 0.400000 3.500000
v -9.600000 0.400000 1.700000
v -9.600000 0.500001 17.500000
v -9.600000 0.500001 15.700000
v -9.600000 0.500001 15.500000
v -9.600000 0.500001 13.700000
v -9.600000 0.500001 13.500000
v -9.600000 0.500001 11.700000
v -9.600000 0.500001 11.500000
v -9.600000 0.500001 9.700000
v -9.600000 0.500001 9.500000
v -9.600000 0.500001 7.700000
v -9.600000 0.500001 7.500000
v -9.600000 0.500000 5.700000
v -9.600000 0.500000 5.500000
v -9.600000 0.500000 3.700000
v -9.600000 0.500000 3.500000
v -9.600000 0.500000 1.700000
v -9.500000 0.400001 17.600000
v -9.500000 0.400001 17.500000
v -9.500000 0.400001 15.600000
v -9.500000 0.400001 15.500000
v -9.500000 0.400001 13.600000
v -9.500000 0.400001 13.500000
v -9.500000 0.400001 11.600000
v -9.500000 0.400001 11.500000
v -9.500000 0.400001 9.600000
v -9.500000 0.400001 9.500000
v -9.500000 0.400001 7.600000
v -9.500000 0.400001 7.500000
v -9.500000 0.400000 5.600000
v -9.500000 0.400000 5.500000
v -9.500000 0.400000 3.600000
v -9.500000 0.400000 3.500000
v -9.500000 0.500001 17.600000
v -9.500000 0.500001 17.500000
v -9.500000 0.500001 15.700000
v -9.500000 0.500001 15.600000
v -9.500000 0.500001 15.500000
v -9.500000 0.500001 13.700000
v -9.500000 0.500001 13.600000
v -9.500000 0.500001 13.500000
v -9.500000 0.500001 11.700000
v -9.500000 0.500001 11.600000
v -9.500000 0.500001 11.500000
v -9.500000 0.500001 9.700000
v -9.500000 0.500001 9.600000
v -9.500000 0.500001 9.500000
v -9.500000 0.500001 7.700000
v -9.500000 0.500001 7.600000
v -9.500000 0.500001 7.500000
v -9.500000 0.500000 5.700000
v -9.500000 0.500000 5.600000
v -9.500000 0.500000 5.500000
v -9.500000 0.500000 3.700000
v -9.500000 0.500000 3.600000
v -9.500000 0.500000 3.500000
v -9.500000 0.500000 1.700000
v -9.500000 0.600001 17.500000
v -9.500000 0.600001 15.700000
v -9.500000 0.600001 15.500000
v -9.500000 0.600001 13.700000
v -9.500000 0.600001 13.500000
v -9.500000 0.600001 11.700000
v -9.500000 0.600001 11.500000
v -9.500000 0.600001 9.700000
v -9.500000 0.600001 9.500000
v -9.500000 0.600001 7.700000
v -9.500000 0.600001 7.500000
v -9.500000 0.600000 5.700000
v -9.500000 0.600000 5.500000
v -9.500000 0.600000 3.700000
v -9.500000 0.600000 3.500000
v -9.500000 0.600000 1.700000
v -7.600000 0.400001 17.500000
v -7.600000 0.400001 15.700000
v -7.600000 0.400001 15.500000
v -7.600000 0.400001 13.700000
v -7.600000 0.400001 13.500000
v -7.600000 0.400001 11.700000
v -7.600000 0.400001 11.500000
v -7.600000 0.400001 9.700000
v -7.600000 0.400001 9.500000
v -7.600000 0.400001 7.700000
v -7.600000 0.400001 7.500000
v -7.600000 0.400000 5.700000
v -7.600000 0.400000 5.500000
v -7.600000 0.400000 3.700000
v -7.600000 0.400000 3.500000
v -7.600000 0.400000 1.700000
v -7.600000 0.500001 17.500000
v -7.600000 0.500001 15.700000
v -7.600000 0.500001 15.500000
v -7.600000 0.500001 13.700000
v -7.600000 0.500001 13.500000
v -7.600000 0.500001 11.700000
v -7.600000 0.500001 11.500000
v -7.600000 0.500001 9.700000
v -7.600000 0.500001 9.500000
v -7.600000 0.500001 7.700000
v -7.600000 0.500001 7.500000
v -7.600000 0.500000 5.700000
v -7.600000 0.500000 5.500000
v -7.600000 0.500000 3.700000
v -7.600000 0.500000 3.500000
v -7.600000 0.500000 1.700000
v -7.500000 0.400001 17.600000
v -7.500000 0.400001 17.500000
v -7.500000 0.400001 15.600000
v -7.500000 0.400001 15.500000
v -7.500000 0.400001 13.600000
v -7.500000 0.400001 13.500000
v -7.500000 0.400001 11.600000
v -7.500000 0.400001 11.500000
v -7.500000 0.400001 9.600000
v -7.500000 0.400001 9.500000
v -7.500000 0.400001 7.600000
v -7.500000 0.400001 7.500000
v -7.500000 0.400000 5.600000
v -7.500000 0.400000 5.500000
v -7.500000 0.400000 3.600000
v -7.500000 0.400000 3.500000
v -7.500000 0.500001 17.600000
v -7.500000 0.500001 17.500000
v -7.500000 0.500001 15.700000
v -7.500000 0.500001 15.600000
v -7.500000 0.500001 15.500000
v -7.500000 0.500001 13.700000
v -7.500000 0.500001 13.600000
v -7.500000 0.500001 13.500000
v -7.500000 0.500001 11.700000
v -7.500000 0.500001 11.600000
v -7.500000 0.500001 11.500000
v -7.500000 0.500001 9.700000
v -7.500000 0.500001 9.600000
v -7.500000 0.500001 9.500000
v -7.500000 0.500001 7.700000
v -7.500000 0.500001 7.600000
v -7.500000 0.500001 7.500000
v -7.500000 0.500000 5.700000
v -7.500000 0.500000 5.600000
v -7.500000 0.500000 5.500000
v -7.500000 0.500000 3.700000
v -7.500000 0.500000 3.600000
v -7.500000 0.500000 3.500000
v -7.500000 0.500000 1.700000
v -7.500000 0.600001 17.500000
v -7.500000 0.600001 15.700000
v -7.500000 0.600001 15.500000
v -7.500000 0.600001 13.700000
v -7.500000 0.600001 13.500000
v -7.500000 0.600001 11.700000
v -7.500000 0.600001 11.500000
v -7.500000 0.600001 9.700000
v -7.500000 0.600001 9.500000
v -7.500000 0.600001 7.700000
v -7.500000 0.600001 7.500000
v -7.500000 0.600000 5.700000
v -7.500000 0.600000 5.500000
v -7.500000 0.600000 3.700000
v -7.500000 0.600000 3.500000
v -7.500000 0.600000 1.700000
v -5.600000 0.400001 17.500000
v -5.600000 0.400001 15.700000
v -5.600000 0.400001 15.500000
v -5.600000 0.400001 13.700000
v -5.600000 0.400001 13.500000
v -5.600000 0.400001 11.700000
v -5.600000 0.400001 11.500000
v -5.600000 0.400001 9.700000
v -5.600000 0.400001 9.500000
v -5.600000 0.400001 7.700000
v -5.600000 0.400001 7.500000
v -5.600000 0.400000 5.700000
v -5.600000 0.400000 5.500000
v -5.600000 0.400000 3.700000
v -5.600000 0.400000 3.500000
v -5.600000 0.400000 1.700000
v -5.600000 0.500001 17.500000
v -5.600000 0.500001 15.700000
v -5.600000 0.500001 15.500000
v -5.600000 0.500001 13.700000
v -5.600000 0.500001 13.500000
v -5.600000 0.500001 11.700000
v -5.600000 0.500001 11.500000
v -5.600000 0.500001 9.700000
v -5.600000 0.500001 9.500000
v -5.600000 0.500001 7.700000
v -5.600000 0.500001 7.500000
v -5.600000 0.500000 5.700000
v -5.600000 0.500000 5.500000
v -5.600000 0.500000 3.700000
v -5.600000 0.500000 3.500000
v -5.600000 0.500000 1.700000
v -5.500000 0.400001 17.600000
v -5.500000 0.400001 17.500000
v -5.500000 0.400001 15.600000
v -5.500000 0.400001 15.500000
v -5.500000 0.400001 13.600000
v -5.500000 0.400001 13.500000
v -5.500000 0.400001 11.600000
v -5.500000 0.400001 11.500000
v -5.500000 0.400001 9.600000
v -5.500000 0.400001 9.500000
v -5.500000 0.400001 7.600000
v -5.500000 0.400001 7.500000
v -5.500000 0.400000 5.600000
v -5.500000 0.400000 5.500000
v -5.500000 0.400000 3.600000
v -5.500000 0.400000 3.500000
v -5.500000 0.500001 17.600000
v -5.500000 0.500001 17.500000
v -5.500000 0.500001 15.700000
v -5.500000 0.500001 15.600000
v -5.500000 0.500001 15.500000
v -5.500000 0.500001 13.700000
v -5.500000 0.500001 13.600000
v -5.500000 0.500001 13.500000
v -5.500000 0.500001 11.700000
v -5.500000 0.500001 11.600000
v -5.500000 0.500001 11.500000
v -5.500000 0.500001 9.700000
v -5.500000 0.500001 9.600000
v -5.500000 0.500001 9.500000
v -5.500000 0.500001 7.700000
v -5.500000 0.500001 7.600000
v -5.500000 0.500001 7.500000
v -5.500000 0.500000 5.700000
v -5.500000 0.500000 5.600000
v -5.500000 0.500000 5.500000
v -5.500000 0.500000 3.700000
v -5.500000 0.500000 3.600000
v -5.500000 0.500000 3.500000
v -5.500000 0.500000 1.700000
v -5.500000 0.600001 17.500000
v -5.500000 0.600001 15.700000
v -5.500000 0.600001 15.500000
v -5.500000 0.600001 13.700000
v -5.500000 0.600001 13.500000
v -5.500000 0.600001 11.700000
v -5.500000 0.600001 11.500000
v -5.500000 0.600001 9.700000
v -5.500000 0.600001 9.500000
v -5.500000 0.600001 7.700000
v -5.500000 0.600001 7.500000
v -5.500000 0.600000 5.700000
v -5.500000 0.600000 5.500000
v -5.500000 0.600000 3.700000
v -5.500000 0.600000 3.500000
v -5.500000 0.600000 1.700000
v -3.600000 0.400001 17.500000
v -3.600000 0.400001 15.700000
v -3.600000 0.400001 15.500000
v -3.600000 0.400001 13.700000
v -3.600000 0.400001 13.500000
v -3.600000 0.400001 11.700000
v -3.600000 0.400001 11.500000
v -3.600000 0.400001 9.700000
v -3.600000 0.400001 9.500000
v -3.600000 0.400001 7.700000
v -3.600000 0.400001 7.500000
v -3.600000 0.400000 5.700000
v -3.600000 0.400000 5.500000
v -3.600000 0.400000 3.700000
v -3.600000 0.400000 3.500000
v -3.600000 0.400000 1.700000
v -3.600000 0.500001 17.500000
v -3.600000 0.500001 15.700000
v -3.600000 0.500001 15.500000
v -3.600000 0.500001 13.700000
v -3.600000 0.500001 13.500000
v -3.600000 0.500001 11.700000
v -3.600000 0.500001 11.500000
v -3.600000 0.500001 9.700000
v -3.600000 0.500001 9.500000
v -3.600000 0.500001 7.700000
v -3.600000 0.500001 7.500000
v -3.600000 0.500000 5.700000
v -3.600000 0.500000 5.500000
v -3.600000 0.500000 3.700000
v -3.600000 0.500000 3.500000
v -3.600000 0.500000 1.700000
v -3.500000 0.400001 17.600000
v -3.500000 0.400001 17.500000
v -3.500000 0.400001 15.600000
v -3.500000 0.400001 15.500000
v -3.500000 0.400001 13.600000
v -3.500000 0.400001 13.500000
v -3.500000 0.400001 11.600000
v -3.500000 0.400001 11.500000
v -3.500000 0.400001 9.600000
v -3.500000 0.400001 9.500000
v -3.500000 0.400001 7.600000
v -3.500000 0.400001 7.500000
v -3.500000 0.400000 5.600000
v -3.500000 0.400000 5.500000
v -3.500000 0.400000 3.600000
v -3.500000 0.400000 3.500000
v -3.500000 0.500001 17.600000
v -3.500000 0.500001 17.500000
v -3.500000 0.500001 15.700000
v -3.500000 0.500001 15.600000
v -3.500000 0.500001 15.500000
v -3.500000 0.500001 13.700000
v -3.500000 0.500001 13.600000
v -3.500000 0.500001 13.500000
v -3.500000 0.500001 11.700000
v -3.500000 0.500001 11.600000
v -3.500000 0.500001 11.500000
v -3.500000 0.500001 9.700000
v -3.500000 0.500001 9.600000
v -3.500000 0.500001 9.500000
v -3.500000 0.500001 7.700000
v -3.500000 0.500001 7.600000
v -3.500000 0.500001 7.500000
v -3.500000 0.500000 5.700000
v -3.500000 0.500000 5.600000
v -3.500000 0.500000 5.500000
v -3.500000 0.500000 3.700000
v -3.500000 0.500000 3.600000
v -3.500000 0.500000 3.500000
v -3.500000 0.500000 1.700000
v -3.500000 0.600001 17.500000
v -3.500000 0.600001 15.700000
v -3.500000 0.600001 15.500000
v -3.500000 0.600001 13.700000
v -3.500000 0.600001 13.500000
v -3.500000 0.600001 11.700000
v -3.500000 0.600001 11.500000
v -3.500000 0.600001 9.700000
v -3.500000 0.600001 9.500000
v -3.500000 0.600001 7.700000
v -3.500000 0.600001 7.500000
v -3.500000 0.600000 5.700000
v -3.500000 0.600000 5.500000
v -3.500000 0.600000 3.700000
v -3.500000 0.600000 3.500000
v -3.500000 0.600000 1.700000
v -1.600000 0.400001 17.500000
v -1.600000 0.400001 15.700000
v -1.600000 0.400001 15.500000
v -1.600000 0.400001 13.700000
v -1.600000 0.400001 13.500000
v -1.600000 0.400001 11.700000
v -1.600000 0.400001 11.500000
v -1.600000 0.400001 9.700000
v -1.600000 0.400001 9.500000
v -1.600000 0.400001 7.700000
v -1.600000 0.400001 7.500000
v -1.600000 0.400000 5.700000
v -1.600000 0.400000 5.500000
v -1.600000 0.400000 3.700000
v -1.600000 0.400000 3.500000
v -1.600000 0.400000 1.700000
v -1.600000 0.500001 17.500000
v -1.600000 0.500001 15.700000
v -1.600000 0.500001 15.500000
v -1.600000 0.500001 13.700000
v -1.600000 0.500001 13.500000
v -1.600000 0.500001 11.700000
v -1.600000 0.500001 11.500000
v -1.600000 0.500001 9.700000
v -1.600000 0.500001 9.500000
v -1.600000 0.500001 7.700000
v -1.600000 0.500001 7.500000
v -1.600000 0.500000 5.700000
v -1.600000 0.500000 5.500000
v -1.600000 0.500000 3.700000
v -1.600000 0.500000 3.500000
v -1.600000 0.500000 1.700000
v -1.500000 0.400001 17.600000
v -1.500000 0.400001 17.500000
v -1.500000 0.400001 15.600000
v -1.500000 0.400001 15.500000
v -1.500000 0.400001 13.600000
v -1.500000 0.400001 13.500000
v -1.500000 0.400001 11.600000
v -1.500000 0.400001 11.500000
v -1.500000 0.400001 9.600000
v -1.500000 0.400001 9.500000
v -1.500000 0.400001 7.600000
v -1.500000 0.400001 7.500000
v -1.500000 0.400000 5.600000
v -1.500000 0.400000 5.500000
v -1.500000 0.400000 3.600000
v -1.500000 0.400000 3.500000
v -1.500000 0.500001 17.600000
v -1.500000 0.500001 17.500000
v -1.500000 0.500001 15.700000
v -1.500000 0.500001 15.600000
v -1.500000 0.500001 15.500000
v -1.500000 0.500001 13.700000
v -1.500000 0.500001 13.600000
v -1.500000 0.500001 13.500000
v -1.500000 0.500001 11.700000
v -1.500000 0.500001 11.600000
v -1.500000 0.500001 11.500000
v -1.500000 0.500001 9.700000
v -1.500000 0.500001 9.600000
v -1.500000 0.500001 9.500000
v -1.500000 0.500001 7.700000
v -1.500000 0.500001 7.600000
v -1.500000 0.500001 7.500000
v -1.500000 0.500000 5.700000
v -1.500000 0.500000 5.600000
v -1.500000 0.500000 5.500000
v -1.500000 0.500000 3.700000
v -1.500000 0.500000 3.600000
v -1.500000 0.500000 3.500000
v -1.500000 0.500000 1.700000
v -1.500000 0.600001 17.500000
v -1.500000 0.600001 15.700000
v -1.500000 0.600001 15.500000
v -1.500000 0.600001 13.700000
v -1.500000 0.600001 13.500000
v -1.500000 0.600001 11.700000
v -1.500000 0.600001 11.500000
v -1.500000 0.600001 9.700000
v -1.500000 0.600001 9.500000
v -1.500000 0.600001 7.700000
v -1.500000 0.600001 7.500000
v -1.500000 0.600000 5.700000
v -1.500000 0.600000 5.500000
v -1.500000 0.600000 3.700000
v -1.500000 0.600000 3.500000
v -1.500000 0.600000 1.700000
v 0.400000 0.400001 17.500000
v 0.400000 0.400001 15.700000
v 0.400000 0.400001 15.500000
v 0.400000 0.400001 13.700000
v 0.400000 0.400001 13.500000
v 0.400000 0.400001 11.700000
v 0.400000 0.400001 11.500000
v 0.400000 0.400001 9.700000
v 0.400000 0.400001 9.500000
v 0.400000 0.400001 7.700000
v 0.400000 0.400001 7.500000
v 0.400000 0.400000 5.700000
v 0.400000 0.400000 5.500000
v 0.400000 0.400000 3.700000
v 0.400000 0.400000 3.500000
v 0.400000 0.400000 1.700000
v 0.400000 0.500001 17.500000
v 0.400000 0.500001 15.700000
v 0.400000 0.500001 15.500000
v 0.400000 0.500001 13.700000
v 0.400000 0.500001 13.500000
v 0.400000 0.500001 11.700000
v 0.400000 0.500001 11.500000
v 0.400000 0.500001 9.700000
v 0.400000 0.500001 9.500000
v 0.400000 0.500001 7.700000
v 0.400000 0.500001 7.500000
v 0.400000 0.500000 5.700000
v 0.400000 0.500000 5.500000
v 0.400000 0.500000 3.700000
v 0.400000 0.500000 3.500000
v 0.400000 0.500000 1.700000
v 0.500000 0.400001 17.600000
v 0.500000 0.400001 17.500000
v 0.500000 0.400001 15.600000
v 0.500000 0.400001 15.500000
v 0.500000 0.400001 13.600000
v 0.500000 0.400001 13.500000
v 0.500000 0.400001 11.600000
v 0.500000 0.400001 11.500000
v 0.500000 0.400001 9.600000
v 0.500000 0.400001 9.500000
v 0.500000 0.400001 7.600000
v 0.500000 0.400001 7.500000
v 0.500000 0.400000 5.600000
v 0.500000 0.400000 5.500000
v 0.500000 0.400000 3.600000
v 0.500000 0.400000 3.500000
v 0.500000 0.500001 17.600000
v 0.500000 0.500001 17.500000
v 0.500000 0.500001 15.700000
v 0.500000 0.500001 15.600000
v 0.500000 0.500001 15.500000
v 0.500000 0.500001 13.700000
v 0.500000 0.500001 13.600000
v 0.500000 0.500001 13.500000
v 0.500000 0.500001 11.700000
v 0.500000 0.500001 11.600000
v 0.500000 0.500001 11.500000
v 0.500000 0.500001 9.700000
v 0.500000 0.500001 9.600000
v 0.500000 0.500001 9.500000
v 0.500000 0.500001 7.700000
v 0.500000 0.500001 7.600000
v 0.500000 0.500001 7.500000
v 0.500000 0.500000 5.700000
v 0.500000 0.500000 5.600000
v 0.500000 0.500000 5.500000
v 0.500000 0.500000 3.700000
v 0.500000 0.500000 3.600000
v 0.500000 0.500000 3.500000
v 0.500000 0.500000 1.700000
v 0.500000 0.600001 17.500000
v 0.500000 0.600001 15.700000
v 0.500000 0.600001 15.500000
v 0.500000 0.600001 13.700000
v 0.500000 0.600001 13.500000
v 0.500000 0.600001 11.700000
v 0.500000 0.600001 11.500000
v 0.500000 0.600001 9.700000
v 0.500000 0.600001 9.500000
v 0.500000 0.600001 7.700000
v 0.500000 0.600001 7.500000
v 0.500000 0.600000 5.700000
v 0.500000 0.600000 5.500000
v 0.500000 0.600000 3.700000
v 0.500000 0.600000 3.500000
v 0.500000 0.600000 1.700000
v 2.400000 0.400001 17.500000
v 2.400000 0.400001 15.700000
v 2.400000 0.400001 15.500000
v 2.400000 0.400001 13.700000
v 2.400000 0.400001 13.500000
v 2.400000 0.400001 11.700000
v 2.400000 0.400001 11.500000
v 2.400000 0.400001 9.700000
v 2.400000 0.400001 9.500000
v 2.400000 0.400001 7.700000
v 2.400000 0.400001 7.500000
v 2.400000 0.400000 5.700000
v 2.400000 0.400000 5.500000
v 2.400000 0.400000 3.700000
v 2.400000 0.400000 3.500000
v 2.400000 0.400000 1.700000
v 2.400000 0.500001 17.500000
v 2.400000 0.500001 15.700000
v 2.400000 0.500001 15.500000
v 2.400000 0.500001 13.700000
v 2.400000 0.500001 13.500000
v 2.400000 0.500001 11.700000
v 2.400000 0.500001 11.500000
v 2.400000 0.500001 9.700000
v 2.400000 0.500001 9.500000
v 2.400000 0.500001 7.700000
v 2.400000 0.500001 7.500000
v 2.400000 0.500000 5.700000
v 2.400000 0.500000 5.500000
v 2.400000 0.500000 3.700000
v 2.400000 0.500000 3.500000
v 2.400000 0.500000 1.700000
v 2.500000 0.400001 17.600000
v 2.500000 0.400001 17.500000
v 2.500000 0.400001 15.600000
v 2.500000 0.400001 15.500000
v 2.500000 0.400001 13.600000
v 2.500000 0.400001 13.500000
v 2.500000 0.400001 11.600000
v 2.500000 0.400001 11.500000
v 2.500000 0.400001 9.600000
v 2.500000 0.400001 9.500000
v 2.500000 0.400001 7.600000
v 2.500000 0.400001 7.500000
v 2.500000 0.400000 5.600000
v 2.500000 0.400000 5.500000
v 2.500000 0.400000 3.600000
v 2.500000 0.400000 3.500000
v 2.500000 0.500001 17.600000
v 2.500000 0.500001 17.500000
v 2.500000 0.500001 15.700000
v 2.500000 0.500001 15.600000
v 2.500000 0.500001 15.500000
v 2.500000 0.500001 13.700000
v 2.500000 0.500001 13.600000
v 2.500000 0.500001 13.500000
v 2.500000 0.500001 11.700000
v 2.500000 0.500001 11.600000
v 2.500000 0.500001 11.500000
v 2.500000 0.500001 9.700000
v 2.500000 0.500001 9.600000
v 2.500000 0.500001 9.500000
v 2.500000 0.500001 7.700000
v 2.500000 0.500001 7.600000
v 2.500000 0.500001 7.500000
v 2.500000 0.500000 5.700000
v 2.500000 0.500000 5.600000
v 2.500000 0.500000 5.500000
v 2.500000 0.500000 3.700000
v 2.500000 0.500000 3.600000
v 2.500000 0.500000 3.500000
v 2.500000 0.500000 1.700000
v 2.500000 0.600001 17.500000
v 2.500000 0.600001 15.700000
v 2.500000 0.600001 15.500000
v 2.500000 0.600001 13.700000
v 2.500000 0.600001 13.500000
v 2.500000 0.600001 11.700000
v 2.500000 0.600001 11.500000
v 2.500000 0.600001 9.700000
v 2.500000 0.600001 9.500000
v 2.500000 0.600001 7.700000
v 2.500000 0.600001 7.500000
v 2.500000 0.600000 5.700000
v 2.500000 0.600000 5.500000
v 2.500000 0.600000 3.700000
v 2.500000 0.600000 3.500000
v 2.500000 0.600000 1.700000
v -13.700000 0.400001 17.600000
v -13.700000 0.400001 15.700000
v -13.700000 0.400001 15.600000
v -13.700000 0.400001 13.700000
v -13.700000 0.400001 13.600000
v -13.700000 0.400001 11.700000
v -13.700000 0.400001 11.600000
v -13.700000 0.400001 9.700000
v -13.700000 0.400001 9.600000
v -13.700000 0.400001 7.700000
v -13.700000 0.400001 7.600000
v -13.700000 0.400000 5.700000
v -13.700000 0.400000 5.600000
v -13.700000 0.400000 3.700000
v -13.700000 0.400000 3.600000
v -13.700000 0.400000 1.700000
v -13.700000 0.500001 17.600000
v -13.700000 0.500001 17.500000
v -13.700000 0.500001 15.600000
v -13.700000 0.500001 15.500000
v -13.700000 0.500001 13.600000
v -13.700000 0.500001 13.500000
v -13.700000 0.500001 11.600000
v -13.700000 0.500001 11.500000
v -13.700000 0.500001 9.600000
v -13.700000 0.500001 9.500000
v -13.700000 0.500001 7.600000
v -13.700000 0.500001 7.500000
v -13.700000 0.500000 5.600000
v -13.700000 0.500000 5.500000
v -13.700000 0.500000 3.600000
v -13.700000 0.500000 3.500000
v -13.700000 0.600001 17.500000
v -13.700000 0.600001 15.700000
v -13.700000 0.600001 15.500000
v -13.700000 0.600001 13.700000
v -13.700000 0.600001 13.500000
v -13.700000 0.600001 11.700000
v -13.700000 0.600001 11.500000
v -13.700000 0.600001 9.700000
v -13.700000 0.600001 9.500000
v -13.700000 0.600001 7.700000
v -13.700000 0.600001 7.500000
v -13.700000 0.600000 5.700000
v -13.700000 0.600000 5.500000
v -13.700000 0.600000 3.700000
v -13.700000 0.600000 3.500000
v -13.700000 0.600000 1.700000
v -11.700000 0.400001 17.600000
v -11.700000 0.400001 15.700000
v -11.700000 0.400001 15.600000
v -11.700000 0.400001 13.700000
v -11.700000 0.400001 13.600000
v -11.700000 0.400001 11.700000
v -11.700000 0.400001 11.600000
v -11.700000 0.400001 9.700000
v -11.700000 0.400001 9.600000
v -11.700000 0.400001 7.700000
v -11.700000 0.400001 7.600000
v -11.700000 0.400000 5.700000
v -11.700000 0.400000 5.600000
v -11.700000 0.400000 3.700000
v -11.700000 0.400000 3.600000
v -11.700000 0.400000 1.700000
v -11.700000 0.500001 17.600000
v -11.700000 0.500001 17.500000
v -11.700000 0.500001 15.600000
v -11.700000 0.500001 15.500000
v -11.700000 0.500001 13.600000
v -11.700000 0.500001 13.500000
v -11.700000 0.500001 11.600000
v -11.700000 0.500001 11.500000
v -11.700000 0.500001 9.600000
v -11.700000 0.500001 9.500000
v -11.700000 0.500001 7.600000
v -11.700000 0.500001 7.500000
v -11.700000 0.500000 5.600000
v -11.700000 0.500000 5.500000
v -11.700000 0.500000 3.600000
v -11.700000 0.500000 3.500000
v -11.700000 0.600001 17.500000
v -11.700000 0.600001 15.700000
v -11.700000 0.600001 15.500000
v -11.700000 0.600001 13.700000
v -11.700000 0.600001 13.500000
v -11.700000 0.600001 11.700000
v -11.700000 0.600001 11.500000
v -11.700000 0.600001 9.700000
v -11.700000 0.600001 9.500000
v -11.700000 0.600001 7.700000
v -11.700000 0.600001 7.500000
v -11.700000 0.600000 5.700000
v -11.700000 0.600000 5.500000
v -11.700000 0.600000 3.700000
v -11.700000 0.600000 3.500000
v -11.700000 0.600000 1.700000
v -9.700000 0.400001 17.600000
v -9.700000 0.400001 15.700000
v -9.700000 0.400001 15.600000
v -9.700000 0.400001 13.700000
v -9.700000 0.400001 13.600000
v -9.700000 0.400001 11.700000
v -9.700000 0.400001 11.600000
v -9.700000 0.400001 9.700000
v -9.700000 0.400001 9.600000
v -9.700000 0.400001 7.700000
v -9.700000 0.400001 7.600000
v -9.700000 0.400000 5.700000
v -9.700000 0.400000 5.600000
v -9.700000 0.400000 3.700000
v -9.700000 0.400000 3.600000
v -9.700000 0.400000 1.700000
v -9.700000 0.500001 17.600000
v -9.700000 0.500001 17.500000
v -9.700000 0.500001 15.600000
v -9.700000 0.500001 15.500000
v -9.700000 0.500001 13.600000
v -9.700000 0.500001 13.500000
v -9.700000 0.500001 11.600000
v -9.700000 0.500001 11.500000
v -9.700000 0.500001 9.600000
v -9.700000 0.500001 9.500000
v -9.700000 0.500001 7.600000
v -9.700000 0.500001 7.500000
v -9.700000 0.500000 5.600000
v -9.700000 0.500000 5.500000
v -9.700000 0.500000 3.600000
v -9.700000 0.500000 3.500000
v -9.700000 0.600001 17.500000
v -9.700000 0.600001 15.700000
v -9.700000 0.600001 15.500000
v -9.700000 0.600001 13.700000
v -9.700000 0.600001 13.500000
v -9.700000 0.600001 11.700000
v -9.700000 0.600001 11.500000
v -9.700000 0.600001 9.700000
v -9.700000 0.600001 9.500000
v -9.700000 0.600001 7.700000
v -9.700000 0.600001 7.500000
v -9.700000 0.600000 5.700000
v -9.700000 0.600000 5.500000
v -9.700000 0.600000 3.700000
v -9.700000 0.600000 3.500000
v -9.700000 0.600000 1.700000
v -7.700000 0.400001 17.600000
v -7.700000 0.400001 15.700000
v -7.700000 0.400001 15.600000
v -7.700000 0.400001 13.700000
v -7.700000 0.400001 13.600000
v -7.700000 0.400001 11.700000
v -7.700000 0.400001 11.600000
v -7.700000 0.400001 9.700000
v -7.700000 0.400001 9.600000
v -7.700000 0.400001 7.700000
v -7.700000 0.400001 7.600000
v -7.700000 0.400000 5.700000
v -7.700000 0.400000 5.600000
v -7.700000 0.400000 3.700000
v -7.700000 0.400000 3.600000
v -7.700000 0.400000 1.700000
v -7.700000 0.500001 17.600000
v -7.700000 0.500001 17.500000
v -7.700000 0.500001 15.600000
v -7.700000 0.500001 15.500000
v -7.700000 0.500001 13.600000
v -7.700000 0.500001 13.500000
v -7.700000 0.500001 11.600000
v -7.700000 0.500001 11.500000
v -7.700000 0.500001 9.600000
v -7.700000 0.500001 9.500000
v -7.700000 0.500001 7.600000
v -7.700000 0.500001 7.500000
v -7.700000 0.500000 5.600000
v -7.700000 0.500000 5.500000
v -7.700000 0.500000 3.600000
v -7.700000 0.500000 3.500000
v -7.700000 0.600001 17.500000
v -7.700000 0.600001 15.700000
v -7.700000 0.600001 15.500000
v -7.700000 0.600001 13.700000
v -7.700000 0.600001 13.500000
v -7.700000 0.600001 11.700000
v -7.700000 0.600001 11.500000
v -7.700000 0.600001 9.700000
v -7.700000 0.600001 9.500000
v -7.700000 0.600001 7.700000
v -7.700000 0.600001 7.500000
v -7.700000 0.600000 5.700000
v -7.700000 0.600000 5.500000
v -7.700000 0.600000 3.700000
v -7.700000 0.600000 3.500000
v -7.700000 0.600000 1.700000
v -5.700000 0.400001 17.600000
v -5.700000 0.400001 15.700000
v -5.700000 0.400001 15.600000
v -5.700000 0.400001 13.700000
v -5.700000 0.400001 13.600000
v -5.700000 0.400001 11.700000
v -5.700000 0.400001 11.600000
v -5.700000 0.400001 9.700000
v -5.700000 0.400001 9.600000
v -5.700000 0.400001 7.700000
v -5.700000 0.400001 7.600000
v -5.700000 0.400000 5.700000
v -5.700000 0.400000 5.600000
v -5.700000 0.400000 3.700000
v -5.700000 0.400000 3.600000
v -5.700000 0.400000 1.700000
v -5.700000 0.500001 17.600000
v -5.700000 0.500001 17.500000
v -5.700000 0.500001 15.600000
v -5.700000 0.500001 15.500000
v -5.700000 0.500001 13.600000
v -5.700000 0.500001 13.500000
v -5.700000 0.500001 11.600000
v -5.700000 0.500001 11.500000
v -5.700000 0.500001 9.600000
v -5.700000 0.500001 9.500000
v -5.700000 0.500001 7.600000
v -5.700000 0.500001 7.500000
v -5.700000 0.500000 5.600000
v -5.700000 0.500000 5.500000
v -5.700000 0.500000 3.600000
v -5.700000 0.500000 3.500000
v -5.700000 0.600001 17.500000
v -5.700000 0.600001 15.700000
v -5.700000 0.600001 15.500000
v -5.700000 0.600001 13.700000
v -5.700000 0.600001 13.500000
v -5.700000 0.600001 11.700000
v -5.700000 0.600001 11.500000
v -5.700000 0.600001 9.700000
v -5.700000 0.600001 9.500000
v -5.700000 0.600001 7.700000
v -5.700000 0.600001 7.500000
v -5.700000 0.600000 5.700000
v -5.700000 0.600000 5.500000
v -5.700000 0.600000 3.700000
v -5.700000 0.600000 3.500000
v -5.700000 0.600000 1.700000
v -3.700000 0.400001 17.600000
v -3.700000 0.400001 15.700000
v -3.700000 0.400001 15.600000
v -3.700000 0.400001 13.700000
v -3.700000 0.400001 13.600000
v -3.700000 0.400001 11.700000
v -3.700000 0.400001 11.600000
v -3.700000 0.400001 9.700000
v -3.700000 0.400001 9.600000
v -3.700000 0.400001 7.700000
v -3.700000 0.400001 7.600000
v -3.700000 0.400000 5.700000
v -3.700000 0.400000 5.600000
v -3.700000 0.400000 3.700000
v -3.700000 0.400000 3.600000
v -3.700000 0.400000 1.700000
v -3.700000 0.500001 17.600000
v -3.700000 0.500001 17.500000
v -3.700000 0.500001 15.600000
v -3.700000 0.500001 15.500000
v -3.700000 0.500001 13.600000
v -3.700000 0.500001 13.500000
v -3.700000 0.500001 11.600000
v -3.700000 0.500001 11.500000
v -3.700000 0.500001 9.600000
v -3.700000 0.500001 9.500000
v -3.700000 0.500001 7.600000
v -3.700000 0.500001 7.500000
v -3.700000 0.500000 5.600000
v -3.700000 0.500000 5.500000
v -3.700000 0.500000 3.600000
v -3.700000 0.500000 3.500000
v -3.700000 0.600001 17.500000
v -3.700000 0.600001 15.700000
v -3.700000 0.600001 15.500000
v -3.700000 0.600001 13.700000
v -3.700000 0.600001 13.500000
v -3.700000 0.600001 11.700000
v -3.700000 0.600001 11.500000
v -3.700000 0.600001 9.700000
v -3.700000 0.600001 9.500000
v -3.700000 0.600001 7.700000
v -3.700000 0.600001 7.500000
v -3.700000 0.600000 5.700000
v -3.700000 0.600000 5.500000
v -3.700000 0.600000 3.700000
v -3.700000 0.600000 3.500000
v -3.700000 0.600000 1.700000
v -1.700000 0.400001 17.600000
v -1.700000 0.400001 15.700000
v -1.700000 0.400001 15.600000
v -1.700000 0.400001 13.700000
v -1.700000 0.400001 13.600000
v -1.700000 0.400001 11.700000
v -1.700000 0.400001 11.600000
v -1.700000 0.400001 9.700000
v -1.700000 0.400001 9.600000
v -1.700000 0.400001 7.700000
v -1.700000 0.400001 7.600000
v -1.700000 0.400000 5.700000
v -1.700000 0.400000 5.600000
v -1.700000 0.400000 3.700000
v -1.700000 0.400000 3.600000
v -1.700000 0.400000 1.700000
v -1.700000 0.500001 17.600000
v -1.700000 0.500001 17.500000
v -1.700000 0.500001 15.600000
v -1.700000 0.500001 15.500000
v -1.700000 0.500001 13.600000
v -1.700000 0.500001 13.500000
v -1.700000 0.500001 11.600000
v -1.700000 0.500001 11.500000
v -1.700000 0.500001 9.600000
v -1.700000 0.500001 9.500000
v -1.700000 0.500001 7.600000
v -1.700000 0.500001 7.500000
v -1.700000 0.500000 5.600000
v -1.700000 0.500000 5.500000
v -1.700000 0.500000 3.600000
v -1.700000 0.500000 3.500000
v -1.700000 0.600001 17.500000
v -1.700000 0.600001 15.700000
v -1.700000 0.600001 15.500000
v -1.700000 0.600001 13.700000
v -1.700000 0.600001 13.500000
v -1.700000 0.600001 11.700000
v -1.700000 0.600001 11.500000
v -1.700000 0.600001 9.700000
v -1.700000 0.600001 9.500000
v -1.700000 0.600001 7.700000
v -1.700000 0.600001 7.500000
v -1.700000 0.600000 5.700000
v -1.700000 0.600000 5.500000
v -1.700000 0.600000 3.700000
v -1.700000 0.600000 3.500000
v -1.700000 0.600000 1.700000
v 0.299999 0.400001 17.600000
v 0.299999 0.400001 15.700000
v 0.299999 0.400001 15.600000
v 0.299999 0.400001 13.700000
v 0.299999 0.400001 13.600000
v 0.299999 0.400001 11.700000
v 0.299999 0.400001 11.600000
v 0.299999 0.400001 9.700000
v 0.299999 0.400001 9.600000
v 0.299999 0.400001 7.700000
v 0.299999 0.400001 7.600000
v 0.299999 0.400000 5.700000
v 0.299999 0.400000 5.600000
v 0.299999 0.400000 3.700000
v 0.299999 0.400000 3.600000
v 0.299999 0.400000 1.700000
v 0.299999 0.500001 17.600000
v 0.299999 0.500001 17.500000
v 0.299999 0.500001 15.600000
v 0.299999 0.500001 15.500000
v 0.299999 0.500001 13.600000
v 0.299999 0.500001 13.500000
v 0.299999 0.500001 11.600000
v 0.299999 0.500001 11.500000
v 0.299999 0.500001 9.600000
v 0.299999 0.500001 9.500000
v 0.299999 0.500001 7.600000
v 0.299999 0.500001 7.500000
v 0.299999 0.500000 5.600000
v 0.299999 0.500000 5.500000
v 0.299999 0.500000 3.600000
v 0.299999 0.500000 3.500000
v 0.299999 0.600001 17.500000
v 0.299999 0.600001 15.700000
v 0.299999 0.600001 15.500000
v 0.299999 0.600001 13.700000
v 0.299999 0.600001 13.500000
v 0.299999 0.600001 11.700000
v 0.299999 0.600001 11.500000
v 0.299999 0.600001 9.700000
v 0.299999 0.600001 9.500000
v 0.299999 0.600001 7.700000
v 0.299999 0.600001 7.500000
v 0.299999 0.600000 5.700000
v 0.299999 0.600000 5.500000
v 0.299999 0.600000 3.700000
v 0.299999 0.600000 3.500000
v 0.299999 0.600000 1.700000
v 2.300000 0.400001 17.600000
v 2.300000 0.400001 15.700000
v 2.300000 0.400001 15.600000
v 2.300000 0.400001 13.700000
v 2.300000 0.400001 13.600000
v 2.300000 0.400001 11.700000
v 2.300000 0.400001 11.600000
v 2.300000 0.400001 9.700000
v 2.300000 0.400001 9.600000
v 2.300000 0.400001 7.700000
v 2.300000 0.400001 7.600000
v 2.300000 0.400000 5.700000
v 2.300000 0.400000 5.600000
v 2.300000 0.400000 3.700000
v 2.300000 0.400000 3.600000
v 2.300000 0.400000 1.700000
v 2.300000 0.500001 17.600000
v 2.300000 0.500001 17.500000
v 2.300000 0.500001 15.600000
v 2.300000 0.500001 15.500000
v 2.300000 0.500001 13.600000
v 2.300000 0.500001 13.500000
v 2.300000 0.500001 11.600000
v 2.300000 0.500001 11.500000
v 2.300000 0.500001 9.600000
v 2.300000 0.500001 9.500000
v 2.300000 0.500001 7.600000
v 2.300000 0.500001 7.500000
v 2.300000 0.500000 5.600000
v 2.300000 0.500000 5.500000
v 2.300000 0.500000 3.600000
v 2.300000 0.500000 3.500000
v 2.300000 0.600001 17.500000
v 2.300000 0.600001 15.700000
v 2.300000 0.600001 15.500000
v 2.300000 0.600001 13.700000
v 2.300000 0.600001 13.500000
v 2.300000 0.600001 11.700000
v 2.300000 0.600001 11.500000
v 2.300000 0.600001 9.700000
v 2.300000 0.600001 9.500000
v 2.300000 0.600001 7.700000
v 2.300000 0.600001 7.500000
v 2.300000 0.600000 5.700000
v 2.300000 0.600000 5.500000
v 2.300000 0.600000 3.700000
v 2.300000 0.600000 3.500000
v 2.300000 0.600000 1.700000
v 4.300000 0.400001 17.600000
v 4.300000 0.400001 15.700000
v 4.300000 0.400001 15.600000
v 4.300000 0.400001 13.700000
v 4.300000 0.400001 13.600000
v 4.300000 0.400001 11.700000
v 4.300000 0.400001 11.600000
v 4.300000 0.400001 9.700000
v 4.300000 0.400001 9.600000
v 4.300000 0.400001 7.700000
v 4.300000 0.400001 7.600000
v 4.300000 0.400000 5.700000
v 4.300000 0.400000 5.600000
v 4.300000 0.400000 3.700000
v 4.300000 0.400000 3.600000
v 4.300000 0.400000 1.700000
v 4.300000 0.500001 17.600000
v 4.300000 0.500001 17.500000
v 4.300000 0.500001 15.600000
v 4.300000 0.500001 15.500000
v 4.300000 0.500001 13.600000
v 4.300000 0.500001 13.500000
v 4.300000 0.500001 11.600000
v 4.300000 0.500001 11.500000
v 4.300000 0.500001 9.600000
v 4.300000 0.500001 9.500000
v 4.300000 0.500001 7.600000
v 4.300000 0.500001 7.500000
v 4.300000 0.500000 5.600000
v 4.300000 0.500000 5.500000
v 4.300000 0.500000 3.600000
v 4.300000 0.500000 3.500000
v 4.300000 0.600001 17.500000
v 4.300000 0.600001 15.700000
v 4.300000 0.600001 15.500000
v 4.300000 0.600001 13.700000
v 4.300000 0.600001 13.500000
v 4.300000 0.600001 11.700000
v 4.300000 0.600001 11.500000
v 4.300000 0.600001 9.700000
v 4.300000 0.600001 9.500000
v 4.300000 0.600001 7.700000
v 4.300000 0.600001 7.500000
v 4.300000 0.600000 5.700000
v 4.300000 0.600000 5.500000
v 4.300000 0.600000 3.700000
v 4.300000 0.600000 3.500000
v 4.300000 0.600000 1.700000
v 4.400000 0.000001 17.600000
v 4.400000 0.000000 1.600000
v 4.400000 0.200001 17.500000
v 4.400000 0.200001 15.700000
v 4.400000 0.200001 15.500000
v 4.400000 0.200001 13.700000
v 4.400000 0.200001 13.500000
v 4.400000 0.200001 11.700000
v 4.400000 0.200001 11.500000
v 4.400000 0.200001 9.700000
v 4.400000 0.200001 9.500000
v 4.400000 0.200001 7.700000
v 4.400000 0.200001 7.500000
v 4.400000 0.200000 5.700000
v 4.400000 0.200000 5.500000
v 4.400000 0.200000 3.700000
v 4.400000 0.200000 3.500000
v 4.400000 0.200000 1.700000
v 4.400000 0.300001 17.600000
v 4.400000 0.300001 17.500000
v 4.400000 0.300001 15.700000
v 4.400000 0.300001 15.500000
v 4.400000 0.300001 13.700000
v 4.400000 0.300001 13.500000
v 4.400000 0.300001 11.700000
v 4.400000 0.300001 11.500000
v 4.400000 0.300001 9.700000
v 4.400000 0.300001 9.500000
v 4.400000 0.300001 7.700000
v 4.400000 0.300001 7.500000
v 4.400000 0.300000 5.700000
v 4.400000 0.300000 5.500000
v 4.400000 0.300000 3.700000
v 4.400000 0.300000 3.500000
v 4.400000 0.300000 1.700000
v 4.400000 0.300000 1.600000
v 4.400000 0.400001 17.600000
v 4.400000 0.400000 1.600000
v -15.600000 0.000001 17.600000
v -15.600000 0.300001 17.600000
v -15.600000 0.400001 17.600000
v -15.500000 0.300001 17.600000
v -15.500000 0.400001 17.600000
v -15.500000 0.500001 17.600000
v -13.700000 0.300001 17.600000
v -13.700000 0.400001 17.600000
v -13.700000 0.500001 17.600000
v -13.500000 0.300001 17.600000
v -13.500000 0.400001 17.600000
v -13.500000 0.500001 17.600000
v -11.700000 0.300001 17.600000
v -11.700000 0.400001 17.600000
v -11.700000 0.500001 17.600000
v -11.500000 0.300001 17.600000
v -11.500000 0.400001 17.600000
v -11.500000 0.500001 17.600000
v -9.700000 0.300001 17.600000
v -9.700000 0.400001 17.600000
v -9.700000 0.500001 17.600000
v -9.500000 0.300001 17.600000
v -9.500000 0.400001 17.600000
v -9.500000 0.500001 17.600000
v -7.700000 0.300001 17.600000
v -7.700000 0.400001 17.600000
v -7.700000 0.500001 17.600000
v -7.500000 0.300001 17.600000
v -7.500000 0.400001 17.600000
v -7.500000 0.500001 17.600000
v -5.700000 0.300001 17.600000
v -5.700000 0.400001 17.600000
v -5.700000 0.500001 17.600000
v -5.500000 0.300001 17.600000
v -5.500000 0.400001 17.600000
v -5.500000 0.500001 17.600000
v -3.700000 0.300001 17.600000
v -3.700000 0.400001 17.600000
v -3.700000 0.500001 17.600000
v -3.500000 0.300001 17.600000
v -3.500000 0.400001 17.600000
v -3.500000 0.500001 17.600000
v -1.700000 0.300001 17.600000
v -1.700000 0.400001 17.600000
v -1.700000 0.500001 17.600000
v -1.500000 0.300001 17.600000
v -1.500000 0.400001 17.600000
v -1.500000 0.500001 17.600000
v 0.299999 0.300001 17.600000
v 0.299999 0.400001 17.600000
v 0.299999 0.500001 17.600000
v 0.500000 0.300001 17.600000
v 0.500000 0.400001 17.600000
v 0.500000 0.500001 17.600000
v 2.300000 0.300001 17.600000
v 2.300000 0.400001 17.600000
v 2.300000 0.500001 17.600000
v 2.500000 0.300001 17.600000
v 2.500000 0.400001 17.600000
v 2.500000 0.500001 17.600000
v 4.300000 0.300001 17.600000
v 4.300000 0.400001 17.600000
v 4.300000 0.500001 17.600000
v 4.400000 0.000001 17.600000
v 4.400000 0.300001 17.600000
v 4.400000 0.400001 17.600000
v -15.600000 0.400001 17.500000
v -15.600000 0.500001 17.500000
v -15.500000 0.400001 17.500000
v -15.500000 0.500001 17.500000
v -15.500000 0.600001 17.500000
v -13.700000 0.500001 17.500000
v -13.700000 0.600001 17.500000
v -13.600000 0.400001 17.500000
v -13.600000 0.500001 17.500000
v -13.500000 0.400001 17.500000
v -13.500000 0.500001 17.500000
v -13.500000 0.600001 17.500000
v -11.700000 0.500001 17.500000
v -11.700000 0.600001 17.500000
v -11.600000 0.400001 17.500000
v -11.600000 0.500001 17.500000
v -11.500000 0.400001 17.500000
v -11.500000 0.500001 17.500000
v -11.500000 0.600001 17.500000
v -9.700000 0.500001 17.500000
v -9.700000 0.600001 17.500000
v -9.600000 0.400001 17.500000
v -9.600000 0.500001 17.500000
v -9.500000 0.400001 17.500000
v -9.500000 0.500001 17.500000
v -9.500000 0.600001 17.500000
v -7.700000 0.500001 17.500000
v -7.700000 0.600001 17.500000
v -7.600000 0.400001 17.500000
v -7.600000 0.500001 17.500000
v -7.500000 0.400001 17.500000
v -7.500000 0.500001 17.500000
v -7.500000 0.600001 17.500000
v -5.700000 0.500001 17.500000
v -5.700000 0.600001 17.500000
v -5.600000 0.400001 17.500000
v -5.600000 0.500001 17.500000
v -5.500000 0.400001 17.500000
v -5.500000 0.500001 17.500000
v -5.500000 0.600001 17.500000
v -3.700000 0.500001 17.500000
v -3.700000 0.600001 17.500000
v -3.600000 0.400001 17.500000
v -3.600000 0.500001 17.500000
v -3.500000 0.400001 17.500000
v -3.500000 0.500001 17.500000
v -3.500000 0.600001 17.500000
v -1.700000 0.500001 17.500000
v -1.700000 0.600001 17.500000
v -1.600000 0.400001 17.500000
v -1.600000 0.500001 17.500000
v -1.500000 0.400001 17.500000
v -1.500000 0.500001 17.500000
v -1.500000 0.600001 17.500000
v 0.299999 0.500001 17.500000
v 0.299999 0.600001 17.500000
v 0.400000 0.400001 17.500000
v 0.400000 0.500001 17.500000
v 0.500000 0.400001 17.500000
v 0.500000 0.500001 17.500000
v 0.500000 0.600001 17.500000
v 2.300000 0.500001 17.500000
v 2.300000 0.600001 17.500000
v 2.400000 0.400001 17.500000
v 2.400000 0.500001 17.500000
v 2.500000 0.400001 17.500000
v 2.500000 0.500001 17.500000
v 2.500000 0.600001 17.500000
v 4.300000 0.500001 17.500000
v 4.300000 0.600001 17.500000
v -15.500000 0.400001 15.600000
v -15.500000 0.500001 15.600000
v -13.700000 0.400001 15.600000
v -13.700000 0.500001 15.600000
v -13.500000 0.400001 15.600000
v -13.500000 0.500001 15.600000
v -11.700000 0.400001 15.600000
v -11.700000 0.500001 15.600000
v -11.500000 0.400001 15.600000
v -11.500000 0.500001 15.600000
v -9.700000 0.400001 15.600000
v -9.700000 0.500001 15.600000
v -9.500000 0.400001 15.600000
v -9.500000 0.500001 15.600000
v -7.700000 0.400001 15.600000
v -7.700000 0.500001 15.600000
v -7.500000 0.400001 15.600000
v -7.500000 0.500001 15.600000
v -5.700000 0.400001 15.600000
v -5.700000 0.500001 15.600000
v -5.500000 0.400001 15.600000
v -5.500000 0.500001 15.600000
v -3.700000 0.400001 15.600000
v -3.700000 0.500001 15.600000
v -3.500000 0.400001 15.600000
v -3.500000 0.500001 15.600000
v -1.700000 0.400001 15.600000
v -1.700000 0.500001 15.600000
v -1.500000 0.400001 15.600000
v -1.500000 0.500001 15.600000
v 0.299999 0.400001 15.600000
v 0.299999 0.500001 15.600000
v 0.500000 0.400001 15.600000
v 0.500000 0.500001 15.600000
v 2.300000 0.400001 15.600000
v 2.300000 0.500001 15.600000
v 2.500000 0.400001 15.600000
v 2.500000 0.500001 15.600000
v 4.300000 0.400001 15.600000
v 4.300000 0.500001 15.600000
v -15.600000 0.400001 15.500000
v -15.600000 0.500001 15.500000
v -15.500000 0.400001 15.500000
v -15.500000 0.500001 15.500000
v -15.500000 0.600001 15.500000
v -13.700000 0.500001 15.500000
v -13.700000 0.600001 15.500000
v -13.600000 0.400001 15.500000
v -13.600000 0.500001 15.500000
v -13.500000 0.400001 15.500000
v -13.500000 0.500001 15.500000
v -13.500000 0.600001 15.500000
v -11.700000 0.500001 15.500000
v -11.700000 0.600001 15.500000
v -11.600000 0.400001 15.500000
v -11.600000 0.500001 15.500000
v -11.500000 0.400001 15.500000
v -11.500000 0.500001 15.500000
v -11.500000 0.600001 15.500000
v -9.700000 0.500001 15.500000
v -9.700000 0.600001 15.500000
v -9.600000 0.400001 15.500000
v -9.600000 0.500001 15.500000
v -9.500000 0.400001 15.500000
v -9.500000 0.500001 15.500000
v -9.500000 0.600001 15.500000
v -7.700000 0.500001 15.500000
v -7.700000 0.600001 15.500000
v -7.600000 0.400001 15.500000
v -7.600000 0.500001 15.500000
v -7.500000 0.400001 15.500000
v -7.500000 0.500001 15.500000
v -7.500000 0.600001 15.500000
v -5.700000 0.500001 15.500000
v -5.700000 0.600001 15.500000
v -5.600000 0.400001 15.500000
v -5.600000 0.500001 15.500000
v -5.500000 0.400001 15.500000
v -5.500000 0.500001 15.500000
v -5.500000 0.600001 15.500000
v -3.700000 0.500001 15.500000
v -3.700000 0.600001 15.500000
v -3.600000 0.400001 15.500000
v -3.600000 0.500001 15.500000
v -3.500000 0.400001 15.500000
v -3.500000 0.500001 15.500000
v -3.500000 0.600001 15.500000
v -1.700000 0.500001 15.500000
v -1.700000 0.600001 15.500000
v -1.600000 0.400001 15.500000
v -1.600000 0.500001 15.500000
v -1.500000 0.400001 15.500000
v -1.500000 0.500001 15.500000
v -1.500000 0.600001 15.500000
v 0.299999 0.500001 15.500000
v 0.299999 0.600001 15.500000
v 0.400000 0.400001 15.500000
v 0.400000 0.500001 15.500000
v 0.500000 0.400001 15.500000
v 0.500000 0.500001 15.500000
v 0.500000 0.600001 15.500000
v 2.300000 0.500001 15.500000
v 2.300000 0.600001 15.500000
v 2.400000 0.400001 15.500000
v 2.400000 0.500001 15.500000
v 2.500000 0.400001 15.500000
v 2.500000 0.500001 15.500000
v 2.500000 0.600001 15.500000
v 4.300000 0.500001 15.500000
v 4.300000 0.600001 15.500000
v -15.500000 0.400001 13.600000
v -15.500000 0.500001 13.600000
v -13.700000 0.400001 13.600000
v -13.700000 0.500001 13.600000
v -13.500000 0.400001 13.600000
v -13.500000 0.500001 13.600000
v -11.700000 0.400001 13.600000
v -11.700000 0.500001 13.600000
v -11.500000 0.400001 13.600000
v -11.500000 0.500001 13.600000
v -9.700000 0.400001 13.600000
v -9.700000 0.500001 13.600000
v -9.500000 0.400001 13.600000
v -9.500000 0.500001 13.600000
v -7.700000 0.400001 13.600000
v -7.700000 0.500001 13.600000
v -7.500000 0.400001 13.600000
v -7.500000 0.500001 13.600000
v -5.700000 0.400001 13.600000
v -5.700000 0.500001 13.600000
v -5.500000 0.400001 13.600000
v -5.500000 0.500001 13.600000
v -3.700000 0.400001 13.600000
v -3.700000 0.500001 13.600000
v -3.500000 0.400001 13.600000
v -3.500000 0.500001 13.600000
v -1.700000 0.400001 13.600000
v -1.700000 0.500001 13.600000
v -1.500000 0.400001 13.600000
v -1.500000 0.500001 13.600000
v 0.299999 0.400001 13.600000
v 0.299999 0.500001 13.600000
v 0.500000 0.400001 13.600000
v 0.500000 0.500001 13.600000
v 2.300000 0.400001 13.600000
v 2.300000 0.500001 13.600000
v 2.500000 0.400001 13.600000
v 2.500000 0.500001 13.600000
v 4.300000 0.400001 13.600000
v 4.300000 0.500001 13.600000
v -15.600000 0.400001 13.500000
v -15.600000 0.500001 13.500000
v -15.500000 0.400001 13.500000
v -15.500000 0.500001 13.500000
v -15.500000 0.600001 13.500000
v -13.700000 0.500001 13.500000
v -13.700000 0.600001 13.500000
v -13.600000 0.400001 13.500000
v -13.600000 0.500001 13.500000
v -13.500000 0.400001 13.500000
v -13.500000 0.500001 13.500000
v -13.500000 0.600001 13.500000
v -11.700000 0.500001 13.500000
v -11.700000 0.600001 13.500000
v -11.600000 0.400001 13.500000
v -11.600000 0.500001 13.500000
v -11.500000 0.400001 13.500000
v -11.500000 0.500001 13.500000
v -11.500000 0.600001 13.500000
v -9.700000 0.500001 13.500000
v -9.700000 0.600001 13.500000
v -9.600000 0.400001 13.500000
v -9.600000 0.500001 13.500000
v -9.500000 0.400001 13.500000
v -9.500000 0.500001 13.500000
v -9.500000 0.600001 13.500000
v -7.700000 0.500001 13.500000
v -7.700000 0.600001 13.500000
v -7.600000 0.400001 13.500000
v -7.600000 0.500001 13.500000
v -7.500000 0.400001 13.500000
v -7.500000 0.500001 13.500000
v -7.500000 0.600001 13.500000
v -5.700000 0.500001 13.500000
v -5.700000 0.600001 13.500000
v -5.600000 0.400001 13.500000
v -5.600000 0.500001 13.500000
v -5.500000 0.400001 13.500000
v -5.500000 0.500001 13.500000
v -5.500000 0.600001 13.500000
v -3.700000 0.500001 13.500000
v -3.700000 0.600001 13.500000
v -3.600000 0.400001 13.500000
v -3.600000 0.500001 13.500000
v -3.500000 0.400001 13.500000
v -3.500000 0.500001 13.500000
v -3.500000 0.600001 13.500000
v -1.700000 0.500001 13.500000
v -1.700000 0.600001 13.500000
v -1.600000 0.400001 13.500000
v -1.600000 0.500001 13.500000
v -1.500000 0.400001 13.500000
v -1.500000 0.500001 13.500000
v -1.500000 0.600001 13.500000
v 0.299999 0.500001 13.500000
v 0.299999 0.600001 13.500000
v 0.400000 0.400001 13.500000
v 0.400000 0.500001 13.500000
v 0.500000 0.400001 13.500000
v 0.500000 0.500001 13.500000
v 0.500000 0.600001 13.500000
v 2.300000 0.500001 13.500000
v 2.300000 0.600001 13.500000
v 2.400000 0.400001 13.500000
v 2.400000 0.500001 13.500000
v 2.500000 0.400001 13.500000
v 2.500000 0.500001 13.500000
v 2.500000 0.600001 13.500000
v 4.300000 0.500001 13.500000
v 4.300000 0.600001 13.500000
v -15.500000 0.400001 11.600000
v -15.500000 0.500001 11.600000
v -13.700000 0.400001 11.600000
v -13.700000 0.500001 11.600000
v -13.500000 0.400001 11.600000
v -13.500000 0.500001 11.600000
v -11.700000 0.400001 11.600000
v -11.700000 0.500001 11.600000
v -11.500000 0.400001 11.600000
v -11.500000 0.500001 11.600000
v -9.700000 0.400001 11.600000
v -9.700000 0.500001 11.600000
v -9.500000 0.400001 11.600000
v -9.500000 0.500001 11.600000
v -7.700000 0.400001 11.600000
v -7.700000 0.500001 11.600000
v -7.500000 0.400001 11.600000
v -7.500000 0.500001 11.600000
v -5.700000 0.400001 11.600000
v -5.700000 0.500001 11.600000
v -5.500000 0.400001 11.600000
v -5.500000 0.500001 11.600000
v -3.700000 0.400001 11.600000
v -3.700000 0.500001 11.600000
v -3.500000 0.400001 11.600000
v -3.500000 0.500001 11.600000
v -1.700000 0.400001 11.600000
v -1.700000 0.500001 11.600000
v -1.500000 0.400001 11.600000
v -1.500000 0.500001 11.600000
v 0.299999 0.400001 11.600000
v 0.299999 0.500001 11.600000
v 0.500000 0.400001 11.600000
v 0.500000 0.500001 11.600000
v 2.300000 0.400001 11.600000
v 2.300000 0.500001 11.600000
v 2.500000 0.400001 11.600000
v 2.500000 0.500001 11.600000
v 4.300000 0.400001 11.600000
v 4.300000 0.500001 11.600000
v -15.600000 0.400001 11.500000
v -15.600000 0.500001 11.500000
v -15.500000 0.400001 11.500000
v -15.500000 0.500001 11.500000
v -15.500000 0.600001 11.500000
v -13.700000 0.500001 11.500000
v -13.700000 0.600001 11.500000
v -13.600000 0.400001 11.500000
v -13.600000 0.500001 11.500000
v -13.500000 0.400001 11.500000
v -13.500000 0.500001 11.500000
v -13.500000 0.600001 11.500000
v -11.700000 0.500001 11.500000
v -11.700000 0.600001 11.500000
v -11.600000 0.400001 11.500000
v -11.600000 0.500001 11.500000
v -11.500000 0.400001 11.500000
v -11.500000 0.500001 11.500000
v -11.500000 0.600001 11.500000
v -9.700000 0.500001 11.500000
v -9.700000 0.600001 11.500000
v -9.600000 0.400001 11.500000
v -9.600000 0.500001 11.500000
v -9.500000 0.400001 11.500000
v -9.500000 0.500001 11.500000
v -9.500000 0.600001 11.500000
v -7.700000 0.500001 11.500000
v -7.700000 0.600001 11.500000
v -7.600000 0.400001 11.500000
v -7.600000 0.500001 11.500000
v -7.500000 0.400001 11.500000
v -7.500000 0.500001 11.500000
v -7.500000 0.600001 11.500000
v -5.700000 0.500001 11.500000
v -5.700000 0.600001 11.500000
v -5.600000 0.400001 11.500000
v -5.600000 0.500001 11.500000
v -5.500000 0.400001 11.500000
v -5.500000 0.500001 11.500000
v -5.500000 0.600001 11.500000
v -3.700000 0.500001 11.500000
v -3.700000 0.600001 11.500000
v -3.600000 0.400001 11.500000
v -3.600000 0.500001 11.500000
v -3.500000 0.400001 11.500000
v -3.500000 0.500001 11.500000
v -3.500000 0.600001 11.500000
v -1.700000 0.500001 11.500000
v -1.700000 0.600001 11.500000
v -1.600000 0.400001 11.500000
v -1.600000 0.500001 11.500000
v -1.500000 0.400001 11.500000
v -1.500000 0.500001 11.500000
v -1.500000 0.600001 11.500000
v 0.299999 0.500001 11.500000
v 0.299999 0.600001 11.500000
v 0.400000 0.400001 11.500000
v 0.400000 0.500001 11.500000
v 0.500000 0.400001 11.500000
v 0.500000 0.500001 11.500000
v 0.500000 0.600001 11.500000
v 2.300000 0.500001 11.500000
v 2.300000 0.600001 11.500000
v 2.400000 0.400001 11.500000
v 2.400000 0.500001 11.500000
v 2.500000 0.400001 11.500000
v 2.500000 0.500001 11.500000
v 2.500000 0.600001 11.500000
v 4.300000 0.500001 11.500000
v 4.300000 0.600001 11.500000
v -15.500000 0.400001 9.600000
v -15.500000 0.500001 9.600000
v -13.700000 0.400001 9.600000
v -13.700000 0.500001 9.600000
v -13.500000 0.400001 9.600000
v -13.500000 0.500001 9.600000
v -11.700000 0.400001 9.600000
v -11.700000 0.500001 9.600000
v -11.500000 0.400001 9.600000
v -11.500000 0.500001 9.600000
v -9.700000 0.400001 9.600000
v -9.700000 0.500001 9.600000
v -9.500000 0.400001 9.600000
v -9.500000 0.500001 9.600000
v -7.700000 0.400001 9.600000
v -7.700000 0.500001 9.600000
v -7.500000 0.400001 9.600000
v -7.500000 0.500001 9.600000
v -5.700000 0.400001 9.600000
v -5.700000 0.500001 9.600000
v -5.500000 0.400001 9.600000
v -5.500000 0.500001 9.600000
v -3.700000 0.400001 9.600000
v -3.700000 0.500001 9.600000
v -3.500000 0.400001 9.600000
v -3.500000 0.500001 9.600000
v -1.700000 0.400001 9.600000
v -1.700000 0.500001 9.600000
v -1.500000 0.400001 9.600000
v -1.500000 0.500001 9.600000
v 0.299999 0.400001 9.600000
v 0.299999 0.500001 9.600000
v 0.500000 0.400001 9.600000
v 0.500000 0.500001 9.600000
v 2.300000 0.400001 9.600000
v 2.300000 0.500001 9.600000
v 2.500000 0.400001 9.600000
v 2.500000 0.500001 9.600000
v 4.300000 0.400001 9.600000
v 4.300000 0.500001 9.600000
v -15.600000 0.400001 9.500000
v -15.600000 0.500001 9.500000
v -15.500000 0.400001 9.500000
v -15.500000 0.500001 9.500000
v -15.500000 0.600001 9.500000
v -13.700000 0.500001 9.500000
v -13.700000 0.600001 9.500000
v -13.600000 0.400001 9.500000
v -13.600000 0.500001 9.500000
v -13.500000 0.400001 9.500000
v -13.500000 0.500001 9.500000
v -13.500000 0.600001 9.500000
v -11.700000 0.500001 9.500000
v -11.700000 0.600001 9.500000
v -11.600000 0.400001 9.500000
v -11.600000 0.500001 9.500000
v -11.500000 0.400001 9.500000
v -11.500000 0.500001 9.500000
v -11.500000 0.600001 9.500000
v -9.700000 0.500001 9.500000
v -9.700000 0.600001 9.500000
v -9.600000 0.400001 9.500000
v -9.600000 0.500001 9.500000
v -9.500000 0.400001 9.500000
v -9.500000 0.500001 9.500000
v -9.500000 0.600001 9.500000
v -7.700000 0.500001 9.500000
v -7.700000 0.600001 9.500000
v -7.600000 0.400001 9.500000
v -7.600000 0.500001 9.500000
v -7.500000 0.400001 9.500000
v -7.500000 0.500001 9.500000
v -7.500000 0.600001 9.500000
v -5.700000 0.500001 9.500000
v -5.700000 0.600001 9.500000
v -5.600000 0.400001 9.500000
v -5.600000 0.500001 9.500000
v -5.500000 0.400001 9.500000
v -5.500000 0.500001 9.500000
v -5.500000 0.600001 9.500000
v -3.700000 0.500001 9.500000
v -3.700000 0.600001 9.500000
v -3.600000 0.400001 9.500000
v -3.600000 0.500001 9.500000
v -3.500000 0.400001 9.500000
v -3.500000 0.500001 9.500000
v -3.500000 0.600001 9.500000
v -1.700000 0.500001 9.500000
v -1.700000 0.600001 9.500000
v -1.600000 0.400001 9.500000
v -1.600000 0.500001 9.500000
v -1.500000 0.400001 9.500000
v -1.500000 0.500001 9.500000
v -1.500000 0.600001 9.500000
v 0.299999 0.500001 9.500000
v 0.299999 0.600001 9.500000
v 0.400000 0.400001 9.500000
v 0.400000 0.500001 9.500000
v 0.500000 0.400001 9.500000
v 0.500000 0.500001 9.500000
v 0.500000 0.600001 9.500000
v 2.300000 0.500001 9.500000
v 2.300000 0.600001 9.500000
v 2.400000 0.400001 9.500000
v 2.400000 0.500001 9.500000
v 2.500000 0.400001 9.500000
v 2.500000 0.500001 9.500000
v 2.500000 0.600001 9.500000
v 4.300000 0.500001 9.500000
v 4.300000 0.600001 9.500000
v -15.500000 0.400001 7.600000
v -15.500000 0.500001 7.600000
v -13.700000 0.400001 7.600000
v -13.700000 0.500001 7.600000
v -13.500000 0.400001 7.600000
v -13.500000 0.500001 7.600000
v -11.700000 0.400001 7.600000
v -11.700000 0.500001 7.600000
v -11.500000 0.400001 7.600000
v -11.500000 0.500001 7.600000
v -9.700000 0.400001 7.600000
v -9.700000 0.500001 7.600000
v -9.500000 0.400001 7.600000
v -9.500000 0.500001 7.600000
v -7.700000 0.400001 7.600000
v -7.700000 0.500001 7.600000
v -7.500000 0.400001 7.600000
v -7.500000 0.500001 7.600000
v -5.700000 0.400001 7.600000
v -5.700000 0.500001 7.600000
v -5.500000 0.400001 7.600000
v -5.500000 0.500001 7.600000
v -3.700000 0.400001 7.600000
v -3.700000 0.500001 7.600000
v -3.500000 0.400001 7.600000
v -3.500000 0.500001 7.600000
v -1.700000 0.400001 7.600000
v -1.700000 0.500001 7.600000
v -1.500000 0.400001 7.600000
v -1.500000 0.500001 7.600000
v 0.299999 0.400001 7.600000
v 0.299999 0.500001 7.600000
v 0.500000 0.400001 7.600000
v 0.500000 0.500001 7.600000
v 2.300000 0.400001 7.600000
v 2.300000 0.500001 7.600000
v 2.500000 0.400001 7.600000
v 2.500000 0.500001 7.600000
v 4.300000 0.400001 7.600000
v 4.300000 0.500001 7.600000
v -15.600000 0.400001 7.500000
v -15.600000 0.500001 7.500000
v -15.500000 0.400001 7.500000
v -15.500000 0.500001 7.500000
v -15.500000 0.600001 7.500000
v -13.700000 0.500001 7.500000
v -13.700000 0.600001 7.500000
v -13.600000 0.400001 7.500000
v -13.600000 0.500001 7.500000
v -13.500000 0.400001 7.500000
v -13.500000 0.500001 7.500000
v -13.500000 0.600001 7.500000
v -11.700000 0.500001 7.500000
v -11.700000 0.600001 7.500000
v -11.600000 0.400001 7.500000
v -11.600000 0.500001 7.500000
v -11.500000 0.400001 7.500000
v -11.500000 0.500001 7.500000
v -11.500000 0.600001 7.500000
v -9.700000 0.500001 7.500000
v -9.700000 0.600001 7.500000
v -9.600000 0.400001 7.500000
v -9.600000 0.500001 7.500000
v -9.500000 0.400001 7.500000
v -9.500000 0.500001 7.500000
v -9.500000 0.600001 7.500000
v -7.700000 0.500001 7.500000
v -7.700000 0.600001 7.500000
v -7.600000 0.400001 7.500000
v -7.600000 0.500001 7.500000
v -7.500000 0.400001 7.500000
v -7.500000 0.500001 7.500000
v -7.500000 0.600001 7.500000
v -5.700000 0.500001 7.500000
v -5.700000 0.600001 7.500000
v -5.600000 0.400001 7.500000
v -5.600000 0.500001 7.500000
v -5.500000 0.400001 7.500000
v -5.500000 0.500001 7.500000
v -5.500000 0.600001 7.500000
v -3.700000 0.500001 7.500000
v -3.700000 0.600001 7.500000
v -3.600000 0.400001 7.500000
v -3.600000 0.500001 7.500000
v -3.500000 0.400001 7.500000
v -3.500000 0.500001 7.500000
v -3.500000 0.600001 7.500000
v -1.700000 0.500001 7.500000
v -1.700000 0.600001 7.500000
v -1.600000 0.400001 7.500000
v -1.600000 0.500001 7.500000
v -1.500000 0.400001 7.500000
v -1.500000 0.500001 7.500000
v -1.500000 0.600001 7.500000
v 0.299999 0.500001 7.500000
v 0.299999 0.600001 7.500000
v 0.400000 0.400001 7.500000
v 0.400000 0.500001 7.500000
v 0.500000 0.400001 7.500000
v 0.500000 0.500001 7.500000
v 0.500000 0.600001 7.500000
v 2.300000 0.500001 7.500000
v 2.300000 0.600001 7.500000
v 2.400000 0.400001 7.500000
v 2.400000 0.500001 7.500000
v 2.500000 0.400001 7.500000
v 2.500000 0.500001 7.500000
v 2.500000 0.600001 7.500000
v 4.300000 0.500001 7.500000
v 4.300000 0.600001 7.500000
v -15.500000 0.400000 5.600000
v -15.500000 0.500000 5.600000
v -13.700000 0.400000 5.600000
v -13.700000 0.500000 5.600000
v -13.500000 0.400000 5.600000
v -13.500000 0.500000 5.600000
v -11.700000 0.400000 5.600000
v -11.700000 0.500000 5.600000
v -11.500000 0.400000 5.600000
v -11.500000 0.500000 5.600000
v -9.700000 0.400000 5.600000
v -9.700000 0.500000 5.600000
v -9.500000 0.400000 5.600000
v -9.500000 0.500000 5.600000
v -7.700000 0.400000 5.600000
v -7.700000 0.500000 5.600000
v -7.500000 0.400000 5.600000
v -7.500000 0.500000 5.600000
v -5.700000 0.400000 5.600000
v -5.700000 0.500000 5.600000
v -5.500000 0.400000 5.600000
v -5.500000 0.500000 5.600000
v -3.700000 0.400000 5.600000
v -3.700000 0.500000 5.600000
v -3.500000 0.400000 5.600000
v -3.500000 0.500000 5.600000
v -1.700000 0.400000 5.600000
v -1.700000 0.500000 5.600000
v -1.500000 0.400000 5.600000
v -1.500000 0.500000 5.600000
v 0.299999 0.400000 5.600000
v 0.299999 0.500000 5.600000
v 0.500000 0.400000 5.600000
v 0.500000 0.500000 5.600000
v 2.300000 0.400000 5.600000
v 2.300000 0.500000 5.600000
v 2.500000 0.400000 5.600000
v 2.500000 0.500000 5.600000
v 4.300000 0.400000 5.600000
v 4.300000 0.500000 5.600000
v -15.600000 0.400000 5.500000
v -15.600000 0.500000 5.500000
v -15.500000 0.400000 5.500000
v -15.500000 0.500000 5.500000
v -15.500000 0.600000 5.500000
v -13.700000 0.500000 5.500000
v -13.700000 0.600000 5.500000
v -13.600000 0.400000 5.500000
v -13.600000 0.500000 5.500000
v -13.500000 0.400000 5.500000
v -13.500000 0.500000 5.500000
v -13.500000 0.600000 5.500000
v -11.700000 0.500000 5.500000
v -11.700000 0.600000 5.500000
v -11.600000 0.400000 5.500000
v -11.600000 0.500000 5.500000
v -11.500000 0.400000 5.500000
v -11.500000 0.500000 5.500000
v -11.500000 0.600000 5.500000
v -9.700000 0.500000 5.500000
v -9.700000 0.600000 5.500000
v -9.600000 0.400000 5.500000
v -9.600000 0.500000 5.500000
v -9.500000 0.400000 5.500000
v -9.500000 0.500000 5.500000
v -9.500000 0.600000 5.500000
v -7.700000 0.500000 5.500000
v -7.700000 0.600000 5.500000
v -7.600000 0.400000 5.500000
v -7.600000 0.500000 5.500000
v -7.500000 0.400000 5.500000
v -7.500000 0.500000 5.500000
v -7.500000 0.600000 5.500000
v -5.700000 0.500000 5.500000
v -5.700000 0.600000 5.500000
v -5.600000 0.400000 5.500000
v -5.600000 0.500000 5.500000
v -5.500000 0.400000 5.500000
v -5.500000 0.500000 5.500000
v -5.500000 0.600000 5.500000
v -3.700000 0.500000 5.500000
v -3.700000 0.600000 5.500000
v -3.600000 0.400000 5.500000
v -3.600000 0.500000 5.500000
v -3.500000 0.400000 5.500000
v -3.500000 0.500000 5.500000
v -3.500000 0.600000 5.500000
v -1.700000 0.500000 5.500000
v -1.700000 0.600000 5.500000
v -1.600000 0.400000 5.500000
v -1.600000 0.500000 5.500000
v -1.500000 0.400000 5.500000
v -1.500000 0.500000 5.500000
v -1.500000 0.600000 5.500000
v 0.299999 0.500000 5.500000
v 0.299999 0.600000 5.500000
v 0.400000 0.400000 5.500000
v 0.400000 0.500000 5.500000
v 0.500000 0.400000 5.500000
v 0.500000 0.500000 5.500000
v 0.500000 0.600000 5.500000
v 2.300000 0.500000 5.500000
v 2.300000 0.600000 5.500000
v 2.400000 0.400000 5.500000
v 2.400000 0.500000 5.500000
v 2.500000 0.400000 5.500000
v 2.500000 0.500000 5.500000
v 2.500000 0.600000 5.500000
v 4.300000 0.500000 5.500000
v 4.300000 0.600000 5.500000
v -15.500000 0.400000 3.600000
v -15.500000 0.500000 3.600000
v -13.700000 0.400000 3.600000
v -13.700000 0.500000 3.600000
v -13.500000 0.400000 3.600000
v -13.500000 0.500000 3.600000
v -11.700000 0.400000 3.600000
v -11.700000 0.500000 3.600000
v -11.500000 0.400000 3.600000
v -11.500000 0.500000 3.600000
v -9.700000 0.400000 3.600000
v -9.700000 0.500000 3.600000
v -9.500000 0.400000 3.600000
v -9.500000 0.500000 3.600000
v -7.700000 0.400000 3.600000
v -7.700000 0.500000 3.600000
v -7.500000 0.400000 3.600000
v -7.500000 0.500000 3.600000
v -5.700000 0.400000 3.600000
v -5.700000 0.500000 3.600000
v -5.500000 0.400000 3.600000
v -5.500000 0.500000 3.600000
v -3.700000 0.400000 3.600000
v -3.700000 0.500000 3.600000
v -3.500000 0.400000 3.600000
v -3.500000 0.500000 3.600000
v -1.700000 0.400000 3.600000
v -1.700000 0.500000 3.600000
v -1.500000 0.400000 3.600000
v -1.500000 0.500000 3.600000
v 0.299999 0.400000 3.600000
v 0.299999 0.500000 3.600000
v 0.500000 0.400000 3.600000
v 0.500000 0.500000 3.600000
v 2.300000 0.400000 3.600000
v 2.300000 0.500000 3.600000
v 2.500000 0.400000 3.600000
v 2.500000 0.500000 3.600000
v 4.300000 0.400000 3.600000
v 4.300000 0.500000 3.600000
v -15.600000 0.400000 3.500000
v -15.600000 0.500000 3.500000
v -15.500000 0.400000 3.500000
v -15.500000 0.500000 3.500000
v -15.500000 0.600000 3.500000
v -13.700000 0.500000 3.500000
v -13.700000 0.600000 3.500000
v -13.600000 0.400000 3.500000
v -13.600000 0.500000 3.500000
v -13.500000 0.400000 3.500000
v -13.500000 0.500000 3.500000
v -13.500000 0.600000 3.500000
v -11.700000 0.500000 3.500000
v -11.700000 0.600000 3.500000
v -11.600000 0.400000 3.500000
v -11.600000 0.500000 3.500000
v -11.500000 0.400000 3.500000
v -11.500000 0.500000 3.500000
v -11.500000 0.600000 3.500000
v -9.700000 0.500000 3.500000
v -9.700000 0.600000 3.500000
v -9.600000 0.400000 3.500000
v -9.600000 0.500000 3.500000
v -9.500000 0.400000 3.500000
v -9.500000 0.500000 3.500000
v -9.500000 0.600000 3.500000
v -7.700000 0.500000 3.500000
v -7.700000 0.600000 3.500000
v -7.600000 0.400000 3.500000
v -7.600000 0.500000 3.500000
v -7.500000 0.400000 3.500000
v -7.500000 0.500000 3.500000
v -7.500000 0.600000 3.500000
v -5.700000 0.500000 3.500000
v -5.700000 0.600000 3.500000
v -5.600000 0.400000 3.500000
v -5.600000 0.500000 3.500000
v -5.500000 0.400000 3.500000
v -5.500000 0.500000 3.500000
v -5.500000 0.600000 3.500000
v -3.700000 0.500000 3.500000
v -3.700000 0.600000 3.500000
v -3.600000 0.400000 3.500000
v -3.600000 0.500000 3.500000
v -3.500000 0.400000 3.500000
v -3.500000 0.500000 3.500000
v -3.500000 0.600000 3.500000
v -1.700000 0.500000 3.500000
v -1.700000 0.600000 3.500000
v -1.600000 0.400000 3.500000
v -1.600000 0.500000 3.500000
v -1.500000 0.400000 3.500000
v -1.500000 0.500000 3.500000
v -1.500000 0.600000 3.500000
v 0.299999 0.500000 3.500000
v 0.299999 0.600000 3.500000
v 0.400000 0.400000 3.500000
v 0.400000 0.500000 3.500000
v 0.500000 0.400000 3.500000
v 0.500000 0.500000 3.500000
v 0.500000 0.600000 3.500000
v 2.300000 0.500000 3.500000
v 2.300000 0.600000 3.500000
v 2.400000 0.400000 3.500000
v 2.400000 0.500000 3.500000
v 2.500000 0.400000 3.500000
v 2.500000 0.500000 3.500000
v 2.500000 0.600000 3.500000
v 4.300000 0.500000 3.500000
v 4.300000 0.600000 3.500000
v -15.600000 0.400001 15.700000
v -15.600000 0.500001 15.700000
v -15.500000 0.500001 15.700000
v -15.500000 0.600001 15.700000
v -13.700000 0.400001 15.700000
v -13.700000 0.600001 15.700000
v -13.600000 0.400001 15.700000
v -13.600000 0.500001 15.700000
v -13.500000 0.500001 15.700000
v -13.500000 0.600001 15.700000
v -11.700000 0.400001 15.700000
v -11.700000 0.600001 15.700000
v -11.600000 0.400001 15.700000
v -11.600000 0.500001 15.700000
v -11.500000 0.500001 15.700000
v -11.500000 0.600001 15.700000
v -9.700000 0.400001 15.700000
v -9.700000 0.600001 15.700000
v -9.600000 0.400001 15.700000
v -9.600000 0.500001 15.700000
v -9.500000 0.500001 15.700000
v -9.500000 0.600001 15.700000
v -7.700000 0.400001 15.700000
v -7.700000 0.600001 15.700000
v -7.600000 0.400001 15.700000
v -7.600000 0.500001 15.700000
v -7.500000 0.500001 15.700000
v -7.500000 0.600001 15.700000
v -5.700000 0.400001 15.700000
v -5.700000 0.600001 15.700000
v -5.600000 0.400001 15.700000
v -5.600000 0.500001 15.700000
v -5.500000 0.500001 15.700000
v -5.500000 0.600001 15.700000
v -3.700000 0.400001 15.700000
v -3.700000 0.600001 15.700000
v -3.600000 0.400001 15.700000
v -3.600000 0.500001 15.700000
v -3.500000 0.500001 15.700000
v -3.500000 0.600001 15.700000
v -1.700000 0.400001 15.700000
v -1.700000 0.600001 15.700000
v -1.600000 0.400001 15.700000
v -1.600000 0.500001 15.700000
v -1.500000 0.500001 15.700000
v -1.500000 0.600001 15.700000
v 0.299999 0.400001 15.700000
v 0.299999 0.600001 15.700000
v 0.400000 0.400001 15.700000
v 0.400000 0.500001 15.700000
v 0.500000 0.500001 15.700000
v 0.500000 0.600001 15.700000
v 2.300000 0.400001 15.700000
v 2.300000 0.600001 15.700000
v 2.400000 0.400001 15.700000
v 2.400000 0.500001 15.700000
v 2.500000 0.500001 15.700000
v 2.500000 0.600001 15.700000
v 4.300000 0.400001 15.700000
v 4.300000 0.600001 15.700000
v -15.600000 0.400001 13.700000
v -15.600000 0.500001 13.700000
v -15.500000 0.500001 13.700000
v -15.500000 0.600001 13.700000
v -13.700000 0.400001 13.700000
v -13.700000 0.600001 13.700000
v -13.600000 0.400001 13.700000
v -13.600000 0.500001 13.700000
v -13.500000 0.500001 13.700000
v -13.500000 0.600001 13.700000
v -11.700000 0.400001 13.700000
v -11.700000 0.600001 13.700000
v -11.600000 0.400001 13.700000
v -11.600000 0.500001 13.700000
v -11.500000 0.500001 13.700000
v -11.500000 0.600001 13.700000
v -9.700000 0.400001 13.700000
v -9.700000 0.600001 13.700000
v -9.600000 0.400001 13.700000
v -9.600000 0.500001 13.700000
v -9.500000 0.500001 13.700000
v -9.500000 0.600001 13.700000
v -7.700000 0.400001 13.700000
v -7.700000 0.600001 13.700000
v -7.600000 0.400001 13.700000
v -7.600000 0.500001 13.700000
v -7.500000 0.500001 13.700000
v -7.500000 0.600001 13.700000
v -5.700000 0.400001 13.700000
v -5.700000 0.600001 13.700000
v -5.600000 0.400001 13.700000
v -5.600000 0.500001 13.700000
v -5.500000 0.500001 13.700000
v -5.500000 0.600001 13.700000
v -3.700000 0.400001 13.700000
v -3.700000 0.600001 13.700000
v -3.600000 0.400001 13.700000
v -3.600000 0.500001 13.700000
v -3.500000 0.500001 13.700000
v -3.500000 0.600001 13.700000
v -1.700000 0.400001 13.700000
v -1.700000 0.600001 13.700000
v -1.600000 0.400001 13.700000
v -1.600000 0.500001 13.700000
v -1.500000 0.500001 13.700000
v -1.500000 0.600001 13.700000
v 0.299999 0.400001 13.700000
v 0.299999 0.600001 13.700000
v 0.400000 0.400001 13.700000
v 0.400000 0.500001 13.700000
v 0.500000 0.500001 13.700000
v 0.500000 0.600001 13.700000
v 2.300000 0.400001 13.700000
v 2.300000 0.600001 13.700000
v 2.400000 0.400001 13.700000
v 2.400000 0.500001 13.700000
v 2.500000 0.500001 13.700000
v 2.500000 0.600001 13.700000
v 4.300000 0.400001 13.700000
v 4.300000 0.600001 13.700000
v -15.600000 0.400001 11.700000
v -15.600000 0.500001 11.700000
v -15.500000 0.500001 11.700000
v -15.500000 0.600001 11.700000
v -13.700000 0.400001 11.700000
v -13.700000 0.600001 11.700000
v -13.600000 0.400001 11.700000
v -13.600000 0.500001 11.700000
v -13.500000 0.500001 11.700000
v -13.500000 0.600001 11.700000
v -11.700000 0.400001 11.700000
v -11.700000 0.600001 11.700000
v -11.600000 0.400001 11.700000
v -11.600000 0.500001 11.700000
v -11.500000 0.500001 11.700000
v -11.500000 0.600001 11.700000
v -9.700000 0.400001 11.700000
v -9.700000 0.600001 11.700000
v -9.600000 0.400001 11.700000
v -9.600000 0.500001 11.700000
v -9.500000 0.500001 11.700000
v -9.500000 0.600001 11.700000
v -7.700000 0.400001 11.700000
v -7.700000 0.600001 11.700000
v -7.600000 0.400001 11.700000
v -7.600000 0.500001 11.700000
v -7.500000 0.500001 11.700000
v -7.500000 0.600001 11.700000
v -5.700000 0.400001 11.700000
v -5.700000 0.600001 11.700000
v -5.600000 0.400001 11.700000
v -5.600000 0.500001 11.700000
v -5.500000 0.500001 11.700000
v -5.500000 0.600001 11.700000
v -3.700000 0.400001 11.700000
v -3.700000 0.600001 11.700000
v -3.600000 0.400001 11.700000
v -3.600000 0.500001 11.700000
v -3.500000 0.500001 11.700000
v -3.500000 0.600001 11.700000
v -1.700000 0.400001 11.700000
v -1.700000 0.600001 11.700000
v -1.600000 0.400001 11.700000
v -1.600000 0.500001 11.700000
v -1.500000 0.500001 11.700000
v -1.500000 0.600001 11.700000
v 0.299999 0.400001 11.700000
v 0.299999 0.600001 11.700000
v 0.400000 0.400001 11.700000
v 0.400000 0.500001 11.700000
v 0.500000 0.500001 11.700000
v 0.500000 0.600001 11.700000
v 2.300000 0.400001 11.700000
v 2.300000 0.600001 11.700000
v 2.400000 0.400001 11.700000
v 2.400000 0.500001 11.700000
v 2.500000 0.500001 11.700000
v 2.500000 0.600001 11.700000
v 4.300000 0.400001 11.700000
v 4.300000 0.600001 11.700000
v -15.600000 0.400001 9.700000
v -15.600000 0.500001 9.700000
v -15.500000 0.500001 9.700000
v -15.500000 0.600001 9.700000
v -13.700000 0.400001 9.700000
v -13.700000 0.600001 9.700000
v -13.600000 0.400001 9.700000
v -13.600000 0.500001 9.700000
v -13.500000 0.500001 9.700000
v -13.500000 0.600001 9.700000
v -11.700000 0.400001 9.700000
v -11.700000 0.600001 9.700000
v -11.600000 0.400001 9.700000
v -11.600000 0.500001 9.700000
v -11.500000 0.500001 9.700000
v -11.500000 0.600001 9.700000
v -9.700000 0.400001 9.700000
v -9.700000 0.600001 9.700000
v -9.600000 0.400001 9.700000
v -9.600000 0.500001 9.700000
v -9.500000 0.500001 9.700000
v -9.500000 0.600001 9.700000
v -7.700000 0.400001 9.700000
v -7.700000 0.600001 9.700000
v -7.600000 0.400001 9.700000
v -7.600000 0.500001 9.700000
v -7.500000 0.500001 9.700000
v -7.500000 0.600001 9.700000
v -5.700000 0.400001 9.700000
v -5.700000 0.600001 9.700000
v -5.600000 0.400001 9.700000
v -5.600000 0.500001 9.700000
v -5.500000 0.500001 9.700000
v -5.500000 0.600001 9.700000
v -3.700000 0.400001 9.700000
v -3.700000 0.600001 9.700000
v -3.600000 0.400001 9.700000
v -3.600000 0.500001 9.700000
v -3.500000 0.500001 9.700000
v -3.500000 0.600001 9.700000
v -1.700000 0.400001 9.700000
v -1.700000 0.600001 9.700000
v -1.600000 0.400001 9.700000
v -1.600000 0.500001 9.700000
v -1.500000 0.500001 9.700000
v -1.500000 0.600001 9.700000
v 0.299999 0.400001 9.700000
v 0.299999 0.600001 9.700000
v 0.400000 0.400001 9.700000
v 0.400000 0.500001 9.700000
v 0.500000 0.500001 9.700000
v 0.500000 0.600001 9.700000
v 2.300000 0.400001 9.700000
v 2.300000 0.600001 9.700000
v 2.400000 0.400001 9.700000
v 2.400000 0.500001 9.700000
v 2.500000 0.500001 9.700000
v 2.500000 0.600001 9.700000
v 4.300000 0.400001 9.700000
v 4.300000 0.600001 9.700000
v -15.600000 0.400001 7.700000
v -15.600000 0.500001 7.700000
v -15.500000 0.500001 7.700000
v -15.500000 0.600001 7.700000
v -13.700000 0.400001 7.700000
v -13.700000 0.600001 7.700000
v -13.600000 0.400001 7.700000
v -13.600000 0.500001 7.700000
v -13.500000 0.500001 7.700000
v -13.500000 0.600001 7.700000
v -11.700000 0.400001 7.700000
v -11.700000 0.600001 7.700000
v -11.600000 0.400001 7.700000
v -11.600000 0.500001 7.700000
v -11.500000 0.500001 7.700000
v -11.500000 0.600001 7.700000
v -9.700000 0.400001 7.700000
v -9.700000 0.600001 7.700000
v -9.600000 0.400001 7.700000
v -9.600000 0.500001 7.700000
v -9.500000 0.500001 7.700000
v -9.500000 0.600001 7.700000
v -7.700000 0.400001 7.700000
v -7.700000 0.600001 7.700000
v -7.600000 0.400001 7.700000
v -7.600000 0.500001 7.700000
v -7.500000 0.500001 7.700000
v -7.500000 0.600001 7.700000
v -5.700000 0.400001 7.700000
v -5.700000 0.600001 7.700000
v -5.600000 0.400001 7.700000
v -5.600000 0.500001 7.700000
v -5.500000 0.500001 7.700000
v -5.500000 0.600001 7.700000
v -3.700000 0.400001 7.700000
v -3.700000 0.600001 7.700000
v -3.600000 0.400001 7.700000
v -3.600000 0.500001 7.700000
v -3.500000 0.500001 7.700000
v -3.500000 0.600001 7.700000
v -1.700000 0.400001 7.700000
v -1.700000 0.600001 7.700000
v -1.600000 0.400001 7.700000
v -1.600000 0.500001 7.700000
v -1.500000 0.500001 7.700000
v -1.500000 0.600001 7.700000
v 0.299999 0.400001 7.700000
v 0.299999 0.600001 7.700000
v 0.400000 0.400001 7.700000
v 0.400000 0.500001 7.700000
v 0.500000 0.500001 7.700000
v 0.500000 0.600001 7.700000
v 2.300000 0.400001 7.700000
v 2.300000 0.600001 7.700000
v 2.400000 0.400001 7.700000
v 2.400000 0.500001 7.700000
v 2.500000 0.500001 7.700000
v 2.500000 0.600001 7.700000
v 4.300000 0.400001 7.700000
v 4.300000 0.600001 7.700000
v -15.600000 0.400000 5.700000
v -15.600000 0.500000 5.700000
v -15.500000 0.500000 5.700000
v -15.500000 0.600000 5.700000
v -13.700000 0.400000 5.700000
v -13.700000 0.600000 5.700000
v -13.600000 0.400000 5.700000
v -13.600000 0.500000 5.700000
v -13.500000 0.500000 5.700000
v -13.500000 0.600000 5.700000
v -11.700000 0.400000 5.700000
v -11.700000 0.600000 5.700000
v -11.600000 0.400000 5.700000
v -11.600000 0.500000 5.700000
v -11.500000 0.500000 5.700000
v -11.500000 0.600000 5.700000
v -9.700000 0.400000 5.700000
v -9.700000 0.600000 5.700000
v -9.600000 0.400000 5.700000
v -9.600000 0.500000 5.700000
v -9.500000 0.500000 5.700000
v -9.500000 0.600000 5.700000
v -7.700000 0.400000 5.700000
v -7.700000 0.600000 5.700000
v -7.600000 0.400000 5.700000
v -7.600000 0.500000 5.700000
v -7.500000 0.500000 5.700000
v -7.500000 0.600000 5.700000
v -5.700000 0.400000 5.700000
v -5.700000 0.600000 5.700000
v -5.600000 0.400000 5.700000
v -5.600000 0.500000 5.700000
v -5.500000 0.500000 5.700000
v -5.500000 0.600000 5.700000
v -3.700000 0.400000 5.700000
v -3.700000 0.600000 5.700000
v -3.600000 0.400000 5.700000
v -3.600000 0.500000 5.700000
v -3.500000 0.500000 5.700000
v -3.500000 0.600000 5.700000
v -1.700000 0.400000 5.700000
v -1.700000 0.600000 5.700000
v -1.600000 0.400000 5.700000
v -1.600000 0.500000 5.700000
v -1.500000 0.500000 5.700000
v -1.500000 0.600000 5.700000
v 0.299999 0.400000 5.700000
v 0.299999 0.600000 5.700000
v 0.400000 0.400000 5.700000
v 0.400000 0.500000 5.700000
v 0.500000 0.500000 5.700000
v 0.500000 0.600000 5.700000
v 2.300000 0.400000 5.700000
v 2.300000 0.600000 5.700000
v 2.400000 0.400000 5.700000
v 2.400000 0.500000 5.700000
v 2.500000 0.500000 5.700000
v 2.500000 0.600000 5.700000
v 4.300000 0.400000 5.700000
v 4.300000 0.600000 5.700000
v -15.600000 0.400000 3.700000
v -15.600000 0.500000 3.700000
v -15.500000 0.500000 3.700000
v -15.500000 0.600000 3.700000
v -13.700000 0.400000 3.700000
v -13.700000 0.600000 3.700000
v -13.600000 0.400000 3.700000
v -13.600000 0.500000 3.700000
v -13.500000 0.500000 3.700000
v -13.500000 0.600000 3.700000
v -11.700000 0.400000 3.700000
v -11.700000 0.600000 3.700000
v -11.600000 0.400000 3.700000
v -11.600000 0.500000 3.700000
v -11.500000 0.500000 3.700000
v -11.500000 0.600000 3.700000
v -9.700000 0.400000 3.700000
v -9.700000 0.600000 3.700000
v -9.600000 0.400000 3.700000
v -9.600000 0.500000 3.700000
v -9.500000 0.500000 3.700000
v -9.500000 0.600000 3.700000
v -7.700000 0.400000 3.700000
v -7.700000 0.600000 3.700000
v -7.600000 0.400000 3.700000
v -7.600000 0.500000 3.700000
v -7.500000 0.500000 3.700000
v -7.500000 0.600000 3.700000
v -5.700000 0.400000 3.700000
v -5.700000 0.600000 3.700000
v -5.600000 0.400000 3.700000
v -5.600000 0.500000 3.700000
v -5.500000 0.500000 3.700000
v -5.500000 0.600000 3.700000
v -3.700000 0.400000 3.700000
v -3.700000 0.600000 3.700000
v -3.600000 0.400000 3.700000
v -3.600000 0.500000 3.700000
v -3.500000 0.500000 3.700000
v -3.500000 0.600000 3.700000
v -1.700000 0.400000 3.700000
v -1.700000 0.600000 3.700000
v -1.600000 0.400000 3.700000
v -1.600000 0.500000 3.700000
v -1.500000 0.500000 3.700000
v -1.500000 0.600000 3.700000
v 0.299999 0.400000 3.700000
v 0.299999 0.600000 3.700000
v 0.400000 0.400000 3.700000
v 0.400000 0.500000 3.700000
v 0.500000 0.500000 3.700000
v 0.500000 0.600000 3.700000
v 2.300000 0.400000 3.700000
v 2.300000 0.600000 3.700000
v 2.400000 0.400000 3.700000
v 2.400000 0.500000 3.700000
v 2.500000 0.500000 3.700000
v 2.500000 0.600000 3.700000
v 4.300000 0.400000 3.700000
v 4.300000 0.600000 3.700000
v -15.600000 0.400000 1.700000
v -15.600000 0.500000 1.700000
v -15.500000 0.500000 1.700000
v -15.500000 0.600000 1.700000
v -13.700000 0.400000 1.700000
v -13.700000 0.600000 1.700000
v -13.600000 0.400000 1.700000
v -13.600000 0.500000 1.700000
v -13.500000 0.500000 1.700000
v -13.500000 0.600000 1.700000
v -11.700000 0.400000 1.700000
v -11.700000 0.600000 1.700000
v -11.600000 0.400000 1.700000
v -11.600000 0.500000 1.700000
v -11.500000 0.500000 1.700000
v -11.500000 0.600000 1.700000
v -9.700000 0.400000 1.700000
v -9.700000 0.600000 1.700000
v -9.600000 0.400000 1.700000
v -9.600000 0.500000 1.700000
v -9.500000 0.500000 1.700000
v -9.500000 0.600000 1.700000
v -7.700000 0.400000 1.700000
v -7.700000 0.600000 1.700000
v -7.600000 0.400000 1.700000
v -7.600000 0.500000 1.700000
v -7.500000 0.500000 1.700000
v -7.500000 0.600000 1.700000
v -5.700000 0.400000 1.700000
v -5.700000 0.600000 1.700000
v -5.600000 0.400000 1.700000
v -5.600000 0.500000 1.700000
v -5.500000 0.500000 1.700000
v -5.500000 0.600000 1.700000
v -3.700000 0.400000 1.700000
v -3.700000 0.600000 1.700000
v -3.600000 0.400000 1.700000
v -3.600000 0.500000 1.700000
v -3.500000 0.500000 1.700000
v -3.500000 0.600000 1.700000
v -1.700000 0.400000 1.700000
v -1.700000 0.600000 1.700000
v -1.600000 0.400000 1.700000
v -1.600000 0.500000 1.700000
v -1.500000 0.500000 1.700000
v -1.500000 0.600000 1.700000
v 0.299999 0.400000 1.700000
v 0.299999 0.600000 1.700000
v 0.400000 0.400000 1.700000
v 0.400000 0.500000 1.700000
v 0.500000 0.500000 1.700000
v 0.500000 0.600000 1.700000
v 2.300000 0.400000 1.700000
v 2.300000 0.600000 1.700000
v 2.400000 0.400000 1.700000
v 2.400000 0.500000 1.700000
v 2.500000 0.500000 1.700000
v 2.500000 0.600000 1.700000
v 4.300000 0.400000 1.700000
v 4.300000 0.600000 1.700000
v -15.600000 0.000000 1.600000
v -15.600000 0.300000 1.600000
v -15.600000 0.400000 1.600000
v -15.500000 0.200000 1.600000
v -15.500000 0.300000 1.600000
v -13.700000 0.200000 1.600000
v -13.700000 0.300000 1.600000
v -13.500000 0.200000 1.600000
v -13.500000 0.300000 1.600000
v -11.700000 0.200000 1.600000
v -11.700000 0.300000 1.600000
v -11.500000 0.200000 1.600000
v -11.500000 0.300000 1.600000
v -9.700000 0.200000 1.600000
v -9.700000 0.300000 1.600000
v -9.500000 0.200000 1.600000
v -9.500000 0.300000 1.600000
v -7.700000 0.200000 1.600000
v -7.700000 0.300000 1.600000
v -7.500000 0.200000 1.600000
v -7.500000 0.300000 1.600000
v -5.700000 0.200000 1.600000
v -5.700000 0.300000 1.600000
v -5.500000 0.200000 1.600000
v -5.500000 0.300000 1.600000
v -3.700000 0.200000 1.600000
v -3.700000 0.300000 1.600000
v -3.500000 0.200000 1.600000
v -3.500000 0.300000 1.600000
v -1.700000 0.200000 1.600000
v -1.700000 0.300000 1.600000
v -1.500000 0.200000 1.600000
v -1.500000 0.300000 1.600000
v 0.299999 0.200000 1.600000
v 0.299999 0.300000 1.600000
v 0.500000 0.200000 1.600000
v 0.500000 0.300000 1.600000
v 2.300000 0.200000 1.600000
v 2.300000 0.300000 1.600000
v 2.500000 0.200000 1.600000
v 2.500000 0.300000 1.600000
v 4.300000 0.200000 1.600000
v 4.300000 0.300000 1.600000
v 4.400000 0.000000 1.600000
v 4.400000 0.300000 1.600000
v 4.400000 0.400000 1.600000
v -15.600000 0.000001 17.600000
v 4.400000 0.000001 17.600000
v -15.600000 0.000000 1.600000
v 4.400000 0.000000 1.600000
v -15.600000 0.400001 17.600000
v -15.500000 0.400001 17.600000
v -13.700000 0.400001 17.600000
v -13.500000 0.400001 17.600000
v -11.700000 0.400001 17.600000
v -11.500000 0.400001 17.600000
v -9.700000 0.400001 17.600000
v -9.500000 0.400001 17.600000
v -7.700000 0.400001 17.600000
v -7.500000 0.400001 17.600000
v -5.700000 0.400001 17.600000
v -5.500000 0.400001 17.600000
v -3.700000 0.400001 17.600000
v -3.500000 0.400001 17.600000
v -1.700000 0.400001 17.600000
v -1.500000 0.400001 17.600000
v 0.299999 0.400001 17.600000
v 0.500000 0.400001 17.600000
v 2.300000 0.400001 17.600000
v 2.500000 0.400001 17.600000
v 4.300000 0.400001 17.600000
v 4.400000 0.400001 17.600000
v -15.600000 0.400001 17.500000
v -15.500000 0.400001 17.500000
v -13.600000 0.400001 17.500000
v -13.500000 0.400001 17.500000
v -11.600000 0.400001 17.500000
v -11.500000 0.400001 17.500000
v -9.600000 0.400001 17.500000
v -9.500000 0.400001 17.500000
v -7.600000 0.400001 17.500000
v -7.500000 0.400001 17.500000
v -5.600000 0.400001 17.500000
v -5.500000 0.400001 17.500000
v -3.600000 0.400001 17.500000
v -3.500000 0.400001 17.500000
v -1.600000 0.400001 17.500000
v -1.500000 0.400001 17.500000
v 0.400000 0.400001 17.500000
v 0.500000 0.400001 17.500000
v 2.400000 0.400001 17.500000
v 2.500000 0.400001 17.500000
v -15.600000 0.400001 15.700000
v -13.700000 0.400001 15.700000
v -13.600000 0.400001 15.700000
v -11.700000 0.400001 15.700000
v -11.600000 0.400001 15.700000
v -9.700000 0.400001 15.700000
v -9.600000 0.400001 15.700000
v -7.700000 0.400001 15.700000
v -7.600000 0.400001 15.700000
v -5.700000 0.400001 15.700000
v -5.600000 0.400001 15.700000
v -3.700000 0.400001 15.700000
v -3.600000 0.400001 15.700000
v -1.700000 0.400001 15.700000
v -1.600000 0.400001 15.700000
v 0.299999 0.400001 15.700000
v 0.400000 0.400001 15.700000
v 2.300000 0.400001 15.700000
v 2.400000 0.400001 15.700000
v 4.300000 0.400001 15.700000
v -15.500000 0.400001 15.600000
v -13.700000 0.400001 15.600000
v -13.500000 0.400001 15.600000
v -11.700000 0.400001 15.600000
v -11.500000 0.400001 15.600000
v -9.700000 0.400001 15.600000
v -9.500000 0.400001 15.600000
v -7.700000 0.400001 15.600000
v -7.500000 0.400001 15.600000
v -5.700000 0.400001 15.600000
v -5.500000 0.400001 15.600000
v -3.700000 0.400001 15.600000
v -3.500000 0.400001 15.600000
v -1.700000 0.400001 15.600000
v -1.500000 0.400001 15.600000
v 0.299999 0.400001 15.600000
v 0.500000 0.400001 15.600000
v 2.300000 0.400001 15.600000
v 2.500000 0.400001 15.600000
v 4.300000 0.400001 15.600000
v -15.600000 0.400001 15.500000
v -15.500000 0.400001 15.500000
v -13.600000 0.400001 15.500000
v -13.500000 0.400001 15.500000
v -11.600000 0.400001 15.500000
v -11.500000 0.400001 15.500000
v -9.600000 0.400001 15.500000
v -9.500000 0.400001 15.500000
v -7.600000 0.400001 15.500000
v -7.500000 0.400001 15.500000
v -5.600000 0.400001 15.500000
v -5.500000 0.400001 15.500000
v -3.600000 0.400001 15.500000
v -3.500000 0.400001 15.500000
v -1.600000 0.400001 15.500000
v -1.500000 0.400001 15.500000
v 0.400000 0.400001 15.500000
v 0.500000 0.400001 15.500000
v 2.400000 0.400001 15.500000
v 2.500000 0.400001 15.500000
v -15.600000 0.400001 13.700000
v -13.700000 0.400001 13.700000
v -13.600000 0.400001 13.700000
v -11.700000 0.400001 13.700000
v -11.600000 0.400001 13.700000
v -9.700000 0.400001 13.700000
v -9.600000 0.400001 13.700000
v -7.700000 0.400001 13.700000
v -7.600000 0.400001 13.700000
v -5.700000 0.400001 13.700000
v -5.600000 0.400001 13.700000
v -3.700000 0.400001 13.700000
v -3.600000 0.400001 13.700000
v -1.700000 0.400001 13.700000
v -1.600000 0.400001 13.700000
v 0.299999 0.400001 13.700000
v 0.400000 0.400001 13.700000
v 2.300000 0.400001 13.700000
v 2.400000 0.400001 13.700000
v 4.300000 0.400001 13.700000
v -15.500000 0.400001 13.600000
v -13.700000 0.400001 13.600000
v -13.500000 0.400001 13.600000
v -11.700000 0.400001 13.600000
v -11.500000 0.400001 13.600000
v -9.700000 0.400001 13.600000
v -9.500000 0.400001 13.600000
v -7.700000 0.400001 13.600000
v -7.500000 0.400001 13.600000
v -5.700000 0.400001 13.600000
v -5.500000 0.400001 13.600000
v -3.700000 0.400001 13.600000
v -3.500000 0.400001 13.600000
v -1.700000 0.400001 13.600000
v -1.500000 0.400001 13.600000
v 0.299999 0.400001 13.600000
v 0.500000 0.400001 13.600000
v 2.300000 0.400001 13.600000
v 2.500000 0.400001 13.600000
v 4.300000 0.400001 13.600000
v -15.600000 0.400001 13.500000
v -15.500000 0.400001 13.500000
v -13.600000 0.400001 13.500000
v -13.500000 0.400001 13.500000
v -11.600000 0.400001 13.500000
v -11.500000 0.400001 13.500000
v -9.600000 0.400001 13.500000
v -9.500000 0.400001 13.500000
v -7.600000 0.400001 13.500000
v -7.500000 0.400001 13.500000
v -5.600000 0.400001 13.500000
v -5.500000 0.400001 13.500000
v -3.600000 0.400001 13.500000
v -3.500000 0.400001 13.500000
v -1.600000 0.400001 13.500000
v -1.500000 0.400001 13.500000
v 0.400000 0.400001 13.500000
v 0.500000 0.400001 13.500000
v 2.400000 0.400001 13.500000
v 2.500000 0.400001 13.500000
v -15.600000 0.400001 11.700000
v -13.700000 0.400001 11.700000
v -13.600000 0.400001 11.700000
v -11.700000 0.400001 11.700000
v -11.600000 0.400001 11.700000
v -9.700000 0.400001 11.700000
v -9.600000 0.400001 11.700000
v -7.700000 0.400001 11.700000
v -7.600000 0.400001 11.700000
v -5.700000 0.400001 11.700000
v -5.600000 0.400001 11.700000
v -3.700000 0.400001 11.700000
v -3.600000 0.400001 11.700000
v -1.700000 0.400001 11.700000
v -1.600000 0.400001 11.700000
v 0.299999 0.400001 11.700000
v 0.400000 0.400001 11.700000
v 2.300000 0.400001 11.700000
v 2.400000 0.400001 11.700000
v 4.300000 0.400001 11.700000
v -15.500000 0.400001 11.600000
v -13.700000 0.400001 11.600000
v -13.500000 0.400001 11.600000
v -11.700000 0.400001 11.600000
v -11.500000 0.400001 11.600000
v -9.700000 0.400001 11.600000
v -9.500000 0.400001 11.600000
v -7.700000 0.400001 11.600000
v -7.500000 0.400001 11.600000
v -5.700000 0.400001 11.600000
v -5.500000 0.400001 11.600000
v -3.700000 0.400001 11.600000
v -3.500000 0.400001 11.600000
v -1.700000 0.400001 11.600000
v -1.500000 0.400001 11.600000
v 0.299999 0.400001 11.600000
v 0.500000 0.400001 11.600000
v 2.300000 0.400001 11.600000
v 2.500000 0.400001 11.600000
v 4.300000 0.400001 11.600000
v -15.600000 0.400001 11.500000
v -15.500000 0.400001 11.500000
v -13.600000 0.400001 11.500000
v -13.500000 0.400001 11.500000
v -11.600000 0.400001 11.500000
v -11.500000 0.400001 11.500000
v -9.600000 0.400001 11.500000
v -9.500000 0.400001 11.500000
v -7.600000 0.400001 11.500000
v -7.500000 0.400001 11.500000
v -5.600000 0.400001 11.500000
v -5.500000 0.400001 11.500000
v -3.600000 0.400001 11.500000
v -3.500000 0.400001 11.500000
v -1.600000 0.400001 11.500000
v -1.500000 0.400001 11.500000
v 0.400000 0.400001 11.500000
v 0.500000 0.400001 11.500000
v 2.400000 0.400001 11.500000
v 2.500000 0.400001 11.500000
v -15.600000 0.400001 9.700000
v -13.700000 0.400001 9.700000
v -13.600000 0.400001 9.700000
v -11.700000 0.400001 9.700000
v -11.600000 0.400001 9.700000
v -9.700000 0.400001 9.700000
v -9.600000 0.400001 9.700000
v -7.700000 0.400001 9.700000
v -7.600000 0.400001 9.700000
v -5.700000 0.400001 9.700000
v -5.600000 0.400001 9.700000
v -3.700000 0.400001 9.700000
v -3.600000 0.400001 9.700000
v -1.700000 0.400001 9.700000
v -1.600000 0.400001 9.700000
v 0.299999 0.400001 9.700000
v 0.400000 0.400001 9.700000
v 2.300000 0.400001 9.700000
v 2.400000 0.400001 9.700000
v 4.300000 0.400001 9.700000
v -15.500000 0.400001 9.600000
v -13.700000 0.400001 9.600000
v -13.500000 0.400001 9.600000
v -11.700000 0.400001 9.600000
v -11.500000 0.400001 9.600000
v -9.700000 0.400001 9.600000
v -9.500000 0.400001 9.600000
v -7.700000 0.400001 9.600000
v -7.500000 0.400001 9.600000
v -5.700000 0.400001 9.600000
v -5.500000 0.400001 9.600000
v -3.700000 0.400001 9.600000
v -3.500000 0.400001 9.600000
v -1.700000 0.400001 9.600000
v -1.500000 0.400001 9.600000
v 0.299999 0.400001 9.600000
v 0.500000 0.400001 9.600000
v 2.300000 0.400001 9.600000
v 2.500000 0.400001 9.600000
v 4.300000 0.400001 9.600000
v -15.600000 0.400001 9.500000
v -15.500000 0.400001 9.500000
v -13.600000 0.400001 9.500000
v -13.500000 0.400001 9.500000
v -11.600000 0.400001 9.500000
v -11.500000 0.400001 9.500000
v -9.600000 0.400001 9.500000
v -9.500000 0.400001 9.500000
v -7.600000 0.400001 9.500000
v -7.500000 0.400001 9.500000
v -5.600000 0.400001 9.500000
v -5.500000 0.400001 9.500000
v -3.600000 0.400001 9.500000
v -3.500000 0.400001 9.500000
v -1.600000 0.400001 9.500000
v -1.500000 0.400001 9.500000
v 0.400000 0.400001 9.500000
v 0.500000 0.400001 9.500000
v 2.400000 0.400001 9.500000
v 2.500000 0.400001 9.500000
v -15.600000 0.400001 7.700000
v -13.700000 0.400001 7.700000
v -13.600000 0.400001 7.700000
v -11.700000 0.400001 7.700000
v -11.600000 0.400001 7.700000
v -9.700000 0.400001 7.700000
v -9.600000 0.400001 7.700000
v -7.700000 0.400001 7.700000
v -7.600000 0.400001 7.700000
v -5.700000 0.400001 7.700000
v -5.600000 0.400001 7.700000
v -3.700000 0.400001 7.700000
v -3.600000 0.400001 7.700000
v -1.700000 0.400001 7.700000
v -1.600000 0.400001 7.700000
v 0.299999 0.400001 7.700000
v 0.400000 0.400001 7.700000
v 2.300000 0.400001 7.700000
v 2.400000 0.400001 7.700000
v 4.300000 0.400001 7.700000
v -15.500000 0.400001 7.600000
v -13.700000 0.400001 7.600000
v -13.500000 0.400001 7.600000
v -11.700000 0.400001 7.600000
v -11.500000 0.400001 7.600000
v -9.700000 0.400001 7.600000
v -9.500000 0.400001 7.600000
v -7.700000 0.400001 7.600000
v -7.500000 0.400001 7.600000
v -5.700000 0.400001 7.600000
v -5.500000 0.400001 7.600000
v -3.700000 0.400001 7.600000
v -3.500000 0.400001 7.600000
v -1.700000 0.400001 7.600000
v -1.500000 0.400001 7.600000
v 0.299999 0.400001 7.600000
v 0.500000 0.400001 7.600000
v 2.300000 0.400001 7.600000
v 2.500000 0.400001 7.600000
v 4.300000 0.400001 7.600000
v -15.600000 0.400001 7.500000
v -15.500000 0.400001 7.500000
v -13.600000 0.400001 7.500000
v -13.500000 0.400001 7.500000
v -11.600000 0.400001 7.500000
v -11.500000 0.400001 7.500000
v -9.600000 0.400001 7.500000
v -9.500000 0.400001 7.500000
v -7.600000 0.400001 7.500000
v -7.500000 0.400001 7.500000
v -5.600000 0.400001 7.500000
v -5.500000 0.400001 7.500000
v -3.600000 0.400001 7.500000
v -3.500000 0.400001 7.500000
v -1.600000 0.400001 7.500000
v -1.500000 0.400001 7.500000
v 0.400000 0.400001 7.500000
v 0.500000 0.400001 7.500000
v 2.400000 0.400001 7.500000
v 2.500000 0.400001 7.500000
v -15.600000 0.400000 5.700000
v -13.700000 0.400000 5.700000
v -13.600000 0.400000 5.700000
v -11.700000 0.400000 5.700000
v -11.600000 0.400000 5.700000
v -9.700000 0.400000 5.700000
v -9.600000 0.400000 5.700000
v -7.700000 0.400000 5.700000
v -7.600000 0.400000 5.700000
v -5.700000 0.400000 5.700000
v -5.600000 0.400000 5.700000
v -3.700000 0.400000 5.700000
v -3.600000 0.400000 5.700000
v -1.700000 0.400000 5.700000
v -1.600000 0.400000 5.700000
v 0.299999 0.400000 5.700000
v 0.400000 0.400000 5.700000
v 2.300000 0.400000 5.700000
v 2.400000 0.400000 5.700000
v 4.300000 0.400000 5.700000
v -15.500000 0.400000 5.600000
v -13.700000 0.400000 5.600000
v -13.500000 0.400000 5.600000
v -11.700000 0.400000 5.600000
v -11.500000 0.400000 5.600000
v -9.700000 0.400000 5.600000
v -9.500000 0.400000 5.600000
v -7.700000 0.400000 5.600000
v -7.500000 0.400000 5.600000
v -5.700000 0.400000 5.600000
v -5.500000 0.400000 5.600000
v -3.700000 0.400000 5.600000
v -3.500000 0.400000 5.600000
v -1.700000 0.400000 5.600000
v -1.500000 0.400000 5.600000
v 0.299999 0.400000 5.600000
v 0.500000 0.400000 5.600000
v 2.300000 0.400000 5.600000
v 2.500000 0.400000 5.600000
v 4.300000 0.400000 5.600000
v -15.600000 0.400000 5.500000
v -15.500000 0.400000 5.500000
v -13.600000 0.400000 5.500000
v -13.500000 0.400000 5.500000
v -11.600000 0.400000 5.500000
v -11.500000 0.400000 5.500000
v -9.600000 0.400000 5.500000
v -9.500000 0.400000 5.500000
v -7.600000 0.400000 5.500000
v -7.500000 0.400000 5.500000
v -5.600000 0.400000 5.500000
v -5.500000 0.400000 5.500000
v -3.600000 0.400000 5.500000
v -3.500000 0.400000 5.500000
v -1.600000 0.400000 5.500000
v -1.500000 0.400000 5.500000
v 0.400000 0.400000 5.500000
v 0.500000 0.400000 5.500000
v 2.400000 0.400000 5.500000
v 2.500000 0.400000 5.500000
v -15.600000 0.400000 3.700000
v -13.700000 0.400000 3.700000
v -13.600000 0.400000 3.700000
v -11.700000 0.400000 3.700000
v -11.600000 0.400000 3.700000
v -9.700000 0.400000 3.700000
v -9.600000 0.400000 3.700000
v -7.700000 0.400000 3.700000
v -7.600000 0.400000 3.700000
v -5.700000 0.400000 3.700000
v -5.600000 0.400000 3.700000
v -3.700000 0.400000 3.700000
v -3.600000 0.400000 3.700000
v -1.700000 0.400000 3.700000
v -1.600000 0.400000 3.700000
v 0.299999 0.400000 3.700000
v 0.400000 0.400000 3.700000
v 2.300000 0.400000 3.700000
v 2.400000 0.400000 3.700000
v 4.300000 0.400000 3.700000
v -15.500000 0.400000 3.600000
v -13.700000 0.400000 3.600000
v -13.500000 0.400000 3.600000
v -11.700000 0.400000 3.600000
v -11.500000 0.400000 3.600000
v -9.700000 0.400000 3.600000
v -9.500000 0.400000 3.600000
v -7.700000 0.400000 3.600000
v -7.500000 0.400000 3.600000
v -5.700000 0.400000 3.600000
v -5.500000 0.400000 3.600000
v -3.700000 0.400000 3.600000
v -3.500000 0.400000 3.600000
v -1.700000 0.400000 3.600000
v -1.500000 0.400000 3.600000
v 0.299999 0.400000 3.600000
v 0.500000 0.400000 3.600000
v 2.300000 0.400000 3.600000
v 2.500000 0.400000 3.600000
v 4.300000 0.400000 3.600000
v -15.600000 0.400000 3.500000
v -15.500000 0.400000 3.500000
v -13.600000 0.400000 3.500000
v -13.500000 0.400000 3.500000
v -11.600000 0.400000 3.500000
v -11.500000 0.400000 3.500000
v -9.600000 0.400000 3.500000
v -9.500000 0.400000 3.500000
v -7.600000 0.400000 3.500000
v -7.500000 0.400000 3.500000
v -5.600000 0.400000 3.500000
v -5.500000 0.400000 3.500000
v -3.600000 0.400000 3.500000
v -3.500000 0.400000 3.500000
v -1.600000 0.400000 3.500000
v -1.500000 0.400000 3.500000
v 0.400000 0.400000 3.500000
v 0.500000 0.400000 3.500000
v 2.400000 0.400000 3.500000
v 2.500000 0.400000 3.500000
v -15.600000 0.400000 1.700000
v -13.700000 0.400000 1.700000
v -13.600000 0.400000 1.700000
v -11.700000 0.400000 1.700000
v -11.600000 0.400000 1.700000
v -9.700000 0.400000 1.700000
v -9.600000 0.400000 1.700000
v -7.700000 0.400000 1.700000
v -7.600000 0.400000 1.700000
v -5.700000 0.400000 1.700000
v -5.600000 0.400000 1.700000
v -3.700000 0.400000 1.700000
v -3.600000 0.400000 1.700000
v -1.700000 0.400000 1.700000
v -1.600000 0.400000 1.700000
v 0.299999 0.400000 1.700000
v 0.400000 0.400000 1.700000
v 2.300000 0.400000 1.700000
v 2.400000 0.400000 1.700000
v 4.300000 0.400000 1.700000
v -15.600000 0.400000 1.600000
v 4.400000 0.400000 1.600000
v -15.500000 0.500001 17.600000
v -13.700000 0.500001 17.600000
v -13.500000 0.500001 17.600000
v -11.700000 0.500001 17.600000
v -11.500000 0.500001 17.600000
v -9.700000 0.500001 17.600000
v -9.500000 0.500001 17.600000
v -7.700000 0.500001 17.600000
v -7.500000 0.500001 17.600000
v -5.700000 0.500001 17.600000
v -5.500000 0.500001 17.600000
v -3.700000 0.500001 17.600000
v -3.500000 0.500001 17.600000
v -1.700000 0.500001 17.600000
v -1.500000 0.500001 17.600000
v 0.299999 0.500001 17.600000
v 0.500000 0.500001 17.600000
v 2.300000 0.500001 17.600000
v 2.500000 0.500001 17.600000
v 4.300000 0.500001 17.600000
v -15.600000 0.500001 17.500000
v -15.500000 0.500001 17.500000
v -13.700000 0.500001 17.500000
v -13.600000 0.500001 17.500000
v -13.500000 0.500001 17.500000
v -11.700000 0.500001 17.500000
v -11.600000 0.500001 17.500000
v -11.500000 0.500001 17.500000
v -9.700000 0.500001 17.500000
v -9.600000 0.500001 17.500000
v -9.500000 0.500001 17.500000
v -7.700000 0.500001 17.500000
v -7.600000 0.500001 17.500000
v -7.500000 0.500001 17.500000
v -5.700000 0.500001 17.500000
v -5.600000 0.500001 17.500000
v -5.500000 0.500001 17.500000
v -3.700000 0.500001 17.500000
v -3.600000 0.500001 17.500000
v -3.500000 0.500001 17.500000
v -1.700000 0.500001 17.500000
v -1.600000 0.500001 17.500000
v -1.500000 0.500001 17.500000
v 0.299999 0.500001 17.500000
v 0.400000 0.500001 17.500000
v 0.500000 0.500001 17.500000
v 2.300000 0.500001 17.500000
v 2.400000 0.500001 17.500000
v 2.500000 0.500001 17.500000
v 4.300000 0.500001 17.500000
v -15.600000 0.500001 15.700000
v -15.500000 0.500001 15.700000
v -13.600000 0.500001 15.700000
v -13.500000 0.500001 15.700000
v -11.600000 0.500001 15.700000
v -11.500000 0.500001 15.700000
v -9.600000 0.500001 15.700000
v -9.500000 0.500001 15.700000
v -7.600000 0.500001 15.700000
v -7.500000 0.500001 15.700000
v -5.600000 0.500001 15.700000
v -5.500000 0.500001 15.700000
v -3.600000 0.500001 15.700000
v -3.500000 0.500001 15.700000
v -1.600000 0.500001 15.700000
v -1.500000 0.500001 15.700000
v 0.400000 0.500001 15.700000
v 0.500000 0.500001 15.700000
v 2.400000 0.500001 15.700000
v 2.500000 0.500001 15.700000
v -15.500000 0.500001 15.600000
v -13.700000 0.500001 15.600000
v -13.500000 0.500001 15.600000
v -11.700000 0.500001 15.600000
v -11.500000 0.500001 15.600000
v -9.700000 0.500001 15.600000
v -9.500000 0.500001 15.600000
v -7.700000 0.500001 15.600000
v -7.500000 0.500001 15.600000
v -5.700000 0.500001 15.600000
v -5.500000 0.500001 15.600000
v -3.700000 0.500001 15.600000
v -3.500000 0.500001 15.600000
v -1.700000 0.500001 15.600000
v -1.500000 0.500001 15.600000
v 0.299999 0.500001 15.600000
v 0.500000 0.500001 15.600000
v 2.300000 0.500001 15.600000
v 2.500000 0.500001 15.600000
v 4.300000 0.500001 15.600000
v -15.600000 0.500001 15.500000
v -15.500000 0.500001 15.500000
v -13.700000 0.500001 15.500000
v -13.600000 0.500001 15.500000
v -13.500000 0.500001 15.500000
v -11.700000 0.500001 15.500000
v -11.600000 0.500001 15.500000
v -11.500000 0.500001 15.500000
v -9.700000 0.500001 15.500000
v -9.600000 0.500001 15.500000
v -9.500000 0.500001 15.500000
v -7.700000 0.500001 15.500000
v -7.600000 0.500001 15.500000
v -7.500000 0.500001 15.500000
v -5.700000 0.500001 15.500000
v -5.600000 0.500001 15.500000
v -5.500000 0.500001 15.500000
v -3.700000 0.500001 15.500000
v -3.600000 0.500001 15.500000
v -3.500000 0.500001 15.500000
v -1.700000 0.500001 15.500000
v -1.600000 0.500001 15.500000
v -1.500000 0.500001 15.500000
v 0.299999 0.500001 15.500000
v 0.400000 0.500001 15.500000
v 0.500000 0.500001 15.500000
v 2.300000 0.500001 15.500000
v 2.400000 0.500001 15.500000
v 2.500000 0.500001 15.500000
v 4.300000 0.500001 15.500000
v -15.600000 0.500001 13.700000
v -15.500000 0.500001 13.700000
v -13.600000 0.500001 13.700000
v -13.500000 0.500001 13.700000
v -11.600000 0.500001 13.700000
v -11.500000 0.500001 13.700000
v -9.600000 0.500001 13.700000
v -9.500000 0.500001 13.700000
v -7.600000 0.500001 13.700000
v -7.500000 0.500001 13.700000
v -5.600000 0.500001 13.700000
v -5.500000 0.500001 13.700000
v -3.600000 0.500001 13.700000
v -3.500000 0.500001 13.700000
v -1.600000 0.500001 13.700000
v -1.500000 0.500001 13.700000
v 0.400000 0.500001 13.700000
v 0.500000 0.500001 13.700000
v 2.400000 0.500001 13.700000
v 2.500000 0.500001 13.700000
v -15.500000 0.500001 13.600000
v -13.700000 0.500001 13.600000
v -13.500000 0.500001 13.600000
v -11.700000 0.500001 13.600000
v -11.500000 0.500001 13.600000
v -9.700000 0.500001 13.600000
v -9.500000 0.500001 13.600000
v -7.700000 0.500001 13.600000
v -7.500000 0.500001 13.600000
v -5.700000 0.500001 13.600000
v -5.500000 0.500001 13.600000
v -3.700000 0.500001 13.600000
v -3.500000 0.500001 13.600000
v -1.700000 0.500001 13.600000
v -1.500000 0.500001 13.600000
v 0.299999 0.500001 13.600000
v 0.500000 0.500001 13.600000
v 2.300000 0.500001 13.600000
v 2.500000 0.500001 13.600000
v 4.300000 0.500001 13.600000
v -15.600000 0.500001 13.500000
v -15.500000 0.500001 13.500000
v -13.700000 0.500001 13.500000
v -13.600000 0.500001 13.500000
v -13.500000 0.500001 13.500000
v -11.700000 0.500001 13.500000
v -11.600000 0.500001 13.500000
v -11.500000 0.500001 13.500000
v -9.700000 0.500001 13.500000
v -9.600000 0.500001 13.500000
v -9.500000 0.500001 13.500000
v -7.700000 0.500001 13.500000
v -7.600000 0.500001 13.500000
v -7.500000 0.500001 13.500000
v -5.700000 0.500001 13.500000
v -5.600000 0.500001 13.500000
v -5.500000 0.500001 13.500000
v -3.700000 0.500001 13.500000
v -3.600000 0.500001 13.500000
v -3.500000 0.500001 13.500000
v -1.700000 0.500001 13.500000
v -1.600000 0.500001 13.500000
v -1.500000 0.500001 13.500000
v 0.299999 0.500001 13.500000
v 0.400000 0.500001 13.500000
v 0.500000 0.500001 13.500000
v 2.300000 0.500001 13.500000
v 2.400000 0.500001 13.500000
v 2.500000 0.500001 13.500000
v 4.300000 0.500001 13.500000
v -15.600000 0.500001 11.700000
v -15.500000 0.500001 11.700000
v -13.600000 0.500001 11.700000
v -13.500000 0.500001 11.700000
v -11.600000 0.500001 11.700000
v -11.500000 0.500001 11.700000
v -9.600000 0.500001 11.700000
v -9.500000 0.500001 11.700000
v -7.600000 0.500001 11.700000
v -7.500000 0.500001 11.700000
v -5.600000 0.500001 11.700000
v -5.500000 0.500001 11.700000
v -3.600000 0.500001 11.700000
v -3.500000 0.500001 11.700000
v -1.600000 0.500001 11.700000
v -1.500000 0.500001 11.700000
v 0.400000 0.500001 11.700000
v 0.500000 0.500001 11.700000
v 2.400000 0.500001 11.700000
v 2.500000 0.500001 11.700000
v -15.500000 0.500001 11.600000
v -13.700000 0.500001 11.600000
v -13.500000 0.500001 11.600000
v -11.700000 0.500001 11.600000
v -11.500000 0.500001 11.600000
v -9.700000 0.500001 11.600000
v -9.500000 0.500001 11.600000
v -7.700000 0.500001 11.600000
v -7.500000 0.500001 11.600000
v -5.700000 0.500001 11.600000
v -5.500000 0.500001 11.600000
v -3.700000 0.500001 11.600000
v -3.500000 0.500001 11.600000
v -1.700000 0.500001 11.600000
v -1.500000 0.500001 11.600000
v 0.299999 0.500001 11.600000
v 0.500000 0.500001 11.600000
v 2.300000 0.500001 11.600000
v 2.500000 0.500001 11.600000
v 4.300000 0.500001 11.600000
v -15.600000 0.500001 11.500000
v -15.500000 0.500001 11.500000
v -13.700000 0.500001 11.500000
v -13.600000 0.500001 11.500000
v -13.500000 0.500001 11.500000
v -11.700000 0.500001 11.500000
v -11.600000 0.500001 11.500000
v -11.500000 0.500001 11.500000
v -9.700000 0.500001 11.500000
v -9.600000 0.500001 11.500000
v -9.500000 0.500001 11.500000
v -7.700000 0.500001 11.500000
v -7.600000 0.500001 11.500000
v -7.500000 0.500001 11.500000
v -5.700000 0.500001 11.500000
v -5.600000 0.500001 11.500000
v -5.500000 0.500001 11.500000
v -3.700000 0.500001 11.500000
v -3.600000 0.500001 11.500000
v -3.500000 0.500001 11.500000
v -1.700000 0.500001 11.500000
v -1.600000 0.500001 11.500000
v -1.500000 0.500001 11.500000
v 0.299999 0.500001 11.500000
v 0.400000 0.500001 11.500000
v 0.500000 0.500001 11.500000
v 2.300000 0.500001 11.500000
v 2.400000 0.500001 11.500000
v 2.500000 0.500001 11.500000
v 4.300000 0.500001 11.500000
v -15.600000 0.500001 9.700000
v -15.500000 0.500001 9.700000
v -13.600000 0.500001 9.700000
v -13.500000 0.500001 9.700000
v -11.600000 0.500001 9.700000
v -11.500000 0.500001 9.700000
v -9.600000 0.500001 9.700000
v -9.500000 0.500001 9.700000
v -7.600000 0.500001 9.700000
v -7.500000 0.500001 9.700000
v -5.600000 0.500001 9.700000
v -5.500000 0.500001 9.700000
v -3.600000 0.500001 9.700000
v -3.500000 0.500001 9.700000
v -1.600000 0.500001 9.700000
v -1.500000 0.500001 9.700000
v 0.400000 0.500001 9.700000
v 0.500000 0.500001 9.700000
v 2.400000 0.500001 9.700000
v 2.500000 0.500001 9.700000
v -15.500000 0.500001 9.600000
v -13.700000 0.500001 9.600000
v -13.500000 0.500001 9.600000
v -11.700000 0.500001 9.600000
v -11.500000 0.500001 9.600000
v -9.700000 0.500001 9.600000
v -9.500000 0.500001 9.600000
v -7.700000 0.500001 9.600000
v -7.500000 0.500001 9.600000
v -5.700000 0.500001 9.600000
v -5.500000 0.500001 9.600000
v -3.700000 0.500001 9.600000
v -3.500000 0.500001 9.600000
v -1.700000 0.500001 9.600000
v -1.500000 0.500001 9.600000
v 0.299999 0.500001 9.600000
v 0.500000 0.500001 9.600000
v 2.300000 0.500001 9.600000
v 2.500000 0.500001 9.600000
v 4.300000 0.500001 9.600000
v -15.600000 0.500001 9.500000
v -15.500000 0.500001 9.500000
v -13.700000 0.500001 9.500000
v -13.600000 0.500001 9.500000
v -13.500000 0.500001 9.500000
v -11.700000 0.500001 9.500000
v -11.600000 0.500001 9.500000
v -11.500000 0.500001 9.500000
v -9.700000 0.500001 9.500000
v -9.600000 0.500001 9.500000
v -9.500000 0.500001 9.500000
v -7.700000 0.500001 9.500000
v -7.600000 0.500001 9.500000
v -7.500000 0.500001 9.500000
v -5.700000 0.500001 9.500000
v -5.600000 0.500001 9.500000
v -5.500000 0.500001 9.500000
v -3.700000 0.500001 9.500000
v -3.600000 0.500001 9.500000
v -3.500000 0.500001 9.500000
v -1.700000 0.500001 9.500000
v -1.600000 0.500001 9.500000
v -1.500000 0.500001 9.500000
v 0.299999 0.500001 9.500000
v 0.400000 0.500001 9.500000
v 0.500000 0.500001 9.500000
v 2.300000 0.500001 9.500000
v 2.400000 0.500001 9.500000
v 2.500000 0.500001 9.500000
v 4.300000 0.500001 9.500000
v -15.600000 0.500001 7.700000
v -15.500000 0.500001 7.700000
v -13.600000 0.500001 7.700000
v -13.500000 0.500001 7.700000
v -11.600000 0.500001 7.700000
v -11.500000 0.500001 7.700000
v -9.600000 0.500001 7.700000
v -9.500000 0.500001 7.700000
v -7.600000 0.500001 7.700000
v -7.500000 0.500001 7.700000
v -5.600000 0.500001 7.700000
v -5.500000 0.500001 7.700000
v -3.600000 0.500001 7.700000
v -3.500000 0.500001 7.700000
v -1.600000 0.500001 7.700000
v -1.500000 0.500001 7.700000
v 0.400000 0.500001 7.700000
v 0.500000 0.500001 7.700000
v 2.400000 0.500001 7.700000
v 2.500000 0.500001 7.700000
v -15.500000 0.500001 7.600000
v -13.700000 0.500001 7.600000
v -13.500000 0.500001 7.600000
v -11.700000 0.500001 7.600000
v -11.500000 0.500001 7.600000
v -9.700000 0.500001 7.600000
v -9.500000 0.500001 7.600000
v -7.700000 0.500001 7.600000
v -7.500000 0.500001 7.600000
v -5.700000 0.500001 7.600000
v -5.500000 0.500001 7.600000
v -3.700000 0.500001 7.600000
v -3.500000 0.500001 7.600000
v -1.700000 0.500001 7.600000
v -1.500000 0.500001 7.600000
v 0.299999 0.500001 7.600000
v 0.500000 0.500001 7.600000
v 2.300000 0.500001 7.600000
v 2.500000 0.500001 7.600000
v 4.300000 0.500001 7.600000
v -15.600000 0.500001 7.500000
v -15.500000 0.500001 7.500000
v -13.700000 0.500001 7.500000
v -13.600000 0.500001 7.500000
v -13.500000 0.500001 7.500000
v -11.700000 0.500001 7.500000
v -11.600000 0.500001 7.500000
v -11.500000 0.500001 7.500000
v -9.700000 0.500001 7.500000
v -9.600000 0.500001 7.500000
v -9.500000 0.500001 7.500000
v -7.700000 0.500001 7.500000
v -7.600000 0.500001 7.500000
v -7.500000 0.500001 7.500000
v -5.700000 0.500001 7.500000
v -5.600000 0.500001 7.500000
v -5.500000 0.500001 7.500000
v -3.700000 0.500001 7.500000
v -3.600000 0.500001 7.500000
v -3.500000 0.500001 7.500000
v -1.700000 0.500001 7.500000
v -1.600000 0.500001 7.500000
v -1.500000 0.500001 7.500000
v 0.299999 0.500001 7.500000
v 0.400000 0.500001 7.500000
v 0.500000 0.500001 7.500000
v 2.300000 0.500001 7.500000
v 2.400000 0.500001 7.500000
v 2.500000 0.500001 7.500000
v 4.300000 0.500001 7.500000
v -15.600000 0.500000 5.700000
v -15.500000 0.500000 5.700000
v -13.600000 0.500000 5.700000
v -13.500000 0.500000 5.700000
v -11.600000 0.500000 5.700000
v -11.500000 0.500000 5.700000
v -9.600000 0.500000 5.700000
v -9.500000 0.500000 5.700000
v -7.600000 0.500000 5.700000
v -7.500000 0.500000 5.700000
v -5.600000 0.500000 5.700000
v -5.500000 0.500000 5.700000
v -3.600000 0.500000 5.700000
v -3.500000 0.500000 5.700000
v -1.600000 0.500000 5.700000
v -1.500000 0.500000 5.700000
v 0.400000 0.500000 5.700000
v 0.500000 0.500000 5.700000
v 2.400000 0.500000 5.700000
v 2.500000 0.500000 5.700000
v -15.500000 0.500000 5.600000
v -13.700000 0.500000 5.600000
v -13.500000 0.500000 5.600000
v -11.700000 0.500000 5.600000
v -11.500000 0.500000 5.600000
v -9.700000 0.500000 5.600000
v -9.500000 0.500000 5.600000
v -7.700000 0.500000 5.600000
v -7.500000 0.500000 5.600000
v -5.700000 0.500000 5.600000
v -5.500000 0.500000 5.600000
v -3.700000 0.500000 5.600000
v -3.500000 0.500000 5.600000
v -1.700000 0.500000 5.600000
v -1.500000 0.500000 5.600000
v 0.299999 0.500000 5.600000
v 0.500000 0.500000 5.600000
v 2.300000 0.500000 5.600000
v 2.500000 0.500000 5.600000
v 4.300000 0.500000 5.600000
v -15.600000 0.500000 5.500000
v -15.500000 0.500000 5.500000
v -13.700000 0.500000 5.500000
v -13.600000 0.500000 5.500000
v -13.500000 0.500000 5.500000
v -11.700000 0.500000 5.500000
v -11.600000 0.500000 5.500000
v -11.500000 0.500000 5.500000
v -9.700000 0.500000 5.500000
v -9.600000 0.500000 5.500000
v -9.500000 0.500000 5.500000
v -7.700000 0.500000 5.500000
v -7.600000 0.500000 5.500000
v -7.500000 0.500000 5.500000
v -5.700000 0.500000 5.500000
v -5.600000 0.500000 5.500000
v -5.500000 0.500000 5.500000
v -3.700000 0.500000 5.500000
v -3.600000 0.500000 5.500000
v -3.500000 0.500000 5.500000
v -1.700000 0.500000 5.500000
v -1.600000 0.500000 5.500000
v -1.500000 0.500000 5.500000
v 0.299999 0.500000 5.500000
v 0.400000 0.500000 5.500000
v 0.500000 0.500000 5.500000
v 2.300000 0.500000 5.500000
v 2.400000 0.500000 5.500000
v 2.500000 0.500000 5.500000
v 4.300000 0.500000 5.500000
v -15.600000 0.500000 3.700000
v -15.500000 0.500000 3.700000
v -13.600000 0.500000 3.700000
v -13.500000 0.500000 3.700000
v -11.600000 0.500000 3.700000
v -11.500000 0.500000 3.700000
v -9.600000 0.500000 3.700000
v -9.500000 0.500000 3.700000
v -7.600000 0.500000 3.700000
v -7.500000 0.500000 3.700000
v -5.600000 0.500000 3.700000
v -5.500000 0.500000 3.700000
v -3.600000 0.500000 3.700000
v -3.500000 0.500000 3.700000
v -1.600000 0.500000 3.700000
v -1.500000 0.500000 3.700000
v 0.400000 0.500000 3.700000
v 0.500000 0.500000 3.700000
v 2.400000 0.500000 3.700000
v 2.500000 0.500000 3.700000
v -15.500000 0.500000 3.600000
v -13.700000 0.500000 3.600000
v -13.500000 0.500000 3.600000
v -11.700000 0.500000 3.600000
v -11.500000 0.500000 3.600000
v -9.700000 0.500000 3.600000
v -9.500000 0.500000 3.600000
v -7.700000 0.500000 3.600000
v -7.500000 0.500000 3.600000
v -5.700000 0.500000 3.600000
v -5.500000 0.500000 3.600000
v -3.700000 0.500000 3.600000
v -3.500000 0.500000 3.600000
v -1.700000 0.500000 3.600000
v -1.500000 0.500000 3.600000
v 0.299999 0.500000 3.600000
v 0.500000 0.500000 3.600000
v 2.300000 0.500000 3.600000
v 2.500000 0.500000 3.600000
v 4.300000 0.500000 3.600000
v -15.600000 0.500000 3.500000
v -15.500000 0.500000 3.500000
v -13.700000 0.500000 3.500000
v -13.600000 0.500000 3.500000
v -13.500000 0.500000 3.500000
v -11.700000 0.500000 3.500000
v -11.600000 0.500000 3.500000
v -11.500000 0.500000 3.500000
v -9.700000 0.500000 3.500000
v -9.600000 0.500000 3.500000
v -9.500000 0.500000 3.500000
v -7.700000 0.500000 3.500000
v -7.600000 0.500000 3.500000
v -7.500000 0.500000 3.500000
v -5.700000 0.500000 3.500000
v -5.600000 0.500000 3.500000
v -5.500000 0.500000 3.500000
v -3.700000 0.500000 3.500000
v -3.600000 0.500000 3.500000
v -3.500000 0.500000 3.500000
v -1.700000 0.500000 3.500000
v -1.600000 0.500000 3.500000
v -1.500000 0.500000 3.500000
v 0.299999 0.500000 3.500000
v 0.400000 0.500000 3.500000
v 0.500000 0.500000 3.500000
v 2.300000 0.500000 3.500000
v 2.400000 0.500000 3.500000
v 2.500000 0.500000 3.500000
v 4.300000 0.500000 3.500000
v -15.600000 0.500000 1.700000
v -15.500000 0.500000 1.700000
v -13.600000 0.500000 1.700000
v -13.500000 0.500000 1.700000
v -11.600000 0.500000 1.700000
v -11.500000 0.500000 1.700000
v -9.600000 0.500000 1.700000
v -9.500000 0.500000 1.700000
v -7.600000 0.500000 1.700000
v -7.500000 0.500000 1.700000
v -5.600000 0.500000 1.700000
v -5.500000 0.500000 1.700000
v -3.600000 0.500000 1.700000
v -3.500000 0.500000 1.700000
v -1.600000 0.500000 1.700000
v -1.500000 0.500000 1.700000
v 0.400000 0.500000 1.700000
v 0.500000 0.500000 1.700000
v 2.400000 0.500000 1.700000
v 2.500000 0.500000 1.700000
v -15.500000 0.600001 17.500000
v -13.700000 0.600001 17.500000
v -13.500000 0.600001 17.500000
v -11.700000 0.600001 17.500000
v -11.500000 0.600001 17.500000
v -9.700000 0.600001 17.500000
v -9.500000 0.600001 17.500000
v -7.700000 0.600001 17.500000
v -7.500000 0.600001 17.500000
v -5.700000 0.600001 17.500000
v -5.500000 0.600001 17.500000
v -3.700000 0.600001 17.500000
v -3.500000 0.600001 17.500000
v -1.700000 0.600001 17.500000
v -1.500000 0.600001 17.500000
v 0.299999 0.600001 17.500000
v 0.500000 0.600001 17.500000
v 2.300000 0.600001 17.500000
v 2.500000 0.600001 17.500000
v 4.300000 0.600001 17.500000
v -15.500000 0.600001 15.700000
v -13.700000 0.600001 15.700000
v -13.500000 0.600001 15.700000
v -11.700000 0.600001 15.700000
v -11.500000 0.600001 15.700000
v -9.700000 0.600001 15.700000
v -9.500000 0.600001 15.700000
v -7.700000 0.600001 15.700000
v -7.500000 0.600001 15.700000
v -5.700000 0.600001 15.700000
v -5.500000 0.600001 15.700000
v -3.700000 0.600001 15.700000
v -3.500000 0.600001 15.700000
v -1.700000 0.600001 15.700000
v -1.500000 0.600001 15.700000
v 0.299999 0.600001 15.700000
v 0.500000 0.600001 15.700000
v 2.300000 0.600001 15.700000
v 2.500000 0.600001 15.700000
v 4.300000 0.600001 15.700000
v -15.500000 0.600001 15.500000
v -13.700000 0.600001 15.500000
v -13.500000 0.600001 15.500000
v -11.700000 0.600001 15.500000
v -11.500000 0.600001 15.500000
v -9.700000 0.600001 15.500000
v -9.500000 0.600001 15.500000
v -7.700000 0.600001 15.500000
v -7.500000 0.600001 15.500000
v -5.700000 0.600001 15.500000
v -5.500000 0.600001 15.500000
v -3.700000 0.600001 15.500000
v -3.500000 0.600001 15.500000
v -1.700000 0.600001 15.500000
v -1.500000 0.600001 15.500000
v 0.299999 0.600001 15.500000
v 0.500000 0.600001 15.500000
v 2.300000 0.600001 15.500000
v 2.500000 0.600001 15.500000
v 4.300000 0.600001 15.500000
v -15.500000 0.600001 13.700000
v -13.700000 0.600001 13.700000
v -13.500000 0.600001 13.700000
v -11.700000 0.600001 13.700000
v -11.500000 0.600001 13.700000
v -9.700000 0.600001 13.700000
v -9.500000 0.600001 13.700000
v -7.700000 0.600001 13.700000
v -7.500000 0.600001 13.700000
v -5.700000 0.600001 13.700000
v -5.500000 0.600001 13.700000
v -3.700000 0.600001 13.700000
v -3.500000 0.600001 13.700000
v -1.700000 0.600001 13.700000
v -1.500000 0.600001 13.700000
v 0.299999 0.600001 13.700000
v 0.500000 0.600001 13.700000
v 2.300000 0.600001 13.700000
v 2.500000 0.600001 13.700000
v 4.300000 0.600001 13.700000
v -15.500000 0.600001 13.500000
v -13.700000 0.600001 13.500000
v -13.500000 0.600001 13.500000
v -11.700000 0.600001 13.500000
v -11.500000 0.600001 13.500000
v -9.700000 0.600001 13.500000
v -9.500000 0.600001 13.500000
v -7.700000 0.600001 13.500000
v -7.500000 0.600001 13.500000
v -5.700000 0.600001 13.500000
v -5.500000 0.600001 13.500000
v -3.700000 0.600001 13.500000
v -3.500000 0.600001 13.500000
v -1.700000 0.600001 13.500000
v -1.500000 0.600001 13.500000
v 0.299999 0.600001 13.500000
v 0.500000 0.600001 13.500000
v 2.300000 0.600001 13.500000
v 2.500000 0.600001 13.500000
v 4.300000 0.600001 13.500000
v -15.500000 0.600001 11.700000
v -13.700000 0.600001 11.700000
v -13.500000 0.600001 11.700000
v -11.700000 0.600001 11.700000
v -11.500000 0.600001 11.700000
v -9.700000 0.600001 11.700000
v -9.500000 0.600001 11.700000
v -7.700000 0.600001 11.700000
v -7.500000 0.600001 11.700000
v -5.700000 0.600001 11.700000
v -5.500000 0.600001 11.700000
v -3.700000 0.600001 11.700000
v -3.500000 0.600001 11.700000
v -1.700000 0.600001 11.700000
v -1.500000 0.600001 11.700000
v 0.299999 0.600001 11.700000
v 0.500000 0.600001 11.700000
v 2.300000 0.600001 11.700000
v 2.500000 0.600001 11.700000
v 4.300000 0.600001 11.700000
v -15.500000 0.600001 11.500000
v -13.700000 0.600001 11.500000
v -13.500000 0.600001 11.500000
v -11.700000 0.600001 11.500000
v -11.500000 0.600001 11.500000
v -9.700000 0.600001 11.500000
v -9.500000 0.600001 11.500000
v -7.700000 0.600001 11.500000
v -7.500000 0.600001 11.500000
v -5.700000 0.600001 11.500000
v -5.500000 0.600001 11.500000
v -3.700000 0.600001 11.500000
v -3.500000 0.600001 11.500000
v -1.700000 0.600001 11.500000
v -1.500000 0.600001 11.500000
v 0.299999 0.600001 11.500000
v 0.500000 0.600001 11.500000
v 2.300000 0.600001 11.500000
v 2.500000 0.600001 11.500000
v 4.300000 0.600001 11.500000
v -15.500000 0.600001 9.700000
v -13.700000 0.600001 9.700000
v -13.500000 0.600001 9.700000
v -11.700000 0.600001 9.700000
v -11.500000 0.600001 9.700000
v -9.700000 0.600001 9.700000
v -9.500000 0.600001 9.700000
v -7.700000 0.600001 9.700000
v -7.500000 0.600001 9.700000
v -5.700000 0.600001 9.700000
v -5.500000 0.600001 9.700000
v -3.700000 0.600001 9.700000
v -3.500000 0.600001 9.700000
v -1.700000 0.600001 9.700000
v -1.500000 0.600001 9.700000
v 0.299999 0.600001 9.700000
v 0.500000 0.600001 9.700000
v 2.300000 0.600001 9.700000
v 2.500000 0.600001 9.700000
v 4.300000 0.600001 9.700000
v -15.500000 0.600001 9.500000
v -13.700000 0.600001 9.500000
v -13.500000 0.600001 9.500000
v -11.700000 0.600001 9.500000
v -11.500000 0.600001 9.500000
v -9.700000 0.600001 9.500000
v -9.500000 0.600001 9.500000
v -7.700000 0.600001 9.500000
v -7.500000 0.600001 9.500000
v -5.700000 0.600001 9.500000
v -5.500000 0.600001 9.500000
v -3.700000 0.600001 9.500000
v -3.500000 0.600001 9.500000
v -1.700000 0.600001 9.500000
v -1.500000 0.600001 9.500000
v 0.299999 0.600001 9.500000
v 0.500000 0.600001 9.500000
v 2.300000 0.600001 9.500000
v 2.500000 0.600001 9.500000
v 4.300000 0.600001 9.500000
v -15.500000 0.600001 7.700000
v -13.700000 0.600001 7.700000
v -13.500000 0.600001 7.700000
v -11.700000 0.600001 7.700000
v -11.500000 0.600001 7.700000
v -9.700000 0.600001 7.700000
v -9.500000 0.600001 7.700000
v -7.700000 0.600001 7.700000
v -7.500000 0.600001 7.700000
v -5.700000 0.600001 7.700000
v -5.500000 0.600001 7.700000
v -3.700000 0.600001 7.700000
v -3.500000 0.600001 7.700000
v -1.700000 0.600001 7.700000
v -1.500000 0.600001 7.700000
v 0.299999 0.600001 7.700000
v 0.500000 0.600001 7.700000
v 2.300000 0.600001 7.700000
v 2.500000 0.600001 7.700000
v 4.300000 0.600001 7.700000
v -15.500000 0.600001 7.500000
v -13.700000 0.600001 7.500000
v -13.500000 0.600001 7.500000
v -11.700000 0.600001 7.500000
v -11.500000 0.600001 7.500000
v -9.700000 0.600001 7.500000
v -9.500000 0.600001 7.500000
v -7.700000 0.600001 7.500000
v -7.500000 0.600001 7.500000
v -5.700000 0.600001 7.500000
v -5.500000 0.600001 7.500000
v -3.700000 0.600001 7.500000
v -3.500000 0.600001 7.500000
v -1.700000 0.600001 7.500000
v -1.500000 0.600001 7.500000
v 0.299999 0.600001 7.500000
v 0.500000 0.600001 7.500000
v 2.300000 0.600001 7.500000
v 2.500000 0.600001 7.500000
v 4.300000 0.600001 7.500000
v -15.500000 0.600000 5.700000
v -13.700000 0.600000 5.700000
v -13.500000 0.600000 5.700000
v -11.700000 0.600000 5.700000
v -11.500000 0.600000 5.700000
v -9.700000 0.600000 5.700000
v -9.500000 0.600000 5.700000
v -7.700000 0.600000 5.700000
v -7.500000 0.600000 5.700000
v -5.700000 0.600000 5.700000
v -5.500000 0.600000 5.700000
v -3.700000 0.600000 5.700000
v -3.500000 0.600000 5.700000
v -1.700000 0.600000 5.700000
v -1.500000 0.600000 5.700000
v 0.299999 0.600000 5.700000
v 0.500000 0.600000 5.700000
v 2.300000 0.600000 5.700000
v 2.500000 0.600000 5.700000
v 4.300000 0.600000 5.700000
v -15.500000 0.600000 5.500000
v -13.700000 0.600000 5.500000
v -13.500000 0.600000 5.500000
v -11.700000 0.600000 5.500000
v -11.500000 0.600000 5.500000
v -9.700000 0.600000 5.500000
v -9.500000 0.600000 5.500000
v -7.700000 0.600000 5.500000
v -7.500000 0.600000 5.500000
v -5.700000 0.600000 5.500000
v -5.500000 0.600000 5.500000
v -3.700000 0.600000 5.500000
v -3.500000 0.600000 5.500000
v -1.700000 0.600000 5.500000
v -1.500000 0.600000 5.500000
v 0.299999 0.600000 5.500000
v 0.500000 0.600000 5.500000
v 2.300000 0.600000 5.500000
v 2.500000 0.600000 5.500000
v 4.300000 0.600000 5.500000
v -15.500000 0.600000 3.700000
v -13.700000 0.600000 3.700000
v -13.500000 0.600000 3.700000
v -11.700000 0.600000 3.700000
v -11.500000 0.600000 3.700000
v -9.700000 0.600000 3.700000
v -9.500000 0.600000 3.700000
v -7.700000 0.600000 3.700000
v -7.500000 0.600000 3.700000
v -5.700000 0.600000 3.700000
v -5.500000 0.600000 3.700000
v -3.700000 0.600000 3.700000
v -3.500000 0.600000 3.700000
v -1.700000 0.600000 3.700000
v -1.500000 0.600000 3.700000
v 0.299999 0.600000 3.700000
v 0.500000 0.600000 3.700000
v 2.300000 0.600000 3.700000
v 2.500000 0.600000 3.700000
v 4.300000 0.600000 3.700000
v -15.500000 0.600000 3.500000
v -13.700000 0.600000 3.500000
v -13.500000 0.600000 3.500000
v -11.700000 0.600000 3.500000
v -11.500000 0.600000 3.500000
v -9.700000 0.600000 3.500000
v -9.500000 0.600000 3.500000
v -7.700000 0.600000 3.500000
v -7.500000 0.600000 3.500000
v -5.700000 0.600000 3.500000
v -5.500000 0.600000 3.500000
v -3.700000 0.600000 3.500000
v -3.500000 0.600000 3.500000
v -1.700000 0.600000 3.500000
v -1.500000 0.600000 3.500000
v 0.299999 0.600000 3.500000
v 0.500000 0.600000 3.500000
v 2.300000 0.600000 3.500000
v 2.500000 0.600000 3.500000
v 4.300000 0.600000 3.500000
v -15.500000 0.600000 1.700000
v -13.700000 0.600000 1.700000
v -13.500000 0.600000 1.700000
v -11.700000 0.600000 1.700000
v -11.500000 0.600000 1.700000
v -9.700000 0.600000 1.700000
v -9.500000 0.600000 1.700000
v -7.700000 0.600000 1.700000
v -7.500000 0.600000 1.700000
v -5.700000 0.600000 1.700000
v -5.500000 0.600000 1.700000
v -3.700000 0.600000 1.700000
v -3.500000 0.600000 1.700000
v -1.700000 0.600000 1.700000
v -1.500000 0.600000 1.700000
v 0.299999 0.600000 1.700000
v 0.500000 0.600000 1.700000
v 2.300000 0.600000 1.700000
v 2.500000 0.600000 1.700000
v 4.300000 0.600000 1.700000
vn -1.0000 -0.0000 -0.0000
vn -1.0000 -0.0001 -0.0000
vn -1.0000 0.0001 -0.0000
vn 1.0000 -0.0000 -0.0000
vn 1.0000 -0.0002 -0.0000
vn 1.0000 0.0002 -0.0000
vn 1.0000 0.0001 -0.0000
vn 1.0000 -0.0001 -0.0000
vn -0.0000 -0.0000 1.0000
vn -0.0000 -0.0000 -1.0000
vn -0.0000 -1.0000 -0.0000
vn -0.0000 1.0000 -0.0000
vn -0.0000 1.0000 -0.0001
vn -0.0000 1.0000 0.0001
vt 0.970703 0.500000
vt 0.974609 0.500000
s 1
usemtl palette.003
f 9147/7/39 9146/7/39 9145/7/39
f 9148/7/39 9146/7/39 9147/7/39
f 9149/7/39 9146/7/39 9148/7/39
f 9150/7/39 9146/7/39 9149/7/39
f 9151/7/39 9146/7/39 9150/7/39
f 9152/7/39 9146/7/39 9151/7/39
f 9153/7/39 9146/7/39 9152/7/39
f 9154/7/39 9146/7/39 9153/7/39
f 9155/7/39 9146/7/39 9154/7/39
f 9156/7/40 9146/7/39 9155/7/39
f 9157/7/39 9146/7/39 9156/7/40
f 9158/7/41 9146/7/39 9157/7/39
f 9159/7/39 9146/7/39 9158/7/41
f 9160/7/39 9146/7/39 9159/7/39
f 9161/7/39 9146/7/39 9160/7/39
f 9162/7/40 9146/7/39 9161/7/39
f 9163/7/39 9146/7/39 9162/7/40
f 9164/7/39 9146/7/39 9163/7/39
f 9165/8/39 9148/8/39 9147/8/39
f 9166/7/39 9149/7/39 9148/7/39
f 9166/8/39 9148/8/39 9165/8/39
f 9167/8/39 9150/8/39 9149/8/39
f 9167/7/39 9149/7/39 9166/7/39
f 9168/7/39 9151/7/39 9150/7/39
f 9168/8/39 9150/8/39 9167/8/39
f 9169/8/39 9152/8/39 9151/8/39
f 9169/7/39 9151/7/39 9168/7/39
f 9170/7/39 9153/7/39 9152/7/39
f 9170/8/39 9152/8/39 9169/8/39
f 9171/8/39 9154/8/39 9153/8/39
f 9171/7/39 9153/7/39 9170/7/39
f 9172/7/39 9155/7/39 9154/7/39
f 9172/8/39 9154/8/39 9171/8/39
f 9173/8/39 9156/8/40 9155/8/39
f 9173/7/39 9155/7/39 9172/7/39
f 9174/7/39 9157/7/39 9156/7/40
f 9174/8/39 9156/8/40 9173/8/39
f 9175/8/39 9158/8/41 9157/8/39
f 9175/7/39 9157/7/39 9174/7/39
f 9176/7/39 9159/7/39 9158/7/41
f 9176/8/39 9158/8/41 9175/8/39
f 9177/8/39 9160/8/39 9159/8/39
f 9177/7/39 9159/7/39 9176/7/39
f 9178/7/39 9161/7/39 9160/7/39
f 9178/8/39 9160/8/39 9177/8/39
f 9179/8/39 9162/8/40 9161/8/39
f 9179/7/39 9161/7/39 9178/7/39
f 9180/7/39 9163/7/39 9162/7/40
f 9180/8/39 9162/8/40 9179/8/39
f 9181/8/39 9164/8/39 9163/8/39
f 9181/7/39 9163/7/39 9180/7/39
f 9182/8/39 9164/8/39 9181/8/39
f 9183/7/39 9167/7/39 9166/7/39
f 9184/7/39 9167/7/39 9183/7/39
f 9185/7/39 9169/7/39 9168/7/39
f 9186/7/39 9169/7/39 9185/7/39
f 9187/7/39 9171/7/39 9170/7/39
f 9188/7/39 9171/7/39 9187/7/39
f 9189/7/39 9173/7/39 9172/7/39
f 9190/7/39 9173/7/39 9189/7/39
f 9191/7/39 9175/7/39 9174/7/39
f 9192/7/39 9175/7/39 9191/7/39
f 9193/7/39 9177/7/39 9176/7/39
f 9194/7/39 9177/7/39 9193/7/39
f 9195/7/39 9179/7/39 9178/7/39
f 9196/7/39 9179/7/39 9195/7/39
f 9197/7/39 9181/7/39 9180/7/39
f 9198/7/39 9181/7/39 9197/7/39
f 9215/7/39 9200/7/39 9199/7/39
f 9216/7/39 9200/7/39 9215/7/39
f 9218/7/39 9202/7/39 9201/7/39
f 9219/7/39 9202/7/39 9218/7/39
f 9221/7/39 9204/7/39 9203/7/39
f 9222/7/39 9204/7/39 9221/7/39
f 9224/7/39 9206/7/39 9205/7/39
f 9225/7/39 9206/7/39 9224/7/39
f 9227/7/39 9208/7/39 9207/7/39
f 9228/7/39 9208/7/39 9227/7/39
f 9230/7/39 9210/7/39 9209/7/39
f 9231/7/39 9210/7/39 9230/7/39
f 9233/7/39 9212/7/39 9211/7/39
f 9234/7/39 9212/7/39 9233/7/39
f 9236/7/39 9214/7/39 9213/7/39
f 9237/7/39 9214/7/39 9236/7/39
f 9239/7/39 9217/7/39 9216/7/39
f 9240/7/39 9217/7/39 9239/7/39
f 9241/7/39 9220/7/39 9219/7/39
f 9242/7/39 9220/7/39 9241/7/39
f 9243/7/39 9223/7/39 9222/7/39
f 9244/7/39 9223/7/39 9243/7/39
f 9245/7/39 9226/7/39 9225/7/39
f 9246/7/39 9226/7/39 9245/7/39
f 9247/7/39 9229/7/39 9228/7/39
f 9248/7/39 9229/7/39 9247/7/39
f 9249/7/39 9232/7/39 9231/7/39
f 9250/7/39 9232/7/39 9249/7/39
f 9251/7/39 9235/7/39 9234/7/39
f 9252/7/39 9235/7/39 9251/7/39
f 9253/7/39 9238/7/39 9237/7/39
f 9254/7/39 9238/7/39 9253/7/39
f 9271/7/39 9256/7/39 9255/7/39
f 9272/7/39 9256/7/39 9271/7/39
f 9273/7/39 9258/7/39 9257/7/39
f 9274/7/39 9258/7/39 9273/7/39
f 9275/7/39 9260/7/39 9259/7/39
f 9276/7/39 9260/7/39 9275/7/39
f 9277/7/39 9262/7/39 9261/7/39
f 9278/7/39 9262/7/39 9277/7/39
f 9279/7/39 9264/7/39 9263/7/39
f 9280/7/39 9264/7/39 9279/7/39
f 9281/7/39 9266/7/39 9265/7/39
f 9282/7/39 9266/7/39 9281/7/39
f 9283/7/39 9268/7/39 9267/7/39
f 9284/7/39 9268/7/39 9283/7/39
f 9285/7/39 9270/7/39 9269/7/39
f 9286/7/39 9270/7/39 9285/7/39
f 9303/7/39 9288/7/39 9287/7/39
f 9304/7/39 9288/7/39 9303/7/39
f 9306/7/39 9290/7/39 9289/7/39
f 9307/7/39 9290/7/39 9306/7/39
f 9309/7/39 9292/7/39 9291/7/39
f 9310/7/39 9292/7/39 9309/7/39
f 9312/7/39 9294/7/39 9293/7/39
f 9313/7/39 9294/7/39 9312/7/39
f 9315/7/39 9296/7/39 9295/7/39
f 9316/7/39 9296/7/39 9315/7/39
f 9318/7/39 9298/7/39 9297/7/39
f 9319/7/39 9298/7/39 9318/7/39
f 9321/7/39 9300/7/39 9299/7/39
f 9322/7/39 9300/7/39 9321/7/39
f 9324/7/39 9302/7/39 9301/7/39
f 9325/7/39 9302/7/39 9324/7/39
f 9327/7/39 9305/7/39 9304/7/39
f 9328/7/39 9305/7/39 9327/7/39
f 9329/7/39 9308/7/39 9307/7/39
f 9330/7/39 9308/7/39 9329/7/39
f 9331/7/39 9311/7/39 9310/7/39
f 9332/7/39 9311/7/39 9331/7/39
f 9333/7/39 9314/7/39 9313/7/39
f 9334/7/39 9314/7/39 9333/7/39
f 9335/7/39 9317/7/39 9316/7/39
f 9336/7/39 9317/7/39 9335/7/39
f 9337/7/39 9320/7/39 9319/7/39
f 9338/7/39 9320/7/39 9337/7/39
f 9339/7/39 9323/7/39 9322/7/39
f 9340/7/39 9323/7/39 9339/7/39
f 9341/7/39 9326/7/39 9325/7/39
f 9342/7/39 9326/7/39 9341/7/39
f 9359/7/39 9344/7/39 9343/7/39
f 9360/7/39 9344/7/39 9359/7/39
f 9361/7/39 9346/7/39 9345/7/39
f 9362/7/39 9346/7/39 9361/7/39
f 9363/7/39 9348/7/39 9347/7/39
f 9364/7/39 9348/7/39 9363/7/39
f 9365/7/39 9350/7/39 9349/7/39
f 9366/7/39 9350/7/39 9365/7/39
f 9367/7/39 9352/7/39 9351/7/39
f 9368/7/39 9352/7/39 9367/7/39
f 9369/7/39 9354/7/39 9353/7/39
f 9370/7/39 9354/7/39 9369/7/39
f 9371/7/39 9356/7/39 9355/7/39
f 9372/7/39 9356/7/39 9371/7/39
f 9373/7/39 9358/7/39 9357/7/39
f 9374/7/39 9358/7/39 9373/7/39
f 9391/7/39 9376/7/39 9375/7/39
f 9392/7/39 9376/7/39 9391/7/39
f 9394/7/39 9378/7/39 9377/7/39
f 9395/7/39 9378/7/39 9394/7/39
f 9397/7/39 9380/7/39 9379/7/39
f 9398/7/39 9380/7/39 9397/7/39
f 9400/7/39 9382/7/39 9381/7/39
f 9401/7/39 9382/7/39 9400/7/39
f 9403/7/39 9384/7/39 9383/7/39
f 9404/7/39 9384/7/39 9403/7/39
f 9406/7/39 9386/7/39 9385/7/39
f 9407/7/39 9386/7/39 9406/7/39
f 9409/7/39 9388/7/39 9387/7/39
f 9410/7/39 9388/7/39 9409/7/39
f 9412/7/39 9390/7/39 9389/7/39
f 9413/7/39 9390/7/39 9412/7/39
f 9415/7/39 9393/7/39 9392/7/39
f 9416/7/39 9393/7/39 9415/7/39
f 9417/7/39 9396/7/39 9395/7/39
f 9418/7/39 9396/7/39 9417/7/39
f 9419/7/39 9399/7/39 9398/7/39
f 9420/7/39 9399/7/39 9419/7/39
f 9421/7/39 9402/7/39 9401/7/39
f 9422/7/39 9402/7/39 9421/7/39
f 9423/7/39 9405/7/39 9404/7/39
f 9424/7/39 9405/7/39 9423/7/39
f 9425/7/39 9408/7/39 9407/7/39
f 9426/7/39 9408/7/39 9425/7/39
f 9427/7/39 9411/7/39 9410/7/39
f 9428/7/39 9411/7/39 9427/7/39
f 9429/7/39 9414/7/39 9413/7/39
f 9430/7/39 9414/7/39 9429/7/39
f 9447/7/39 9432/7/39 9431/7/39
f 9448/7/39 9432/7/39 9447/7/39
f 9449/7/39 9434/7/39 9433/7/39
f 9450/7/39 9434/7/39 9449/7/39
f 9451/7/39 9436/7/39 9435/7/39
f 9452/7/39 9436/7/39 9451/7/39
f 9453/7/39 9438/7/39 9437/7/39
f 9454/7/39 9438/7/39 9453/7/39
f 9455/7/39 9440/7/39 9439/7/39
f 9456/7/39 9440/7/39 9455/7/39
f 9457/7/39 9442/7/39 9441/7/39
f 9458/7/39 9442/7/39 9457/7/39
f 9459/7/39 9444/7/39 9443/7/39
f 9460/7/39 9444/7/39 9459/7/39
f 9461/7/39 9446/7/39 9445/7/39
f 9462/7/39 9446/7/39 9461/7/39
f 9479/7/39 9464/7/39 9463/7/39
f 9480/7/39 9464/7/39 9479/7/39
f 9482/7/39 9466/7/39 9465/7/39
f 9483/7/39 9466/7/39 9482/7/39
f 9485/7/39 9468/7/39 9467/7/39
f 9486/7/39 9468/7/39 9485/7/39
f 9488/7/39 9470/7/39 9469/7/39
f 9489/7/39 9470/7/39 9488/7/39
f 9491/7/39 9472/7/39 9471/7/39
f 9492/7/39 9472/7/39 9491/7/39
f 9494/7/39 9474/7/39 9473/7/39
f 9495/7/39 9474/7/39 9494/7/39
f 9497/7/39 9476/7/39 9475/7/39
f 9498/7/39 9476/7/39 9497/7/39
f 9500/7/39 9478/7/39 9477/7/39
f 9501/7/39 9478/7/39 9500/7/39
f 9503/7/39 9481/7/39 9480/7/39
f 9504/7/39 9481/7/39 9503/7/39
f 9505/7/39 9484/7/39 9483/7/39
f 9506/7/39 9484/7/39 9505/7/39
f 9507/7/39 9487/7/39 9486/7/39
f 9508/7/39 9487/7/39 9507/7/39
f 9509/7/39 9490/7/39 9489/7/39
f 9510/7/39 9490/7/39 9509/7/39
f 9511/7/39 9493/7/39 9492/7/39
f 9512/7/39 9493/7/39 9511/7/39
f 9513/7/39 9496/7/39 9495/7/39
f 9514/7/39 9496/7/39 9513/7/39
f 9515/7/39 9499/7/39 9498/7/39
f 9516/7/39 9499/7/39 9515/7/39
f 9517/7/39 9502/7/39 9501/7/39
f 9518/7/39 9502/7/39 9517/7/39
f 9535/7/39 9520/7/39 9519/7/39
f 9536/7/39 9520/7/39 9535/7/39
f 9537/7/39 9522/7/39 9521/7/39
f 9538/7/39 9522/7/39 9537/7/39
f 9539/7/39 9524/7/39 9523/7/39
f 9540/7/39 9524/7/39 9539/7/39
f 9541/7/39 9526/7/39 9525/7/39
f 9542/7/39 9526/7/39 9541/7/39
f 9543/7/39 9528/7/39 9527/7/39
f 9544/7/39 9528/7/39 9543/7/39
f 9545/7/39 9530/7/39 9529/7/39
f 9546/7/39 9530/7/39 9545/7/39
f 9547/7/39 9532/7/39 9531/7/39
f 9548/7/39 9532/7/39 9547/7/39
f 9549/7/39 9534/7/39 9533/7/39
f 9550/7/39 9534/7/39 9549/7/39
f 9567/7/39 9552/7/39 9551/7/39
f 9568/7/39 9552/7/39 9567/7/39
f 9570/7/39 9554/7/39 9553/7/39
f 9571/7/39 9554/7/39 9570/7/39
f 9573/7/39 9556/7/39 9555/7/39
f 9574/7/39 9556/7/39 9573/7/39
f 9576/7/39 9558/7/39 9557/7/39
f 9577/7/39 9558/7/39 9576/7/39
f 9579/7/39 9560/7/39 9559/7/39
f 9580/7/39 9560/7/39 9579/7/39
f 9582/7/39 9562/7/39 9561/7/39
f 9583/7/39 9562/7/39 9582/7/39
f 9585/7/39 9564/7/39 9563/7/39
f 9586/7/39 9564/7/39 9585/7/39
f 9588/7/39 9566/7/39 9565/7/39
f 9589/7/39 9566/7/39 9588/7/39
f 9591/7/39 9569/7/39 9568/7/39
f 9592/7/39 9569/7/39 9591/7/39
f 9593/7/39 9572/7/39 9571/7/39
f 9594/7/39 9572/7/39 9593/7/39
f 9595/7/39 9575/7/39 9574/7/39
f 9596/7/39 9575/7/39 9595/7/39
f 9597/7/39 9578/7/39 9577/7/39
f 9598/7/39 9578/7/39 9597/7/39
f 9599/7/39 9581/7/39 9580/7/39
f 9600/7/39 9581/7/39 9599/7/39
f 9601/7/39 9584/7/39 9583/7/39
f 9602/7/39 9584/7/39 9601/7/39
f 9603/7/39 9587/7/39 9586/7/39
f 9604/7/39 9587/7/39 9603/7/39
f 9605/7/39 9590/7/39 9589/7/39
f 9606/7/39 9590/7/39 9605/7/39
f 9623/7/39 9608/7/39 9607/7/39
f 9624/7/39 9608/7/39 9623/7/39
f 9625/7/39 9610/7/39 9609/7/39
f 9626/7/39 9610/7/39 9625/7/39
f 9627/7/39 9612/7/39 9611/7/39
f 9628/7/39 9612/7/39 9627/7/39
f 9629/7/39 9614/7/39 9613/7/39
f 9630/7/39 9614/7/39 9629/7/39
f 9631/7/39 9616/7/39 9615/7/39
f 9632/7/39 9616/7/39 9631/7/39
f 9633/7/39 9618/7/39 9617/7/39
f 9634/7/39 9618/7/39 9633/7/39
f 9635/7/39 9620/7/39 9619/7/39
f 9636/7/39 9620/7/39 9635/7/39
f 9637/7/39 9622/7/39 9621/7/39
f 9638/7/39 9622/7/39 9637/7/39
f 9655/7/39 9640/7/39 9639/7/39
f 9656/7/39 9640/7/39 9655/7/39
f 9658/7/39 9642/7/39 9641/7/39
f 9659/7/39 9642/7/39 9658/7/39
f 9661/7/39 9644/7/39 9643/7/39
f 9662/7/39 9644/7/39 9661/7/39
f 9664/7/39 9646/7/39 9645/7/39
f 9665/7/39 9646/7/39 9664/7/39
f 9667/7/39 9648/7/39 9647/7/39
f 9668/7/39 9648/7/39 9667/7/39
f 9670/7/39 9650/7/39 9649/7/39
f 9671/7/39 9650/7/39 9670/7/39
f 9673/7/39 9652/7/39 9651/7/39
f 9674/7/39 9652/7/39 9673/7/39
f 9676/7/39 9654/7/39 9653/7/39
f 9677/7/39 9654/7/39 9676/7/39
f 9679/7/39 9657/7/39 9656/7/39
f 9680/7/39 9657/7/39 9679/7/39
f 9681/7/39 9660/7/39 9659/7/39
f 9682/7/39 9660/7/39 9681/7/39
f 9683/7/39 9663/7/39 9662/7/39
f 9684/7/39 9663/7/39 9683/7/39
f 9685/7/39 9666/7/39 9665/7/39
f 9686/7/39 9666/7/39 9685/7/39
f 9687/7/39 9669/7/39 9668/7/39
f 9688/7/39 9669/7/39 9687/7/39
f 9689/7/39 9672/7/39 9671/7/39
f 9690/7/39 9672/7/39 9689/7/39
f 9691/7/39 9675/7/39 9674/7/39
f 9692/7/39 9675/7/39 9691/7/39
f 9693/7/39 9678/7/39 9677/7/39
f 9694/7/39 9678/7/39 9693/7/39
f 9711/7/39 9696/7/39 9695/7/39
f 9712/7/39 9696/7/39 9711/7/39
f 9713/7/39 9698/7/39 9697/7/39
f 9714/7/39 9698/7/39 9713/7/39
f 9715/7/39 9700/7/39 9699/7/39
f 9716/7/39 9700/7/39 9715/7/39
f 9717/7/39 9702/7/39 9701/7/39
f 9718/7/39 9702/7/39 9717/7/39
f 9719/7/39 9704/7/39 9703/7/39
f 9720/7/39 9704/7/39 9719/7/39
f 9721/7/39 9706/7/39 9705/7/39
f 9722/7/39 9706/7/39 9721/7/39
f 9723/7/39 9708/7/39 9707/7/39
f 9724/7/39 9708/7/39 9723/7/39
f 9725/7/39 9710/7/39 9709/7/39
f 9726/7/39 9710/7/39 9725/7/39
f 9743/7/39 9728/7/39 9727/7/39
f 9744/7/39 9728/7/39 9743/7/39
f 9746/7/39 9730/7/39 9729/7/39
f 9747/7/39 9730/7/39 9746/7/39
f 9749/7/39 9732/7/39 9731/7/39
f 9750/7/39 9732/7/39 9749/7/39
f 9752/7/39 9734/7/39 9733/7/39
f 9753/7/39 9734/7/39 9752/7/39
f 9755/7/39 9736/7/39 9735/7/39
f 9756/7/39 9736/7/39 9755/7/39
f 9758/7/39 9738/7/39 9737/7/39
f 9759/7/39 9738/7/39 9758/7/39
f 9761/7/39 9740/7/39 9739/7/39
f 9762/7/39 9740/7/39 9761/7/39
f 9764/7/39 9742/7/39 9741/7/39
f 9765/7/39 9742/7/39 9764/7/39
f 9767/7/39 9745/7/39 9744/7/39
f 9768/7/39 9745/7/39 9767/7/39
f 9769/7/39 9748/7/39 9747/7/39
f 9770/7/39 9748/7/39 9769/7/39
f 9771/7/39 9751/7/39 9750/7/39
f 9772/7/39 9751/7/39 9771/7/39
f 9773/7/39 9754/7/39 9753/7/39
f 9774/7/39 9754/7/39 9773/7/39
f 9775/7/39 9757/7/39 9756/7/39
f 9776/7/39 9757/7/39 9775/7/39
f 9777/7/39 9760/7/39 9759/7/39
f 9778/7/39 9760/7/39 9777/7/39
f 9779/7/39 9763/7/39 9762/7/39
f 9780/7/39 9763/7/39 9779/7/39
f 9781/7/39 9766/7/39 9765/7/39
f 9782/7/39 9766/7/39 9781/7/39
f 9799/7/39 9784/7/39 9783/7/39
f 9800/7/39 9784/7/39 9799/7/39
f 9801/7/39 9786/7/39 9785/7/39
f 9802/7/39 9786/7/39 9801/7/39
f 9803/7/39 9788/7/39 9787/7/39
f 9804/7/39 9788/7/39 9803/7/39
f 9805/7/39 9790/7/39 9789/7/39
f 9806/7/39 9790/7/39 9805/7/39
f 9807/7/39 9792/7/39 9791/7/39
f 9808/7/39 9792/7/39 9807/7/39
f 9809/7/39 9794/7/39 9793/7/39
f 9810/7/39 9794/7/39 9809/7/39
f 9811/7/39 9796/7/39 9795/7/39
f 9812/7/39 9796/7/39 9811/7/39
f 9813/7/39 9798/7/39 9797/7/39
f 9814/7/39 9798/7/39 9813/7/39
f 9831/7/39 9816/7/39 9815/7/39
f 9832/7/39 9816/7/39 9831/7/39
f 9834/7/39 9818/7/39 9817/7/39
f 9835/7/39 9818/7/39 9834/7/39
f 9837/7/39 9820/7/39 9819/7/39
f 9838/7/39 9820/7/39 9837/7/39
f 9840/7/39 9822/7/39 9821/7/39
f 9841/7/39 9822/7/39 9840/7/39
f 9843/7/39 9824/7/39 9823/7/39
f 9844/7/39 9824/7/39 9843/7/39
f 9846/7/39 9826/7/39 9825/7/39
f 9847/7/39 9826/7/39 9846/7/39
f 9849/7/39 9828/7/39 9827/7/39
f 9850/7/39 9828/7/39 9849/7/39
f 9852/7/39 9830/7/39 9829/7/39
f 9853/7/39 9830/7/39 9852/7/39
f 9855/7/39 9833/7/39 9832/7/39
f 9856/7/39 9833/7/39 9855/7/39
f 9857/7/39 9836/7/39 9835/7/39
f 9858/7/39 9836/7/39 9857/7/39
f 9859/7/39 9839/7/39 9838/7/39
f 9860/7/39 9839/7/39 9859/7/39
f 9861/7/39 9842/7/39 9841/7/39
f 9862/7/39 9842/7/39 9861/7/39
f 9863/7/39 9845/7/39 9844/7/39
f 9864/7/39 9845/7/39 9863/7/39
f 9865/7/39 9848/7/39 9847/7/39
f 9866/7/39 9848/7/39 9865/7/39
f 9867/7/39 9851/7/39 9850/7/39
f 9868/7/39 9851/7/39 9867/7/39
f 9869/7/39 9854/7/39 9853/7/39
f 9870/7/39 9854/7/39 9869/7/39
f 9887/7/39 9872/7/39 9871/7/39
f 9888/7/39 9872/7/39 9887/7/39
f 9889/7/39 9874/7/39 9873/7/39
f 9890/7/39 9874/7/39 9889/7/39
f 9891/7/39 9876/7/39 9875/7/39
f 9892/7/39 9876/7/39 9891/7/39
f 9893/7/39 9878/7/39 9877/7/39
f 9894/7/39 9878/7/39 9893/7/39
f 9895/7/39 9880/7/39 9879/7/39
f 9896/7/39 9880/7/39 9895/7/39
f 9897/7/39 9882/7/39 9881/7/39
f 9898/7/39 9882/7/39 9897/7/39
f 9899/7/39 9884/7/39 9883/7/39
f 9900/7/39 9884/7/39 9899/7/39
f 9901/7/39 9886/7/39 9885/7/39
f 9902/7/39 9886/7/39 9901/7/39
f 9919/7/39 9904/7/39 9903/7/39
f 9920/7/39 9904/7/39 9919/7/39
f 9922/7/39 9906/7/39 9905/7/39
f 9923/7/39 9906/7/39 9922/7/39
f 9925/7/39 9908/7/39 9907/7/39
f 9926/7/39 9908/7/39 9925/7/39
f 9928/7/39 9910/7/39 9909/7/39
f 9929/7/39 9910/7/39 9928/7/39
f 9931/7/39 9912/7/39 9911/7/39
f 9932/7/39 9912/7/39 9931/7/39
f 9934/7/39 9914/7/39 9913/7/39
f 9935/7/39 9914/7/39 9934/7/39
f 9937/7/39 9916/7/39 9915/7/39
f 9938/7/39 9916/7/39 9937/7/39
f 9940/7/39 9918/7/39 9917/7/39
f 9941/7/39 9918/7/39 9940/7/39
f 9943/7/39 9921/7/39 9920/7/39
f 9944/7/39 9921/7/39 9943/7/39
f 9945/7/39 9924/7/39 9923/7/39
f 9946/7/39 9924/7/39 9945/7/39
f 9947/7/39 9927/7/39 9926/7/39
f 9948/7/39 9927/7/39 9947/7/39
f 9949/7/39 9930/7/39 9929/7/39
f 9950/7/39 9930/7/39 9949/7/39
f 9951/7/39 9933/7/39 9932/7/39
f 9952/7/39 9933/7/39 9951/7/39
f 9953/7/39 9936/7/39 9935/7/39
f 9954/7/39 9936/7/39 9953/7/39
f 9955/7/39 9939/7/39 9938/7/39
f 9956/7/39 9939/7/39 9955/7/39
f 9957/7/39 9942/7/39 9941/7/39
f 9958/7/39 9942/7/39 9957/7/39
f 9975/7/39 9960/7/39 9959/7/39
f 9976/7/39 9960/7/39 9975/7/39
f 9977/7/39 9962/7/39 9961/7/39
f 9978/7/39 9962/7/39 9977/7/39
f 9979/7/39 9964/7/39 9963/7/39
f 9980/7/39 9964/7/39 9979/7/39
f 9981/7/39 9966/7/39 9965/7/39
f 9982/7/39 9966/7/39 9981/7/39
f 9983/7/39 9968/7/39 9967/7/39
f 9984/7/39 9968/7/39 9983/7/39
f 9985/7/39 9970/7/39 9969/7/39
f 9986/7/39 9970/7/39 9985/7/39
f 9987/7/39 9972/7/39 9971/7/39
f 9988/7/39 9972/7/39 9987/7/39
f 9989/7/39 9974/7/39 9973/7/39
f 9990/7/39 9974/7/39 9989/7/39
f 10007/7/39 9992/7/39 9991/7/39
f 10008/7/39 9992/7/39 10007/7/39
f 10010/7/39 9994/7/39 9993/7/39
f 10011/7/39 9994/7/39 10010/7/39
f 10013/7/39 9996/7/39 9995/7/39
f 10014/7/39 9996/7/39 10013/7/39
f 10016/7/39 9998/7/39 9997/7/39
f 10017/7/39 9998/7/39 10016/7/39
f 10019/7/39 10000/7/39 9999/7/39
f 10020/7/39 10000/7/39 10019/7/39
f 10022/7/39 10002/7/39 10001/7/39
f 10023/7/39 10002/7/39 10022/7/39
f 10025/7/39 10004/7/39 10003/7/39
f 10026/7/39 10004/7/39 10025/7/39
f 10028/7/39 10006/7/39 10005/7/39
f 10029/7/39 10006/7/39 10028/7/39
f 10031/7/39 10009/7/39 10008/7/39
f 10032/7/39 10009/7/39 10031/7/39
f 10033/7/39 10012/7/39 10011/7/39
f 10034/7/39 10012/7/39 10033/7/39
f 10035/7/39 10015/7/39 10014/7/39
f 10036/7/39 10015/7/39 10035/7/39
f 10037/7/39 10018/7/39 10017/7/39
f 10038/7/39 10018/7/39 10037/7/39
f 10039/7/39 10021/7/39 10020/7/39
f 10040/7/39 10021/7/39 10039/7/39
f 10041/7/39 10024/7/39 10023/7/39
f 10042/7/39 10024/7/39 10041/7/39
f 10043/7/39 10027/7/39 10026/7/39
f 10044/7/39 10027/7/39 10043/7/39
f 10045/7/39 10030/7/39 10029/7/39
f 10046/7/39 10030/7/39 10045/7/39
f 10047/7/42 10048/7/42 10063/7/42
f 10063/7/42 10048/7/42 10064/7/43
f 10049/7/42 10050/7/42 10065/7/42
f 10065/7/42 10050/7/42 10066/7/43
f 10051/7/42 10052/7/42 10067/7/42
f 10067/7/42 10052/7/42 10068/7/43
f 10053/7/42 10054/7/42 10069/7/42
f 10069/7/42 10054/7/42 10070/7/43
f 10055/7/42 10056/7/42 10071/7/42
f 10071/7/42 10056/7/42 10072/7/43
f 10057/7/42 10058/7/42 10073/7/42
f 10073/7/42 10058/7/42 10074/7/42
f 10059/7/42 10060/7/42 10075/7/42
f 10075/7/42 10060/7/42 10076/7/44
f 10061/7/42 10062/7/42 10077/7/42
f 10077/7/42 10062/7/42 10078/7/44
f 10064/7/43 10048/7/42 10079/7/42
f 10079/7/42 10048/7/42 10080/7/42
f 10066/7/43 10050/7/42 10081/7/42
f 10081/7/42 10050/7/42 10082/7/42
f 10068/7/43 10052/7/42 10083/7/42
f 10083/7/42 10052/7/42 10084/7/42
f 10070/7/43 10054/7/42 10085/7/42
f 10085/7/42 10054/7/42 10086/7/42
f 10072/7/43 10056/7/42 10087/7/42
f 10087/7/42 10056/7/42 10088/7/42
f 10074/7/42 10058/7/42 10089/7/42
f 10089/7/42 10058/7/42 10090/7/42
f 10076/7/44 10060/7/42 10091/7/42
f 10091/7/42 10060/7/42 10092/7/42
f 10078/7/44 10062/7/42 10093/7/42
f 10093/7/42 10062/7/42 10094/7/42
f 10095/7/42 10096/7/42 10111/7/42
f 10111/7/42 10096/7/42 10112/7/43
f 10097/7/42 10098/7/42 10113/7/42
f 10113/7/42 10098/7/42 10114/7/43
f 10099/7/42 10100/7/42 10115/7/42
f 10115/7/42 10100/7/42 10116/7/43
f 10101/7/42 10102/7/42 10117/7/42
f 10117/7/42 10102/7/42 10118/7/43
f 10103/7/42 10104/7/42 10119/7/42
f 10119/7/42 10104/7/42 10120/7/43
f 10105/7/42 10106/7/42 10121/7/42
f 10121/7/42 10106/7/42 10122/7/43
f 10107/7/42 10108/7/42 10123/7/42
f 10123/7/42 10108/7/42 10124/7/42
f 10109/7/42 10110/7/42 10125/7/42
f 10125/7/42 10110/7/42 10126/7/42
f 10112/7/43 10096/7/42 10127/7/42
f 10127/7/42 10096/7/42 10128/7/42
f 10114/7/43 10098/7/42 10129/7/42
f 10129/7/42 10098/7/42 10130/7/42
f 10116/7/43 10100/7/42 10131/7/42
f 10131/7/42 10100/7/42 10132/7/42
f 10118/7/43 10102/7/42 10133/7/42
f 10133/7/42 10102/7/42 10134/7/42
f 10120/7/43 10104/7/42 10135/7/42
f 10135/7/42 10104/7/42 10136/7/42
f 10122/7/43 10106/7/42 10137/7/42
f 10137/7/42 10106/7/42 10138/7/42
f 10124/7/42 10108/7/42 10139/7/42
f 10139/7/42 10108/7/42 10140/7/42
f 10126/7/42 10110/7/42 10141/7/42
f 10141/7/42 10110/7/42 10142/7/42
f 10143/7/42 10144/7/42 10159/7/42
f 10159/7/42 10144/7/42 10160/7/43
f 10145/7/42 10146/7/42 10161/7/42
f 10161/7/42 10146/7/42 10162/7/43
f 10147/7/42 10148/7/42 10163/7/42
f 10163/7/42 10148/7/42 10164/7/43
f 10149/7/42 10150/7/42 10165/7/42
f 10165/7/42 10150/7/42 10166/7/43
f 10151/7/42 10152/7/42 10167/7/42
f 10167/7/42 10152/7/42 10168/7/43
f 10153/7/42 10154/7/42 10169/7/42
f 10169/7/42 10154/7/42 10170/7/42
f 10155/7/42 10156/7/42 10171/7/42
f 10171/7/42 10156/7/42 10172/7/42
f 10157/7/42 10158/7/42 10173/7/42
f 10173/7/42 10158/7/42 10174/7/42
f 10160/7/43 10144/7/42 10175/7/42
f 10175/7/42 10144/7/42 10176/7/42
f 10162/7/43 10146/7/42 10177/7/42
f 10177/7/42 10146/7/42 10178/7/42
f 10164/7/43 10148/7/42 10179/7/42
f 10179/7/42 10148/7/42 10180/7/42
f 10166/7/43 10150/7/42 10181/7/42
f 10181/7/42 10150/7/42 10182/7/42
f 10168/7/43 10152/7/42 10183/7/42
f 10183/7/42 10152/7/42 10184/7/42
f 10170/7/42 10154/7/42 10185/7/42
f 10185/7/42 10154/7/42 10186/7/42
f 10172/7/42 10156/7/42 10187/7/42
f 10187/7/42 10156/7/42 10188/7/42
f 10174/7/42 10158/7/42 10189/7/42
f 10189/7/42 10158/7/42 10190/7/42
f 10191/7/42 10192/7/42 10207/7/42
f 10207/7/42 10192/7/42 10208/7/45
f 10193/7/42 10194/7/42 10209/7/42
f 10209/7/42 10194/7/42 10210/7/45
f 10195/7/42 10196/7/42 10211/7/42
f 10211/7/42 10196/7/42 10212/7/45
f 10197/7/42 10198/7/42 10213/7/42
f 10213/7/42 10198/7/42 10214/7/45
f 10199/7/42 10200/7/42 10215/7/42
f 10215/7/42 10200/7/42 10216/7/45
f 10201/7/42 10202/7/42 10217/7/42
f 10217/7/42 10202/7/42 10218/7/45
f 10203/7/42 10204/7/42 10219/7/42
f 10219/7/42 10204/7/42 10220/7/45
f 10205/7/42 10206/7/42 10221/7/42
f 10221/7/42 10206/7/42 10222/7/45
f 10208/7/45 10192/7/42 10223/7/42
f 10223/7/42 10192/7/42 10224/7/42
f 10210/7/45 10194/7/42 10225/7/42
f 10225/7/42 10194/7/42 10226/7/42
f 10212/7/45 10196/7/42 10227/7/42
f 10227/7/42 10196/7/42 10228/7/42
f 10214/7/45 10198/7/42 10229/7/42
f 10229/7/42 10198/7/42 10230/7/42
f 10216/7/45 10200/7/42 10231/7/42
f 10231/7/42 10200/7/42 10232/7/42
f 10218/7/45 10202/7/42 10233/7/42
f 10233/7/42 10202/7/42 10234/7/42
f 10220/7/45 10204/7/42 10235/7/42
f 10235/7/42 10204/7/42 10236/7/42
f 10222/7/45 10206/7/42 10237/7/42
f 10237/7/42 10206/7/42 10238/7/42
f 10239/7/42 10240/7/42 10255/7/42
f 10255/7/42 10240/7/42 10256/7/45
f 10241/7/42 10242/7/42 10257/7/42
f 10257/7/42 10242/7/42 10258/7/45
f 10243/7/42 10244/7/42 10259/7/42
f 10259/7/42 10244/7/42 10260/7/45
f 10245/7/42 10246/7/42 10261/7/42
f 10261/7/42 10246/7/42 10262/7/45
f 10247/7/42 10248/7/42 10263/7/42
f 10263/7/42 10248/7/42 10264/7/45
f 10249/7/42 10250/7/42 10265/7/42
f 10265/7/42 10250/7/42 10266/7/45
f 10251/7/42 10252/7/42 10267/7/42
f 10267/7/42 10252/7/42 10268/7/42
f 10253/7/42 10254/7/42 10269/7/42
f 10269/7/42 10254/7/42 10270/7/42
f 10256/7/45 10240/7/42 10271/7/42
f 10271/7/42 10240/7/42 10272/7/42
f 10258/7/45 10242/7/42 10273/7/42
f 10273/7/42 10242/7/42 10274/7/42
f 10260/7/45 10244/7/42 10275/7/42
f 10275/7/42 10244/7/42 10276/7/42
f 10262/7/45 10246/7/42 10277/7/42
f 10277/7/42 10246/7/42 10278/7/42
f 10264/7/45 10248/7/42 10279/7/42
f 10279/7/42 10248/7/42 10280/7/42
f 10266/7/45 10250/7/42 10281/7/42
f 10281/7/42 10250/7/42 10282/7/42
f 10268/7/42 10252/7/42 10283/7/42
f 10283/7/42 10252/7/42 10284/7/42
f 10270/7/42 10254/7/42 10285/7/42
f 10285/7/42 10254/7/42 10286/7/42
f 10287/7/42 10288/7/42 10303/7/42
f 10303/7/42 10288/7/42 10304/7/42
f 10289/7/42 10290/7/42 10305/7/42
f 10305/7/42 10290/7/42 10306/7/42
f 10291/7/42 10292/7/42 10307/7/42
f 10307/7/42 10292/7/42 10308/7/42
f 10293/7/42 10294/7/42 10309/7/42
f 10309/7/42 10294/7/42 10310/7/42
f 10295/7/42 10296/7/42 10311/7/42
f 10311/7/42 10296/7/42 10312/7/42
f 10297/7/42 10298/7/42 10313/7/42
f 10313/7/42 10298/7/42 10314/7/42
f 10299/7/42 10300/7/42 10315/7/42
f 10315/7/42 10300/7/42 10316/7/42
f 10301/7/42 10302/7/42 10317/7/42
f 10317/7/42 10302/7/42 10318/7/42
f 10304/7/42 10288/7/42 10319/7/42
f 10319/7/42 10288/7/42 10320/7/42
f 10306/7/42 10290/7/42 10321/7/42
f 10321/7/42 10290/7/42 10322/7/42
f 10308/7/42 10292/7/42 10323/7/42
f 10323/7/42 10292/7/42 10324/7/42
f 10310/7/42 10294/7/42 10325/7/42
f 10325/7/42 10294/7/42 10326/7/42
f 10312/7/42 10296/7/42 10327/7/42
f 10327/7/42 10296/7/42 10328/7/42
f 10314/7/42 10298/7/42 10329/7/42
f 10329/7/42 10298/7/42 10330/7/42
f 10316/7/42 10300/7/42 10331/7/42
f 10331/7/42 10300/7/42 10332/7/42
f 10318/7/42 10302/7/42 10333/7/42
f 10333/7/42 10302/7/42 10334/7/42
f 10335/7/42 10336/7/42 10351/7/42
f 10351/7/42 10336/7/42 10352/7/42
f 10337/7/42 10338/7/42 10353/7/42
f 10353/7/42 10338/7/42 10354/7/42
f 10339/7/42 10340/7/42 10355/7/42
f 10355/7/42 10340/7/42 10356/7/42
f 10341/7/42 10342/7/42 10357/7/42
f 10357/7/42 10342/7/42 10358/7/42
f 10343/7/42 10344/7/42 10359/7/42
f 10359/7/42 10344/7/42 10360/7/42
f 10345/7/42 10346/7/42 10361/7/42
f 10361/7/42 10346/7/42 10362/7/42
f 10347/7/42 10348/7/42 10363/7/42
f 10363/7/42 10348/7/42 10364/7/42
f 10349/7/42 10350/7/42 10365/7/42
f 10365/7/42 10350/7/42 10366/7/42
f 10352/7/42 10336/7/42 10367/7/42
f 10367/7/42 10336/7/42 10368/7/42
f 10354/7/42 10338/7/42 10369/7/42
f 10369/7/42 10338/7/42 10370/7/42
f 10356/7/42 10340/7/42 10371/7/42
f 10371/7/42 10340/7/42 10372/7/42
f 10358/7/42 10342/7/42 10373/7/42
f 10373/7/42 10342/7/42 10374/7/42
f 10360/7/42 10344/7/42 10375/7/42
f 10375/7/42 10344/7/42 10376/7/42
f 10362/7/42 10346/7/42 10377/7/42
f 10377/7/42 10346/7/42 10378/7/42
f 10364/7/42 10348/7/42 10379/7/42
f 10379/7/42 10348/7/42 10380/7/42
f 10366/7/42 10350/7/42 10381/7/42
f 10381/7/42 10350/7/42 10382/7/42
f 10383/7/42 10384/7/42 10399/7/42
f 10399/7/42 10384/7/42 10400/7/42
f 10385/7/42 10386/7/42 10401/7/42
f 10401/7/42 10386/7/42 10402/7/42
f 10387/7/42 10388/7/42 10403/7/42
f 10403/7/42 10388/7/42 10404/7/42
f 10389/7/42 10390/7/42 10405/7/42
f 10405/7/42 10390/7/42 10406/7/42
f 10391/7/42 10392/7/42 10407/7/42
f 10407/7/42 10392/7/42 10408/7/42
f 10393/7/42 10394/7/42 10409/7/42
f 10409/7/42 10394/7/42 10410/7/42
f 10395/7/42 10396/7/42 10411/7/42
f 10411/7/42 10396/7/42 10412/7/42
f 10397/7/42 10398/7/42 10413/7/42
f 10413/7/42 10398/7/42 10414/7/42
f 10400/7/42 10384/7/42 10415/7/42
f 10415/7/42 10384/7/42 10416/7/42
f 10402/7/42 10386/7/42 10417/7/42
f 10417/7/42 10386/7/42 10418/7/42
f 10404/7/42 10388/7/42 10419/7/42
f 10419/7/42 10388/7/42 10420/7/42
f 10406/7/42 10390/7/42 10421/7/42
f 10421/7/42 10390/7/42 10422/7/42
f 10408/7/42 10392/7/42 10423/7/42
f 10423/7/42 10392/7/42 10424/7/42
f 10410/7/42 10394/7/42 10425/7/42
f 10425/7/42 10394/7/42 10426/7/42
f 10412/7/42 10396/7/42 10427/7/42
f 10427/7/42 10396/7/42 10428/7/42
f 10414/7/42 10398/7/42 10429/7/42
f 10429/7/42 10398/7/42 10430/7/42
f 10431/7/42 10432/7/42 10447/7/42
f 10447/7/42 10432/7/42 10448/7/42
f 10433/7/42 10434/7/42 10449/7/42
f 10449/7/42 10434/7/42 10450/7/42
f 10435/7/42 10436/7/42 10451/7/42
f 10451/7/42 10436/7/42 10452/7/42
f 10437/7/42 10438/7/42 10453/7/42
f 10453/7/42 10438/7/42 10454/7/42
f 10439/7/42 10440/7/42 10455/7/42
f 10455/7/42 10440/7/42 10456/7/42
f 10441/7/42 10442/7/42 10457/7/42
f 10457/7/42 10442/7/42 10458/7/42
f 10443/7/42 10444/7/42 10459/7/42
f 10459/7/42 10444/7/42 10460/7/46
f 10445/7/42 10446/7/42 10461/7/42
f 10461/7/42 10446/7/42 10462/7/46
f 10448/7/42 10432/7/42 10463/7/42
f 10463/7/42 10432/7/42 10464/7/42
f 10450/7/42 10434/7/42 10465/7/42
f 10465/7/42 10434/7/42 10466/7/42
f 10452/7/42 10436/7/42 10467/7/42
f 10467/7/42 10436/7/42 10468/7/42
f 10454/7/42 10438/7/42 10469/7/42
f 10469/7/42 10438/7/42 10470/7/42
f 10456/7/42 10440/7/42 10471/7/42
f 10471/7/42 10440/7/42 10472/7/42
f 10458/7/42 10442/7/42 10473/7/42
f 10473/7/42 10442/7/42 10474/7/42
f 10460/7/46 10444/7/42 10475/7/42
f 10475/7/42 10444/7/42 10476/7/42
f 10462/7/46 10446/7/42 10477/7/42
f 10477/7/42 10446/7/42 10478/7/42
f 10479/7/42 10480/7/42 10495/7/42
f 10495/7/42 10480/7/42 10496/7/42
f 10481/7/42 10482/7/42 10497/7/42
f 10497/7/42 10482/7/42 10498/7/42
f 10483/7/42 10484/7/42 10499/7/42
f 10499/7/42 10484/7/42 10500/7/42
f 10485/7/42 10486/7/42 10501/7/42
f 10501/7/42 10486/7/42 10502/7/42
f 10487/7/42 10488/7/42 10503/7/42
f 10503/7/42 10488/7/42 10504/7/42
f 10489/7/42 10490/7/42 10505/7/42
f 10505/7/42 10490/7/42 10506/7/42
f 10491/7/42 10492/7/42 10507/7/42
f 10507/7/42 10492/7/42 10508/7/42
f 10493/7/42 10494/7/42 10509/7/42
f 10509/7/42 10494/7/42 10510/7/42
f 10496/7/42 10480/7/42 10511/7/42
f 10511/7/42 10480/7/42 10512/7/42
f 10498/7/42 10482/7/42 10513/7/42
f 10513/7/42 10482/7/42 10514/7/42
f 10500/7/42 10484/7/42 10515/7/42
f 10515/7/42 10484/7/42 10516/7/42
f 10502/7/42 10486/7/42 10517/7/42
f 10517/7/42 10486/7/42 10518/7/42
f 10504/7/42 10488/7/42 10519/7/42
f 10519/7/42 10488/7/42 10520/7/42
f 10506/7/42 10490/7/42 10521/7/42
f 10521/7/42 10490/7/42 10522/7/42
f 10508/7/42 10492/7/42 10523/7/42
f 10523/7/42 10492/7/42 10524/7/42
f 10510/7/42 10494/7/42 10525/7/42
f 10525/7/42 10494/7/42 10526/7/42
f 10527/7/42 10528/7/42 10529/7/42
f 10529/7/42 10528/7/42 10530/7/42
f 10530/7/42 10528/7/42 10531/7/46
f 10531/7/46 10528/7/42 10532/7/42
f 10532/7/42 10528/7/42 10533/7/42
f 10533/7/42 10528/7/42 10534/7/42
f 10534/7/42 10528/7/42 10535/7/42
f 10535/7/42 10528/7/42 10536/7/42
f 10536/7/42 10528/7/42 10537/7/42
f 10537/7/42 10528/7/42 10538/7/42
f 10538/7/42 10528/7/42 10539/7/42
f 10539/7/42 10528/7/42 10540/7/42
f 10540/7/42 10528/7/42 10541/7/42
f 10541/7/42 10528/7/42 10542/7/42
f 10542/7/42 10528/7/42 10543/7/42
f 10543/7/42 10528/7/42 10544/7/42
f 10527/7/42 10529/7/42 10545/7/42
f 10529/8/42 10530/8/42 10546/8/42
f 10545/7/42 10529/7/42 10546/7/42
f 10530/7/42 10531/7/46 10547/7/42
f 10546/8/42 10530/8/42 10547/8/42
f 10531/8/46 10532/8/42 10548/8/42
f 10547/7/42 10531/7/46 10548/7/42
f 10532/7/42 10533/7/42 10549/7/42
f 10548/8/42 10532/8/42 10549/8/42
f 10533/8/42 10534/8/42 10550/8/42
f 10549/7/42 10533/7/42 10550/7/42
f 10534/7/42 10535/7/42 10551/7/42
f 10550/8/42 10534/8/42 10551/8/42
f 10535/8/42 10536/8/42 10552/8/42
f 10551/7/42 10535/7/42 10552/7/42
f 10536/7/42 10537/7/42 10553/7/43
f 10552/8/42 10536/8/42 10553/8/43
f 10537/8/42 10538/8/42 10554/8/42
f 10553/7/43 10537/7/42 10554/7/42
f 10538/7/42 10539/7/42 10555/7/42
f 10554/8/42 10538/8/42 10555/8/42
f 10539/8/42 10540/8/42 10556/8/42
f 10555/7/42 10539/7/42 10556/7/42
f 10540/7/42 10541/7/42 10557/7/44
f 10556/8/42 10540/8/42 10557/8/44
f 10541/8/42 10542/8/42 10558/8/42
f 10557/7/44 10541/7/42 10558/7/42
f 10542/7/42 10543/7/42 10559/7/42
f 10558/8/42 10542/8/42 10559/8/42
f 10543/8/42 10544/8/42 10560/8/42
f 10559/7/42 10543/7/42 10560/7/42
f 10544/7/42 10528/7/42 10561/7/42
f 10560/8/42 10544/8/42 10561/8/42
f 10561/7/42 10528/7/42 10562/7/42
f 10559/8/42 10560/8/42 10563/8/42
f 10545/8/42 10546/8/42 10563/8/42
f 10561/8/42 10562/8/42 10563/8/42
f 10560/8/42 10561/8/42 10563/8/42
f 10558/8/42 10559/8/42 10563/8/42
f 10557/8/44 10558/8/42 10563/8/42
f 10556/8/42 10557/8/44 10563/8/42
f 10555/8/42 10556/8/42 10563/8/42
f 10554/8/42 10555/8/42 10563/8/42
f 10553/8/43 10554/8/42 10563/8/42
f 10552/8/42 10553/8/43 10563/8/42
f 10551/8/42 10552/8/42 10563/8/42
f 10550/8/42 10551/8/42 10563/8/42
f 10549/8/42 10550/8/42 10563/8/42
f 10548/8/42 10549/8/42 10563/8/42
f 10547/8/42 10548/8/42 10563/8/42
f 10546/8/42 10547/8/42 10563/8/42
f 10563/8/42 10562/8/42 10564/8/42
f 10568/7/47 10566/7/47 10565/7/47
f 10568/8/47 10567/8/47 10566/8/47
f 10569/8/47 10567/8/47 10568/8/47
f 10571/7/47 10568/7/47 10565/7/47
f 10571/7/47 10570/7/47 10569/7/47
f 10571/7/47 10569/7/47 10568/7/47
f 10572/7/47 10570/7/47 10571/7/47
f 10573/7/47 10570/7/47 10572/7/47
f 10574/7/47 10571/7/47 10565/7/47
f 10574/8/47 10572/8/47 10571/8/47
f 10575/8/47 10572/8/47 10574/8/47
f 10577/7/47 10574/7/47 10565/7/47
f 10577/7/47 10576/7/47 10575/7/47
f 10577/7/47 10575/7/47 10574/7/47
f 10578/7/47 10576/7/47 10577/7/47
f 10579/7/47 10576/7/47 10578/7/47
f 10580/7/47 10577/7/47 10565/7/47
f 10580/8/47 10578/8/47 10577/8/47
f 10581/8/47 10578/8/47 10580/8/47
f 10583/7/47 10580/7/47 10565/7/47
f 10583/7/47 10582/7/47 10581/7/47
f 10583/7/47 10581/7/47 10580/7/47
f 10584/7/47 10582/7/47 10583/7/47
f 10585/7/47 10582/7/47 10584/7/47
f 10586/7/47 10583/7/47 10565/7/47
f 10586/8/47 10584/8/47 10583/8/47
f 10587/8/47 10584/8/47 10586/8/47
f 10589/7/47 10586/7/47 10565/7/47
f 10589/7/47 10588/7/47 10587/7/47
f 10589/7/47 10587/7/47 10586/7/47
f 10590/7/47 10588/7/47 10589/7/47
f 10591/7/47 10588/7/47 10590/7/47
f 10592/7/47 10589/7/47 10565/7/47
f 10592/8/47 10590/8/47 10589/8/47
f 10593/8/47 10590/8/47 10592/8/47
f 10595/7/47 10592/7/47 10565/7/47
f 10595/7/47 10594/7/47 10593/7/47
f 10595/7/47 10593/7/47 10592/7/47
f 10596/7/47 10594/7/47 10595/7/47
f 10597/7/47 10594/7/47 10596/7/47
f 10598/7/47 10595/7/47 10565/7/47
f 10598/8/47 10596/8/47 10595/8/47
f 10599/8/47 10596/8/47 10598/8/47
f 10601/7/47 10598/7/47 10565/7/47
f 10601/7/47 10600/7/47 10599/7/47
f 10601/7/47 10599/7/47 10598/7/47
f 10602/7/47 10600/7/47 10601/7/47
f 10603/7/47 10600/7/47 10602/7/47
f 10604/7/47 10601/7/47 10565/7/47
f 10604/8/47 10602/8/47 10601/8/47
f 10605/8/47 10602/8/47 10604/8/47
f 10607/7/47 10604/7/47 10565/7/47
f 10607/7/47 10606/7/47 10605/7/47
f 10607/7/47 10605/7/47 10604/7/47
f 10608/7/47 10606/7/47 10607/7/47
f 10609/7/47 10606/7/47 10608/7/47
f 10610/7/47 10607/7/47 10565/7/47
f 10610/8/47 10608/8/47 10607/8/47
f 10611/8/47 10608/8/47 10610/8/47
f 10613/7/47 10610/7/47 10565/7/47
f 10613/7/47 10612/7/47 10611/7/47
f 10613/7/47 10611/7/47 10610/7/47
f 10614/7/47 10612/7/47 10613/7/47
f 10615/7/47 10612/7/47 10614/7/47
f 10616/7/47 10613/7/47 10565/7/47
f 10616/8/47 10614/8/47 10613/8/47
f 10617/8/47 10614/8/47 10616/8/47
f 10619/7/47 10616/7/47 10565/7/47
f 10619/7/47 10618/7/47 10617/7/47
f 10619/7/47 10617/7/47 10616/7/47
f 10620/7/47 10618/7/47 10619/7/47
f 10621/7/47 10618/7/47 10620/7/47
f 10622/7/47 10619/7/47 10565/7/47
f 10622/8/47 10620/8/47 10619/8/47
f 10623/8/47 10620/8/47 10622/8/47
f 10625/7/47 10622/7/47 10565/7/47
f 10625/7/47 10624/7/47 10623/7/47
f 10625/7/47 10623/7/47 10622/7/47
f 10626/7/47 10624/7/47 10625/7/47
f 10627/7/47 10624/7/47 10626/7/47
f 10628/7/47 10625/7/47 10565/7/47
f 10629/8/47 10626/8/47 10625/8/47
f 10629/7/47 10625/7/47 10628/7/47
f 10630/8/47 10626/8/47 10629/8/47
f 10633/7/47 10632/7/47 10631/7/47
f 10634/7/47 10632/7/47 10633/7/47
f 10636/7/47 10635/7/47 10634/7/47
f 10637/7/47 10635/7/47 10636/7/47
f 10640/7/47 10639/7/47 10638/7/47
f 10641/7/47 10639/7/47 10640/7/47
f 10643/7/47 10642/7/47 10641/7/47
f 10644/7/47 10642/7/47 10643/7/47
f 10647/7/47 10646/7/47 10645/7/47
f 10648/7/47 10646/7/47 10647/7/47
f 10650/7/47 10649/7/47 10648/7/47
f 10651/7/47 10649/7/47 10650/7/47
f 10654/7/47 10653/7/47 10652/7/47
f 10655/7/47 10653/7/47 10654/7/47
f 10657/7/47 10656/7/47 10655/7/47
f 10658/7/47 10656/7/47 10657/7/47
f 10661/7/47 10660/7/47 10659/7/47
f 10662/7/47 10660/7/47 10661/7/47
f 10664/7/47 10663/7/47 10662/7/47
f 10665/7/47 10663/7/47 10664/7/47
f 10668/7/47 10667/7/47 10666/7/47
f 10669/7/47 10667/7/47 10668/7/47
f 10671/7/47 10670/7/47 10669/7/47
f 10672/7/47 10670/7/47 10671/7/47
f 10675/7/47 10674/7/47 10673/7/47
f 10676/7/47 10674/7/47 10675/7/47
f 10678/7/47 10677/7/47 10676/7/47
f 10679/7/47 10677/7/47 10678/7/47
f 10682/7/47 10681/7/47 10680/7/47
f 10683/7/47 10681/7/47 10682/7/47
f 10685/7/47 10684/7/47 10683/7/47
f 10686/7/47 10684/7/47 10685/7/47
f 10689/7/47 10688/7/47 10687/7/47
f 10690/7/47 10688/7/47 10689/7/47
f 10692/7/47 10691/7/47 10690/7/47
f 10693/7/47 10691/7/47 10692/7/47
f 10696/7/47 10695/7/47 10694/7/47
f 10697/7/47 10695/7/47 10696/7/47
f 10699/7/47 10698/7/47 10697/7/47
f 10700/7/47 10698/7/47 10699/7/47
f 10703/7/47 10702/7/47 10701/7/47
f 10704/7/47 10702/7/47 10703/7/47
f 10707/7/47 10706/7/47 10705/7/47
f 10708/7/47 10706/7/47 10707/7/47
f 10711/7/47 10710/7/47 10709/7/47
f 10712/7/47 10710/7/47 10711/7/47
f 10715/7/47 10714/7/47 10713/7/47
f 10716/7/47 10714/7/47 10715/7/47
f 10719/7/47 10718/7/47 10717/7/47
f 10720/7/47 10718/7/47 10719/7/47
f 10723/7/47 10722/7/47 10721/7/47
f 10724/7/47 10722/7/47 10723/7/47
f 10727/7/47 10726/7/47 10725/7/47
f 10728/7/47 10726/7/47 10727/7/47
f 10731/7/47 10730/7/47 10729/7/47
f 10732/7/47 10730/7/47 10731/7/47
f 10735/7/47 10734/7/47 10733/7/47
f 10736/7/47 10734/7/47 10735/7/47
f 10739/7/47 10738/7/47 10737/7/47
f 10740/7/47 10738/7/47 10739/7/47
f 10743/7/47 10742/7/47 10741/7/47
f 10744/7/47 10742/7/47 10743/7/47
f 10746/7/47 10745/7/47 10744/7/47
f 10747/7/47 10745/7/47 10746/7/47
f 10750/7/47 10749/7/47 10748/7/47
f 10751/7/47 10749/7/47 10750/7/47
f 10753/7/47 10752/7/47 10751/7/47
f 10754/7/47 10752/7/47 10753/7/47
f 10757/7/47 10756/7/47 10755/7/47
f 10758/7/47 10756/7/47 10757/7/47
f 10760/7/47 10759/7/47 10758/7/47
f 10761/7/47 10759/7/47 10760/7/47
f 10764/7/47 10763/7/47 10762/7/47
f 10765/7/47 10763/7/47 10764/7/47
f 10767/7/47 10766/7/47 10765/7/47
f 10768/7/47 10766/7/47 10767/7/47
f 10771/7/47 10770/7/47 10769/7/47
f 10772/7/47 10770/7/47 10771/7/47
f 10774/7/47 10773/7/47 10772/7/47
f 10775/7/47 10773/7/47 10774/7/47
f 10778/7/47 10777/7/47 10776/7/47
f 10779/7/47 10777/7/47 10778/7/47
f 10781/7/47 10780/7/47 10779/7/47
f 10782/7/47 10780/7/47 10781/7/47
f 10785/7/47 10784/7/47 10783/7/47
f 10786/7/47 10784/7/47 10785/7/47
f 10788/7/47 10787/7/47 10786/7/47
f 10789/7/47 10787/7/47 10788/7/47
f 10792/7/47 10791/7/47 10790/7/47
f 10793/7/47 10791/7/47 10792/7/47
f 10795/7/47 10794/7/47 10793/7/47
f 10796/7/47 10794/7/47 10795/7/47
f 10799/7/47 10798/7/47 10797/7/47
f 10800/7/47 10798/7/47 10799/7/47
f 10802/7/47 10801/7/47 10800/7/47
f 10803/7/47 10801/7/47 10802/7/47
f 10806/7/47 10805/7/47 10804/7/47
f 10807/7/47 10805/7/47 10806/7/47
f 10809/7/47 10808/7/47 10807/7/47
f 10810/7/47 10808/7/47 10809/7/47
f 10813/7/47 10812/7/47 10811/7/47
f 10814/7/47 10812/7/47 10813/7/47
f 10817/7/47 10816/7/47 10815/7/47
f 10818/7/47 10816/7/47 10817/7/47
f 10821/7/47 10820/7/47 10819/7/47
f 10822/7/47 10820/7/47 10821/7/47
f 10825/7/47 10824/7/47 10823/7/47
f 10826/7/47 10824/7/47 10825/7/47
f 10829/7/47 10828/7/47 10827/7/47
f 10830/7/47 10828/7/47 10829/7/47
f 10833/7/47 10832/7/47 10831/7/47
f 10834/7/47 10832/7/47 10833/7/47
f 10837/7/47 10836/7/47 10835/7/47
f 10838/7/47 10836/7/47 10837/7/47
f 10841/7/47 10840/7/47 10839/7/47
f 10842/7/47 10840/7/47 10841/7/47
f 10845/7/47 10844/7/47 10843/7/47
f 10846/7/47 10844/7/47 10845/7/47
f 10849/7/47 10848/7/47 10847/7/47
f 10850/7/47 10848/7/47 10849/7/47
f 10853/7/47 10852/7/47 10851/7/47
f 10854/7/47 10852/7/47 10853/7/47
f 10856/7/47 10855/7/47 10854/7/47
f 10857/7/47 10855/7/47 10856/7/47
f 10860/7/47 10859/7/47 10858/7/47
f 10861/7/47 10859/7/47 10860/7/47
f 10863/7/47 10862/7/47 10861/7/47
f 10864/7/47 10862/7/47 10863/7/47
f 10867/7/47 10866/7/47 10865/7/47
f 10868/7/47 10866/7/47 10867/7/47
f 10870/7/47 10869/7/47 10868/7/47
f 10871/7/47 10869/7/47 10870/7/47
f 10874/7/47 10873/7/47 10872/7/47
f 10875/7/47 10873/7/47 10874/7/47
f 10877/7/47 10876/7/47 10875/7/47
f 10878/7/47 10876/7/47 10877/7/47
f 10881/7/47 10880/7/47 10879/7/47
f 10882/7/47 10880/7/47 10881/7/47
f 10884/7/47 10883/7/47 10882/7/47
f 10885/7/47 10883/7/47 10884/7/47
f 10888/7/47 10887/7/47 10886/7/47
f 10889/7/47 10887/7/47 10888/7/47
f 10891/7/47 10890/7/47 10889/7/47
f 10892/7/47 10890/7/47 10891/7/47
f 10895/7/47 10894/7/47 10893/7/47
f 10896/7/47 10894/7/47 10895/7/47
f 10898/7/47 10897/7/47 10896/7/47
f 10899/7/47 10897/7/47 10898/7/47
f 10902/7/47 10901/7/47 10900/7/47
f 10903/7/47 10901/7/47 10902/7/47
f 10905/7/47 10904/7/47 10903/7/47
f 10906/7/47 10904/7/47 10905/7/47
f 10909/7/47 10908/7/47 10907/7/47
f 10910/7/47 10908/7/47 10909/7/47
f 10912/7/47 10911/7/47 10910/7/47
f 10913/7/47 10911/7/47 10912/7/47
f 10916/7/47 10915/7/47 10914/7/47
f 10917/7/47 10915/7/47 10916/7/47
f 10919/7/47 10918/7/47 10917/7/47
f 10920/7/47 10918/7/47 10919/7/47
f 10923/7/47 10922/7/47 10921/7/47
f 10924/7/47 10922/7/47 10923/7/47
f 10927/7/47 10926/7/47 10925/7/47
f 10928/7/47 10926/7/47 10927/7/47
f 10931/7/47 10930/7/47 10929/7/47
f 10932/7/47 10930/7/47 10931/7/47
f 10935/7/47 10934/7/47 10933/7/47
f 10936/7/47 10934/7/47 10935/7/47
f 10939/7/47 10938/7/47 10937/7/47
f 10940/7/47 10938/7/47 10939/7/47
f 10943/7/47 10942/7/47 10941/7/47
f 10944/7/47 10942/7/47 10943/7/47
f 10947/7/47 10946/7/47 10945/7/47
f 10948/7/47 10946/7/47 10947/7/47
f 10951/7/47 10950/7/47 10949/7/47
f 10952/7/47 10950/7/47 10951/7/47
f 10955/7/47 10954/7/47 10953/7/47
f 10956/7/47 10954/7/47 10955/7/47
f 10959/7/47 10958/7/47 10957/7/47
f 10960/7/47 10958/7/47 10959/7/47
f 10963/7/47 10962/7/47 10961/7/47
f 10964/7/47 10962/7/47 10963/7/47
f 10966/7/47 10965/7/47 10964/7/47
f 10967/7/47 10965/7/47 10966/7/47
f 10970/7/47 10969/7/47 10968/7/47
f 10971/7/47 10969/7/47 10970/7/47
f 10973/7/47 10972/7/47 10971/7/47
f 10974/7/47 10972/7/47 10973/7/47
f 10977/7/47 10976/7/47 10975/7/47
f 10978/7/47 10976/7/47 10977/7/47
f 10980/7/47 10979/7/47 10978/7/47
f 10981/7/47 10979/7/47 10980/7/47
f 10984/7/47 10983/7/47 10982/7/47
f 10985/7/47 10983/7/47 10984/7/47
f 10987/7/47 10986/7/47 10985/7/47
f 10988/7/47 10986/7/47 10987/7/47
f 10991/7/47 10990/7/47 10989/7/47
f 10992/7/47 10990/7/47 10991/7/47
f 10994/7/47 10993/7/47 10992/7/47
f 10995/7/47 10993/7/47 10994/7/47
f 10998/7/47 10997/7/47 10996/7/47
f 10999/7/47 10997/7/47 10998/7/47
f 11001/7/47 11000/7/47 10999/7/47
f 11002/7/47 11000/7/47 11001/7/47
f 11005/7/47 11004/7/47 11003/7/47
f 11006/7/47 11004/7/47 11005/7/47
f 11008/7/47 11007/7/47 11006/7/47
f 11009/7/47 11007/7/47 11008/7/47
f 11012/7/47 11011/7/47 11010/7/47
f 11013/7/47 11011/7/47 11012/7/47
f 11015/7/47 11014/7/47 11013/7/47
f 11016/7/47 11014/7/47 11015/7/47
f 11019/7/47 11018/7/47 11017/7/47
f 11020/7/47 11018/7/47 11019/7/47
f 11022/7/47 11021/7/47 11020/7/47
f 11023/7/47 11021/7/47 11022/7/47
f 11026/7/47 11025/7/47 11024/7/47
f 11027/7/47 11025/7/47 11026/7/47
f 11029/7/47 11028/7/47 11027/7/47
f 11030/7/47 11028/7/47 11029/7/47
f 11033/7/47 11032/7/47 11031/7/47
f 11034/7/47 11032/7/47 11033/7/47
f 11037/7/47 11036/7/47 11035/7/47
f 11038/7/47 11036/7/47 11037/7/47
f 11041/7/47 11040/7/47 11039/7/47
f 11042/7/47 11040/7/47 11041/7/47
f 11045/7/47 11044/7/47 11043/7/47
f 11046/7/47 11044/7/47 11045/7/47
f 11049/7/47 11048/7/47 11047/7/47
f 11050/7/47 11048/7/47 11049/7/47
f 11053/7/47 11052/7/47 11051/7/47
f 11054/7/47 11052/7/47 11053/7/47
f 11057/7/47 11056/7/47 11055/7/47
f 11058/7/47 11056/7/47 11057/7/47
f 11061/7/47 11060/7/47 11059/7/47
f 11062/7/47 11060/7/47 11061/7/47
f 11065/7/47 11064/7/47 11063/7/47
f 11066/7/47 11064/7/47 11065/7/47
f 11069/7/47 11068/7/47 11067/7/47
f 11070/7/47 11068/7/47 11069/7/47
f 11073/7/47 11072/7/47 11071/7/47
f 11074/7/47 11072/7/47 11073/7/47
f 11076/7/47 11075/7/47 11074/7/47
f 11077/7/47 11075/7/47 11076/7/47
f 11080/7/47 11079/7/47 11078/7/47
f 11081/7/47 11079/7/47 11080/7/47
f 11083/7/47 11082/7/47 11081/7/47
f 11084/7/47 11082/7/47 11083/7/47
f 11087/7/47 11086/7/47 11085/7/47
f 11088/7/47 11086/7/47 11087/7/47
f 11090/7/47 11089/7/47 11088/7/47
f 11091/7/47 11089/7/47 11090/7/47
f 11094/7/47 11093/7/47 11092/7/47
f 11095/7/47 11093/7/47 11094/7/47
f 11097/7/47 11096/7/47 11095/7/47
f 11098/7/47 11096/7/47 11097/7/47
f 11101/7/47 11100/7/47 11099/7/47
f 11102/7/47 11100/7/47 11101/7/47
f 11104/7/47 11103/7/47 11102/7/47
f 11105/7/47 11103/7/47 11104/7/47
f 11108/7/47 11107/7/47 11106/7/47
f 11109/7/47 11107/7/47 11108/7/47
f 11111/7/47 11110/7/47 11109/7/47
f 11112/7/47 11110/7/47 11111/7/47
f 11115/7/47 11114/7/47 11113/7/47
f 11116/7/47 11114/7/47 11115/7/47
f 11118/7/47 11117/7/47 11116/7/47
f 11119/7/47 11117/7/47 11118/7/47
f 11122/7/47 11121/7/47 11120/7/47
f 11123/7/47 11121/7/47 11122/7/47
f 11125/7/47 11124/7/47 11123/7/47
f 11126/7/47 11124/7/47 11125/7/47
f 11129/7/47 11128/7/47 11127/7/47
f 11130/7/47 11128/7/47 11129/7/47
f 11132/7/47 11131/7/47 11130/7/47
f 11133/7/47 11131/7/47 11132/7/47
f 11136/7/47 11135/7/47 11134/7/47
f 11137/7/47 11135/7/47 11136/7/47
f 11139/7/47 11138/7/47 11137/7/47
f 11140/7/47 11138/7/47 11139/7/47
f 11143/7/47 11142/7/47 11141/7/47
f 11144/7/47 11142/7/47 11143/7/47
f 11147/7/47 11146/7/47 11145/7/47
f 11148/7/47 11146/7/47 11147/7/47
f 11151/7/47 11150/7/47 11149/7/47
f 11152/7/47 11150/7/47 11151/7/47
f 11155/7/47 11154/7/47 11153/7/47
f 11156/7/47 11154/7/47 11155/7/47
f 11159/7/47 11158/7/47 11157/7/47
f 11160/7/47 11158/7/47 11159/7/47
f 11163/7/47 11162/7/47 11161/7/47
f 11164/7/47 11162/7/47 11163/7/47
f 11167/7/47 11166/7/47 11165/7/47
f 11168/7/47 11166/7/47 11167/7/47
f 11171/7/47 11170/7/47 11169/7/47
f 11172/7/47 11170/7/47 11171/7/47
f 11175/7/47 11174/7/47 11173/7/47
f 11176/7/47 11174/7/47 11175/7/47
f 11179/7/47 11178/7/47 11177/7/47
f 11180/7/47 11178/7/47 11179/7/47
f 11183/7/47 11182/7/47 11181/7/47
f 11184/7/47 11182/7/47 11183/7/47
f 11186/7/47 11185/7/47 11184/7/47
f 11187/7/47 11185/7/47 11186/7/47
f 11190/7/47 11189/7/47 11188/7/47
f 11191/7/47 11189/7/47 11190/7/47
f 11193/7/47 11192/7/47 11191/7/47
f 11194/7/47 11192/7/47 11193/7/47
f 11197/7/47 11196/7/47 11195/7/47
f 11198/7/47 11196/7/47 11197/7/47
f 11200/7/47 11199/7/47 11198/7/47
f 11201/7/47 11199/7/47 11200/7/47
f 11204/7/47 11203/7/47 11202/7/47
f 11205/7/47 11203/7/47 11204/7/47
f 11207/7/47 11206/7/47 11205/7/47
f 11208/7/47 11206/7/47 11207/7/47
f 11211/7/47 11210/7/47 11209/7/47
f 11212/7/47 11210/7/47 11211/7/47
f 11214/7/47 11213/7/47 11212/7/47
f 11215/7/47 11213/7/47 11214/7/47
f 11218/7/47 11217/7/47 11216/7/47
f 11219/7/47 11217/7/47 11218/7/47
f 11221/7/47 11220/7/47 11219/7/47
f 11222/7/47 11220/7/47 11221/7/47
f 11225/7/47 11224/7/47 11223/7/47
f 11226/7/47 11224/7/47 11225/7/47
f 11228/7/47 11227/7/47 11226/7/47
f 11229/7/47 11227/7/47 11228/7/47
f 11232/7/47 11231/7/47 11230/7/47
f 11233/7/47 11231/7/47 11232/7/47
f 11235/7/47 11234/7/47 11233/7/47
f 11236/7/47 11234/7/47 11235/7/47
f 11239/7/47 11238/7/47 11237/7/47
f 11240/7/47 11238/7/47 11239/7/47
f 11242/7/47 11241/7/47 11240/7/47
f 11243/7/47 11241/7/47 11242/7/47
f 11246/7/47 11245/7/47 11244/7/47
f 11247/7/47 11245/7/47 11246/7/47
f 11249/7/47 11248/7/47 11247/7/47
f 11250/7/47 11248/7/47 11249/7/47
f 11253/7/47 11252/7/47 11251/7/47
f 11254/7/47 11252/7/47 11253/7/47
f 11257/7/47 11256/7/47 11255/7/47
f 11258/7/47 11256/7/47 11257/7/47
f 11261/7/47 11260/7/47 11259/7/47
f 11262/7/47 11260/7/47 11261/7/47
f 11265/7/47 11264/7/47 11263/7/47
f 11266/7/47 11264/7/47 11265/7/47
f 11269/7/47 11268/7/47 11267/7/47
f 11270/7/47 11268/7/47 11269/7/47
f 11273/7/47 11272/7/47 11271/7/47
f 11274/7/47 11272/7/47 11273/7/47
f 11277/7/47 11276/7/47 11275/7/47
f 11278/7/47 11276/7/47 11277/7/47
f 11281/7/47 11280/7/47 11279/7/47
f 11282/7/47 11280/7/47 11281/7/47
f 11285/7/47 11284/7/47 11283/7/47
f 11286/7/47 11284/7/47 11285/7/47
f 11289/7/47 11288/7/47 11287/7/47
f 11290/7/47 11288/7/47 11289/7/47
f 11293/7/47 11292/7/47 11291/7/47
f 11294/7/47 11292/7/47 11293/7/47
f 11296/7/47 11295/7/47 11294/7/47
f 11297/7/47 11295/7/47 11296/7/47
f 11300/7/47 11299/7/47 11298/7/47
f 11301/7/47 11299/7/47 11300/7/47
f 11303/7/47 11302/7/47 11301/7/47
f 11304/7/47 11302/7/47 11303/7/47
f 11307/7/47 11306/7/47 11305/7/47
f 11308/7/47 11306/7/47 11307/7/47
f 11310/7/47 11309/7/47 11308/7/47
f 11311/7/47 11309/7/47 11310/7/47
f 11314/7/47 11313/7/47 11312/7/47
f 11315/7/47 11313/7/47 11314/7/47
f 11317/7/47 11316/7/47 11315/7/47
f 11318/7/47 11316/7/47 11317/7/47
f 11321/7/47 11320/7/47 11319/7/47
f 11322/7/47 11320/7/47 11321/7/47
f 11324/7/47 11323/7/47 11322/7/47
f 11325/7/47 11323/7/47 11324/7/47
f 11328/7/47 11327/7/47 11326/7/47
f 11329/7/47 11327/7/47 11328/7/47
f 11331/7/47 11330/7/47 11329/7/47
f 11332/7/47 11330/7/47 11331/7/47
f 11335/7/47 11334/7/47 11333/7/47
f 11336/7/47 11334/7/47 11335/7/47
f 11338/7/47 11337/7/47 11336/7/47
f 11339/7/47 11337/7/47 11338/7/47
f 11342/7/47 11341/7/47 11340/7/47
f 11343/7/47 11341/7/47 11342/7/47
f 11345/7/47 11344/7/47 11343/7/47
f 11346/7/47 11344/7/47 11345/7/47
f 11349/7/47 11348/7/47 11347/7/47
f 11350/7/47 11348/7/47 11349/7/47
f 11352/7/47 11351/7/47 11350/7/47
f 11353/7/47 11351/7/47 11352/7/47
f 11356/7/47 11355/7/47 11354/7/47
f 11357/7/47 11355/7/47 11356/7/47
f 11359/7/47 11358/7/47 11357/7/47
f 11360/7/47 11358/7/47 11359/7/47
f 11363/7/47 11362/7/47 11361/7/47
f 11364/7/47 11362/7/47 11363/7/47
f 11367/7/47 11366/7/47 11365/7/47
f 11368/7/47 11366/7/47 11367/7/47
f 11371/7/47 11370/7/47 11369/7/47
f 11372/7/47 11370/7/47 11371/7/47
f 11375/7/47 11374/7/47 11373/7/47
f 11376/7/47 11374/7/47 11375/7/47
f 11379/7/47 11378/7/47 11377/7/47
f 11380/7/47 11378/7/47 11379/7/47
f 11383/7/47 11382/7/47 11381/7/47
f 11384/7/47 11382/7/47 11383/7/47
f 11387/7/47 11386/7/47 11385/7/47
f 11388/7/47 11386/7/47 11387/7/47
f 11391/7/47 11390/7/47 11389/7/47
f 11392/7/47 11390/7/47 11391/7/47
f 11395/7/47 11394/7/47 11393/7/47
f 11396/7/47 11394/7/47 11395/7/47
f 11399/7/47 11398/7/47 11397/7/47
f 11400/7/47 11398/7/47 11399/7/47
f 11403/7/47 11402/7/47 11401/7/47
f 11404/7/47 11402/7/47 11403/7/47
f 11406/7/47 11405/7/47 11404/7/47
f 11407/7/47 11405/7/47 11406/7/47
f 11410/7/47 11409/7/47 11408/7/47
f 11411/7/47 11409/7/47 11410/7/47
f 11413/7/47 11412/7/47 11411/7/47
f 11414/7/47 11412/7/47 11413/7/47
f 11417/7/47 11416/7/47 11415/7/47
f 11418/7/47 11416/7/47 11417/7/47
f 11420/7/47 11419/7/47 11418/7/47
f 11421/7/47 11419/7/47 11420/7/47
f 11424/7/47 11423/7/47 11422/7/47
f 11425/7/47 11423/7/47 11424/7/47
f 11427/7/47 11426/7/47 11425/7/47
f 11428/7/47 11426/7/47 11427/7/47
f 11431/7/47 11430/7/47 11429/7/47
f 11432/7/47 11430/7/47 11431/7/47
f 11434/7/47 11433/7/47 11432/7/47
f 11435/7/47 11433/7/47 11434/7/47
f 11438/7/47 11437/7/47 11436/7/47
f 11439/7/47 11437/7/47 11438/7/47
f 11441/7/47 11440/7/47 11439/7/47
f 11442/7/47 11440/7/47 11441/7/47
f 11445/7/47 11444/7/47 11443/7/47
f 11446/7/47 11444/7/47 11445/7/47
f 11448/7/47 11447/7/47 11446/7/47
f 11449/7/47 11447/7/47 11448/7/47
f 11452/7/47 11451/7/47 11450/7/47
f 11453/7/47 11451/7/47 11452/7/47
f 11455/7/47 11454/7/47 11453/7/47
f 11456/7/47 11454/7/47 11455/7/47
f 11459/7/47 11458/7/47 11457/7/47
f 11460/7/47 11458/7/47 11459/7/47
f 11462/7/47 11461/7/47 11460/7/47
f 11463/7/47 11461/7/47 11462/7/47
f 11466/7/47 11465/7/47 11464/7/47
f 11467/7/47 11465/7/47 11466/7/47
f 11469/7/47 11468/7/47 11467/7/47
f 11470/7/47 11468/7/47 11469/7/47
f 11471/7/48 11472/7/48 11473/7/48
f 11471/7/48 11473/7/48 11475/7/48
f 11473/7/48 11474/7/48 11475/7/48
f 11475/7/48 11474/7/48 11476/7/48
f 11477/7/48 11478/7/48 11479/7/48
f 11477/7/48 11479/7/48 11481/7/48
f 11479/7/48 11480/7/48 11481/7/48
f 11481/7/48 11480/7/48 11482/7/48
f 11483/7/48 11484/7/48 11485/7/48
f 11483/7/48 11485/7/48 11487/7/48
f 11485/7/48 11486/7/48 11487/7/48
f 11487/7/48 11486/7/48 11488/7/48
f 11489/7/48 11490/7/48 11491/7/48
f 11489/7/48 11491/7/48 11493/7/48
f 11491/7/48 11492/7/48 11493/7/48
f 11493/7/48 11492/7/48 11494/7/48
f 11495/7/48 11496/7/48 11497/7/48
f 11495/7/48 11497/7/48 11499/7/48
f 11497/7/48 11498/7/48 11499/7/48
f 11499/7/48 11498/7/48 11500/7/48
f 11501/7/48 11502/7/48 11503/7/48
f 11501/7/48 11503/7/48 11505/7/48
f 11503/7/48 11504/7/48 11505/7/48
f 11505/7/48 11504/7/48 11506/7/48
f 11507/7/48 11508/7/48 11509/7/48
f 11507/7/48 11509/7/48 11511/7/48
f 11509/7/48 11510/7/48 11511/7/48
f 11511/7/48 11510/7/48 11512/7/48
f 11513/7/48 11514/7/48 11515/7/48
f 11513/7/48 11515/7/48 11517/7/48
f 11515/7/48 11516/7/48 11517/7/48
f 11517/7/48 11516/7/48 11518/7/48
f 11519/7/48 11520/7/48 11521/7/48
f 11519/7/48 11521/7/48 11523/7/48
f 11521/7/48 11522/7/48 11523/7/48
f 11523/7/48 11522/7/48 11524/7/48
f 11525/7/48 11526/7/48 11527/7/48
f 11525/7/48 11527/7/48 11529/7/48
f 11527/7/48 11528/7/48 11529/7/48
f 11529/7/48 11528/7/48 11530/7/48
f 11531/7/48 11532/7/48 11533/7/48
f 11531/7/48 11533/7/48 11535/7/48
f 11533/7/48 11534/7/48 11535/7/48
f 11535/7/48 11534/7/48 11536/7/48
f 11537/7/48 11538/7/48 11539/7/48
f 11537/7/48 11539/7/48 11541/7/48
f 11539/7/48 11540/7/48 11541/7/48
f 11541/7/48 11540/7/48 11542/7/48
f 11543/7/48 11544/7/48 11545/7/48
f 11543/7/48 11545/7/48 11547/7/48
f 11545/7/48 11546/7/48 11547/7/48
f 11547/7/48 11546/7/48 11548/7/48
f 11549/7/48 11550/7/48 11551/7/48
f 11549/7/48 11551/7/48 11553/7/48
f 11551/7/48 11552/7/48 11553/7/48
f 11553/7/48 11552/7/48 11554/7/48
f 11555/7/48 11556/7/48 11557/7/48
f 11555/7/48 11557/7/48 11559/7/48
f 11557/7/48 11558/7/48 11559/7/48
f 11559/7/48 11558/7/48 11560/7/48
f 11561/7/48 11562/7/48 11563/7/48
f 11561/7/48 11563/7/48 11565/7/48
f 11563/7/48 11564/7/48 11565/7/48
f 11565/7/48 11564/7/48 11566/7/48
f 11567/7/48 11568/7/48 11569/7/48
f 11567/7/48 11569/7/48 11571/7/48
f 11569/7/48 11570/7/48 11571/7/48
f 11571/7/48 11570/7/48 11572/7/48
f 11573/7/48 11574/7/48 11575/7/48
f 11573/7/48 11575/7/48 11577/7/48
f 11575/7/48 11576/7/48 11577/7/48
f 11577/7/48 11576/7/48 11578/7/48
f 11579/7/48 11580/7/48 11581/7/48
f 11579/7/48 11581/7/48 11583/7/48
f 11581/7/48 11582/7/48 11583/7/48
f 11583/7/48 11582/7/48 11584/7/48
f 11585/7/48 11586/7/48 11587/7/48
f 11585/7/48 11587/7/48 11589/7/48
f 11587/7/48 11588/7/48 11589/7/48
f 11589/7/48 11588/7/48 11590/7/48
f 11591/7/48 11592/7/48 11593/7/48
f 11591/7/48 11593/7/48 11595/7/48
f 11593/7/48 11594/7/48 11595/7/48
f 11595/7/48 11594/7/48 11596/7/48
f 11597/7/48 11598/7/48 11599/7/48
f 11597/7/48 11599/7/48 11601/7/48
f 11599/7/48 11600/7/48 11601/7/48
f 11601/7/48 11600/7/48 11602/7/48
f 11603/7/48 11604/7/48 11605/7/48
f 11603/7/48 11605/7/48 11607/7/48
f 11605/7/48 11606/7/48 11607/7/48
f 11607/7/48 11606/7/48 11608/7/48
f 11609/7/48 11610/7/48 11611/7/48
f 11609/7/48 11611/7/48 11613/7/48
f 11611/7/48 11612/7/48 11613/7/48
f 11613/7/48 11612/7/48 11614/7/48
f 11615/7/48 11616/7/48 11617/7/48
f 11615/7/48 11617/7/48 11619/7/48
f 11617/7/48 11618/7/48 11619/7/48
f 11619/7/48 11618/7/48 11620/7/48
f 11621/7/48 11622/7/48 11623/7/48
f 11621/7/48 11623/7/48 11625/7/48
f 11623/7/48 11624/7/48 11625/7/48
f 11625/7/48 11624/7/48 11626/7/48
f 11627/7/48 11628/7/48 11629/7/48
f 11627/7/48 11629/7/48 11631/7/48
f 11629/7/48 11630/7/48 11631/7/48
f 11631/7/48 11630/7/48 11632/7/48
f 11633/7/48 11634/7/48 11635/7/48
f 11633/7/48 11635/7/48 11637/7/48
f 11635/7/48 11636/7/48 11637/7/48
f 11637/7/48 11636/7/48 11638/7/48
f 11639/7/48 11640/7/48 11641/7/48
f 11639/7/48 11641/7/48 11643/7/48
f 11641/7/48 11642/7/48 11643/7/48
f 11643/7/48 11642/7/48 11644/7/48
f 11645/7/48 11646/7/48 11647/7/48
f 11645/7/48 11647/7/48 11649/7/48
f 11647/7/48 11648/7/48 11649/7/48
f 11649/7/48 11648/7/48 11650/7/48
f 11651/7/48 11652/7/48 11653/7/48
f 11651/7/48 11653/7/48 11655/7/48
f 11653/7/48 11654/7/48 11655/7/48
f 11655/7/48 11654/7/48 11656/7/48
f 11657/7/48 11658/7/48 11659/7/48
f 11657/7/48 11659/7/48 11661/7/48
f 11659/7/48 11660/7/48 11661/7/48
f 11661/7/48 11660/7/48 11662/7/48
f 11663/7/48 11664/7/48 11665/7/48
f 11663/7/48 11665/7/48 11667/7/48
f 11665/7/48 11666/7/48 11667/7/48
f 11667/7/48 11666/7/48 11668/7/48
f 11669/7/48 11670/7/48 11671/7/48
f 11669/7/48 11671/7/48 11673/7/48
f 11671/7/48 11672/7/48 11673/7/48
f 11673/7/48 11672/7/48 11674/7/48
f 11675/7/48 11676/7/48 11677/7/48
f 11675/7/48 11677/7/48 11679/7/48
f 11677/7/48 11678/7/48 11679/7/48
f 11679/7/48 11678/7/48 11680/7/48
f 11681/7/48 11682/7/48 11683/7/48
f 11681/7/48 11683/7/48 11685/7/48
f 11683/7/48 11684/7/48 11685/7/48
f 11685/7/48 11684/7/48 11686/7/48
f 11687/7/48 11688/7/48 11689/7/48
f 11687/7/48 11689/7/48 11691/7/48
f 11689/7/48 11690/7/48 11691/7/48
f 11691/7/48 11690/7/48 11692/7/48
f 11693/7/48 11694/7/48 11695/7/48
f 11693/7/48 11695/7/48 11697/7/48
f 11695/7/48 11696/7/48 11697/7/48
f 11697/7/48 11696/7/48 11698/7/48
f 11699/7/48 11700/7/48 11701/7/48
f 11699/7/48 11701/7/48 11703/7/48
f 11701/7/48 11702/7/48 11703/7/48
f 11703/7/48 11702/7/48 11704/7/48
f 11705/7/48 11706/7/48 11707/7/48
f 11705/7/48 11707/7/48 11709/7/48
f 11707/7/48 11708/7/48 11709/7/48
f 11709/7/48 11708/7/48 11710/7/48
f 11711/7/48 11712/7/48 11713/7/48
f 11711/7/48 11713/7/48 11715/7/48
f 11713/7/48 11714/7/48 11715/7/48
f 11715/7/48 11714/7/48 11716/7/48
f 11717/7/48 11718/7/48 11719/7/48
f 11717/7/48 11719/7/48 11721/7/48
f 11719/7/48 11720/7/48 11721/7/48
f 11721/7/48 11720/7/48 11722/7/48
f 11723/7/48 11724/7/48 11725/7/48
f 11723/7/48 11725/7/48 11727/7/48
f 11725/7/48 11726/7/48 11727/7/48
f 11727/7/48 11726/7/48 11728/7/48
f 11729/7/48 11730/7/48 11731/7/48
f 11729/7/48 11731/7/48 11733/7/48
f 11731/7/48 11732/7/48 11733/7/48
f 11733/7/48 11732/7/48 11734/7/48
f 11735/7/48 11736/7/48 11737/7/48
f 11735/7/48 11737/7/48 11739/7/48
f 11737/7/48 11738/7/48 11739/7/48
f 11739/7/48 11738/7/48 11740/7/48
f 11741/7/48 11742/7/48 11743/7/48
f 11741/7/48 11743/7/48 11745/7/48
f 11743/7/48 11744/7/48 11745/7/48
f 11745/7/48 11744/7/48 11746/7/48
f 11747/7/48 11748/7/48 11749/7/48
f 11747/7/48 11749/7/48 11751/7/48
f 11749/7/48 11750/7/48 11751/7/48
f 11751/7/48 11750/7/48 11752/7/48
f 11753/7/48 11754/7/48 11755/7/48
f 11753/7/48 11755/7/48 11757/7/48
f 11755/7/48 11756/7/48 11757/7/48
f 11757/7/48 11756/7/48 11758/7/48
f 11759/7/48 11760/7/48 11761/7/48
f 11759/7/48 11761/7/48 11763/7/48
f 11761/7/48 11762/7/48 11763/7/48
f 11763/7/48 11762/7/48 11764/7/48
f 11765/7/48 11766/7/48 11767/7/48
f 11765/7/48 11767/7/48 11769/7/48
f 11767/7/48 11768/7/48 11769/7/48
f 11769/7/48 11768/7/48 11770/7/48
f 11771/7/48 11772/7/48 11773/7/48
f 11771/7/48 11773/7/48 11775/7/48
f 11773/7/48 11774/7/48 11775/7/48
f 11775/7/48 11774/7/48 11776/7/48
f 11777/7/48 11778/7/48 11779/7/48
f 11777/7/48 11779/7/48 11781/7/48
f 11779/7/48 11780/7/48 11781/7/48
f 11781/7/48 11780/7/48 11782/7/48
f 11783/7/48 11784/7/48 11785/7/48
f 11783/7/48 11785/7/48 11787/7/48
f 11785/7/48 11786/7/48 11787/7/48
f 11787/7/48 11786/7/48 11788/7/48
f 11789/7/48 11790/7/48 11791/7/48
f 11789/7/48 11791/7/48 11793/7/48
f 11791/7/48 11792/7/48 11793/7/48
f 11793/7/48 11792/7/48 11794/7/48
f 11795/7/48 11796/7/48 11797/7/48
f 11795/7/48 11797/7/48 11799/7/48
f 11797/7/48 11798/7/48 11799/7/48
f 11799/7/48 11798/7/48 11800/7/48
f 11801/7/48 11802/7/48 11803/7/48
f 11801/7/48 11803/7/48 11805/7/48
f 11803/7/48 11804/7/48 11805/7/48
f 11805/7/48 11804/7/48 11806/7/48
f 11807/7/48 11808/7/48 11809/7/48
f 11807/7/48 11809/7/48 11811/7/48
f 11809/7/48 11810/7/48 11811/7/48
f 11811/7/48 11810/7/48 11812/7/48
f 11813/7/48 11814/7/48 11815/7/48
f 11813/7/48 11815/7/48 11817/7/48
f 11815/7/48 11816/7/48 11817/7/48
f 11817/7/48 11816/7/48 11818/7/48
f 11819/7/48 11820/7/48 11821/7/48
f 11819/7/48 11821/7/48 11823/7/48
f 11821/7/48 11822/7/48 11823/7/48
f 11823/7/48 11822/7/48 11824/7/48
f 11825/7/48 11826/7/48 11827/7/48
f 11825/7/48 11827/7/48 11829/7/48
f 11827/7/48 11828/7/48 11829/7/48
f 11829/7/48 11828/7/48 11830/7/48
f 11831/7/48 11832/7/48 11833/7/48
f 11831/7/48 11833/7/48 11835/7/48
f 11833/7/48 11834/7/48 11835/7/48
f 11835/7/48 11834/7/48 11836/7/48
f 11837/7/48 11838/7/48 11839/7/48
f 11837/7/48 11839/7/48 11841/7/48
f 11839/7/48 11840/7/48 11841/7/48
f 11841/7/48 11840/7/48 11842/7/48
f 11843/7/48 11844/7/48 11845/7/48
f 11843/7/48 11845/7/48 11847/7/48
f 11845/7/48 11846/7/48 11847/7/48
f 11847/7/48 11846/7/48 11848/7/48
f 11849/7/48 11850/7/48 11851/7/48
f 11849/7/48 11851/7/48 11853/7/48
f 11851/7/48 11852/7/48 11853/7/48
f 11853/7/48 11852/7/48 11854/7/48
f 11855/7/48 11856/7/48 11857/7/48
f 11855/7/48 11857/7/48 11859/7/48
f 11857/7/48 11858/7/48 11859/7/48
f 11859/7/48 11858/7/48 11860/7/48
f 11861/7/48 11862/7/48 11863/7/48
f 11861/7/48 11863/7/48 11865/7/48
f 11863/7/48 11864/7/48 11865/7/48
f 11865/7/48 11864/7/48 11866/7/48
f 11867/7/48 11868/7/48 11869/7/48
f 11867/7/48 11869/7/48 11871/7/48
f 11869/7/48 11870/7/48 11871/7/48
f 11871/7/48 11870/7/48 11872/7/48
f 11873/7/48 11874/7/48 11875/7/48
f 11873/7/48 11875/7/48 11877/7/48
f 11875/7/48 11876/7/48 11877/7/48
f 11877/7/48 11876/7/48 11878/7/48
f 11879/7/48 11880/7/48 11881/7/48
f 11879/7/48 11881/7/48 11883/7/48
f 11881/7/48 11882/7/48 11883/7/48
f 11883/7/48 11882/7/48 11884/7/48
f 11885/7/48 11886/7/48 11887/7/48
f 11885/7/48 11887/7/48 11889/7/48
f 11887/7/48 11888/7/48 11889/7/48
f 11889/7/48 11888/7/48 11890/7/48
f 11891/7/48 11892/7/48 11893/7/48
f 11891/7/48 11893/7/48 11895/7/48
f 11893/7/48 11894/7/48 11895/7/48
f 11895/7/48 11894/7/48 11896/7/48
f 11897/7/48 11898/7/48 11899/7/48
f 11897/7/48 11899/7/48 11901/7/48
f 11899/7/48 11900/7/48 11901/7/48
f 11901/7/48 11900/7/48 11902/7/48
f 11903/7/48 11904/7/48 11905/7/48
f 11903/7/48 11905/7/48 11907/7/48
f 11905/7/48 11906/7/48 11907/7/48
f 11907/7/48 11906/7/48 11908/7/48
f 11909/7/48 11910/7/48 11911/7/48
f 11909/7/48 11911/7/48 11913/7/48
f 11911/7/48 11912/7/48 11913/7/48
f 11913/7/48 11912/7/48 11914/7/48
f 11915/7/48 11916/7/48 11917/7/48
f 11915/7/48 11917/7/48 11919/7/48
f 11917/7/48 11918/7/48 11919/7/48
f 11919/7/48 11918/7/48 11920/7/48
f 11921/7/48 11922/7/48 11923/7/48
f 11921/7/48 11923/7/48 11925/7/48
f 11923/7/48 11924/7/48 11925/7/48
f 11925/7/48 11924/7/48 11926/7/48
f 11927/7/48 11928/7/48 11929/7/48
f 11927/7/48 11929/7/48 11931/7/48
f 11929/7/48 11930/7/48 11931/7/48
f 11931/7/48 11930/7/48 11932/7/48
f 11933/7/48 11934/7/48 11935/7/48
f 11933/7/48 11935/7/48 11937/7/48
f 11935/7/48 11936/7/48 11937/7/48
f 11937/7/48 11936/7/48 11938/7/48
f 11939/7/48 11940/7/48 11941/7/48
f 11939/7/48 11941/7/48 11943/7/48
f 11941/7/48 11942/7/48 11943/7/48
f 11943/7/48 11942/7/48 11944/7/48
f 11945/7/48 11946/7/48 11947/7/48
f 11945/7/48 11947/7/48 11949/7/48
f 11947/7/48 11948/7/48 11949/7/48
f 11949/7/48 11948/7/48 11950/7/48
f 11951/7/48 11952/7/48 11954/7/48
f 11952/8/48 11953/8/48 11955/8/48
f 11954/7/48 11952/7/48 11955/7/48
f 11951/7/48 11954/7/48 11956/7/48
f 11954/8/48 11955/8/48 11956/8/48
f 11955/8/48 11953/8/48 11957/8/48
f 11956/8/48 11955/8/48 11957/8/48
f 11951/7/48 11956/7/48 11958/7/48
f 11956/7/48 11957/7/48 11958/7/48
f 11957/8/48 11953/8/48 11959/8/48
f 11958/7/48 11957/7/48 11959/7/48
f 11951/7/48 11958/7/48 11960/7/48
f 11958/8/48 11959/8/48 11960/8/48
f 11959/8/48 11953/8/48 11961/8/48
f 11960/8/48 11959/8/48 11961/8/48
f 11951/7/48 11960/7/48 11962/7/48
f 11960/7/48 11961/7/48 11962/7/48
f 11961/8/48 11953/8/48 11963/8/48
f 11962/7/48 11961/7/48 11963/7/48
f 11951/7/48 11962/7/48 11964/7/48
f 11962/8/48 11963/8/48 11964/8/48
f 11963/8/48 11953/8/48 11965/8/48
f 11964/8/48 11963/8/48 11965/8/48
f 11951/7/48 11964/7/48 11966/7/48
f 11964/7/48 11965/7/48 11966/7/48
f 11965/8/48 11953/8/48 11967/8/48
f 11966/7/48 11965/7/48 11967/7/48
f 11951/7/48 11966/7/48 11968/7/48
f 11966/8/48 11967/8/48 11968/8/48
f 11967/8/48 11953/8/48 11969/8/48
f 11968/8/48 11967/8/48 11969/8/48
f 11951/7/48 11968/7/48 11970/7/48
f 11968/7/48 11969/7/48 11970/7/48
f 11969/8/48 11953/8/48 11971/8/48
f 11970/7/48 11969/7/48 11971/7/48
f 11951/7/48 11970/7/48 11972/7/48
f 11970/8/48 11971/8/48 11972/8/48
f 11971/8/48 11953/8/48 11973/8/48
f 11972/8/48 11971/8/48 11973/8/48
f 11951/7/48 11972/7/48 11974/7/48
f 11972/7/48 11973/7/48 11974/7/48
f 11973/8/48 11953/8/48 11975/8/48
f 11974/7/48 11973/7/48 11975/7/48
f 11951/7/48 11974/7/48 11976/7/48
f 11974/8/48 11975/8/48 11976/8/48
f 11975/8/48 11953/8/48 11977/8/48
f 11976/8/48 11975/8/48 11977/8/48
f 11951/7/48 11976/7/48 11978/7/48
f 11976/7/48 11977/7/48 11978/7/48
f 11977/8/48 11953/8/48 11979/8/48
f 11978/7/48 11977/7/48 11979/7/48
f 11951/7/48 11978/7/48 11980/7/48
f 11978/8/48 11979/8/48 11980/8/48
f 11979/8/48 11953/8/48 11981/8/48
f 11980/8/48 11979/8/48 11981/8/48
f 11951/7/48 11980/7/48 11982/7/48
f 11980/7/48 11981/7/48 11982/7/48
f 11981/8/48 11953/8/48 11983/8/48
f 11982/7/48 11981/7/48 11983/7/48
f 11951/7/48 11982/7/48 11984/7/48
f 11982/8/48 11983/8/48 11984/8/48
f 11983/8/48 11953/8/48 11985/8/48
f 11984/8/48 11983/8/48 11985/8/48
f 11951/7/48 11984/7/48 11986/7/48
f 11984/7/48 11985/7/48 11986/7/48
f 11985/8/48 11953/8/48 11987/8/48
f 11986/7/48 11985/7/48 11987/7/48
f 11951/7/48 11986/7/48 11988/7/48
f 11986/8/48 11987/8/48 11988/8/48
f 11987/8/48 11953/8/48 11989/8/48
f 11988/8/48 11987/8/48 11989/8/48
f 11951/7/48 11988/7/48 11990/7/48
f 11988/7/48 11989/7/48 11990/7/48
f 11989/8/48 11953/8/48 11991/8/48
f 11990/7/48 11989/7/48 11991/7/48
f 11951/7/48 11990/7/48 11992/7/48
f 11990/8/48 11991/8/48 11992/8/48
f 11991/8/48 11953/8/48 11993/8/48
f 11992/8/48 11991/8/48 11993/8/48
f 11951/7/48 11992/7/48 11994/7/48
f 11992/7/48 11993/7/48 11994/7/48
f 11993/8/48 11953/8/48 11995/8/48
f 11994/7/48 11993/7/48 11995/7/48
f 11995/8/48 11953/8/48 11996/8/48
f 11999/7/49 11998/7/49 11997/7/49
f 12000/7/49 11998/7/49 11999/7/49
f 12001/8/50 12002/8/50 12023/8/50
f 12023/8/50 12002/8/50 12024/8/50
f 12003/8/50 12004/8/50 12025/8/50
f 12025/8/50 12004/8/50 12026/8/50
f 12005/8/50 12006/8/50 12027/8/50
f 12027/8/50 12006/8/50 12028/8/50
f 12007/8/50 12008/8/50 12029/8/50
f 12029/8/50 12008/8/50 12030/8/50
f 12009/8/50 12010/8/50 12031/8/50
f 12031/8/50 12010/8/50 12032/8/50
f 12011/8/50 12012/8/50 12033/8/50
f 12033/8/50 12012/8/50 12034/8/50
f 12013/8/50 12014/8/50 12035/8/50
f 12035/8/50 12014/8/50 12036/8/50
f 12015/8/50 12016/8/50 12037/8/50
f 12037/8/50 12016/8/50 12038/8/50
f 12017/8/50 12018/8/50 12039/8/50
f 12039/8/50 12018/8/50 12040/8/50
f 12019/8/50 12020/8/50 12041/8/50
f 12041/8/50 12020/8/50 12042/8/50
f 12003/8/50 12025/8/50 12044/8/50
f 12044/8/50 12025/8/50 12045/8/50
f 12005/8/50 12027/8/50 12046/8/50
f 12046/8/50 12027/8/50 12047/8/50
f 12007/8/50 12029/8/50 12048/8/50
f 12048/8/50 12029/8/50 12049/8/50
f 12009/8/50 12031/8/50 12050/8/50
f 12050/8/50 12031/8/50 12051/8/50
f 12011/8/50 12033/8/50 12052/8/50
f 12052/8/50 12033/8/50 12053/8/50
f 12013/8/50 12035/8/50 12054/8/51
f 12054/8/51 12035/8/50 12055/8/50
f 12015/8/50 12037/8/50 12056/8/50
f 12056/8/50 12037/8/50 12057/8/50
f 12017/8/50 12039/8/50 12058/8/50
f 12058/8/50 12039/8/50 12059/8/50
f 12019/8/50 12041/8/50 12060/8/50
f 12060/8/50 12041/8/50 12061/8/50
f 12021/8/50 12022/8/50 12062/8/50
f 12060/8/50 12061/8/50 12063/8/50
f 12061/8/50 12062/8/50 12063/8/50
f 12059/8/50 12060/8/50 12063/8/50
f 12058/8/50 12059/8/50 12063/8/50
f 12056/8/50 12057/8/50 12063/8/50
f 12057/8/50 12058/8/50 12063/8/50
f 12054/8/51 12055/8/50 12063/8/50
f 12055/8/50 12056/8/50 12063/8/50
f 12052/8/50 12053/8/50 12063/8/50
f 12053/8/50 12054/8/51 12063/8/50
f 12050/8/50 12051/8/50 12063/8/50
f 12051/8/50 12052/8/50 12063/8/50
f 12048/8/50 12049/8/50 12063/8/50
f 12049/8/50 12050/8/50 12063/8/50
f 12046/8/50 12047/8/50 12063/8/50
f 12047/8/50 12048/8/50 12063/8/50
f 12044/8/50 12045/8/50 12063/8/50
f 12045/8/50 12046/8/50 12063/8/50
f 12043/8/50 12044/8/50 12063/8/50
f 12063/8/50 12062/8/50 12064/8/50
f 12064/8/50 12062/8/50 12065/8/50
f 12065/8/50 12062/8/50 12066/8/50
f 12066/8/50 12062/8/50 12067/8/50
f 12067/8/50 12062/8/50 12068/8/50
f 12068/8/50 12062/8/50 12069/8/50
f 12069/8/50 12062/8/50 12070/8/50
f 12070/8/50 12062/8/50 12071/8/50
f 12071/8/50 12062/8/50 12072/8/50
f 12072/8/50 12062/8/50 12073/8/50
f 12073/8/50 12062/8/50 12074/8/50
f 12074/8/50 12062/8/50 12075/8/50
f 12075/8/50 12062/8/50 12076/8/50
f 12076/8/50 12062/8/50 12077/8/50
f 12077/8/50 12062/8/50 12078/8/50
f 12078/8/50 12062/8/50 12079/8/50
f 12079/8/50 12062/8/50 12080/8/50
f 12080/8/50 12062/8/50 12081/8/50
f 12062/8/50 12022/8/50 12082/8/50
f 12081/8/50 12062/8/50 12082/8/50
f 12043/8/50 12063/8/50 12083/8/50
f 12083/8/50 12063/8/50 12084/8/50
f 12064/8/50 12065/8/50 12085/8/50
f 12085/8/50 12065/8/50 12086/8/50
f 12066/8/50 12067/8/50 12087/8/50
f 12087/8/50 12067/8/50 12088/8/50
f 12068/8/50 12069/8/50 12089/8/50
f 12089/8/50 12069/8/50 12090/8/50
f 12070/8/50 12071/8/50 12091/8/50
f 12091/8/50 12071/8/50 12092/8/50
f 12072/8/50 12073/8/50 12093/8/50
f 12093/8/50 12073/8/50 12094/8/50
f 12074/8/50 12075/8/50 12095/8/50
f 12095/8/50 12075/8/50 12096/8/50
f 12076/8/50 12077/8/50 12097/8/50
f 12097/8/50 12077/8/50 12098/8/50
f 12078/8/50 12079/8/50 12099/8/50
f 12099/8/50 12079/8/50 12100/8/50
f 12080/8/50 12081/8/50 12101/8/50
f 12101/8/50 12081/8/50 12102/8/50
f 12064/8/50 12085/8/50 12104/8/50
f 12104/8/50 12085/8/50 12105/8/50
f 12066/8/50 12087/8/50 12106/8/50
f 12106/8/50 12087/8/50 12107/8/50
f 12068/8/50 12089/8/50 12108/8/50
f 12108/8/50 12089/8/50 12109/8/50
f 12070/8/50 12091/8/50 12110/8/50
f 12110/8/50 12091/8/50 12111/8/50
f 12072/8/50 12093/8/50 12112/8/50
f 12112/8/50 12093/8/50 12113/8/50
f 12074/8/50 12095/8/50 12114/8/51
f 12114/8/51 12095/8/50 12115/8/50
f 12076/8/50 12097/8/50 12116/8/50
f 12116/8/50 12097/8/50 12117/8/50
f 12078/8/50 12099/8/50 12118/8/50
f 12118/8/50 12099/8/50 12119/8/50
f 12080/8/50 12101/8/50 12120/8/50
f 12120/8/50 12101/8/50 12121/8/50
f 12082/8/50 12022/8/50 12122/8/50
f 12120/8/50 12121/8/50 12123/8/50
f 12121/8/50 12122/8/50 12123/8/50
f 12119/8/50 12120/8/50 12123/8/50
f 12118/8/50 12119/8/50 12123/8/50
f 12116/8/50 12117/8/50 12123/8/50
f 12117/8/50 12118/8/50 12123/8/50
f 12114/8/51 12115/8/50 12123/8/50
f 12115/8/50 12116/8/50 12123/8/50
f 12112/8/50 12113/8/50 12123/8/50
f 12113/8/50 12114/8/51 12123/8/50
f 12110/8/50 12111/8/50 12123/8/50
f 12111/8/50 12112/8/50 12123/8/50
f 12108/8/50 12109/8/50 12123/8/50
f 12109/8/50 12110/8/50 12123/8/50
f 12106/8/50 12107/8/50 12123/8/50
f 12107/8/50 12108/8/50 12123/8/50
f 12104/8/50 12105/8/50 12123/8/50
f 12105/8/50 12106/8/50 12123/8/50
f 12103/8/50 12104/8/50 12123/8/50
f 12123/8/50 12122/8/50 12124/8/50
f 12124/8/50 12122/8/50 12125/8/50
f 12125/8/50 12122/8/50 12126/8/50
f 12126/8/50 12122/8/50 12127/8/50
f 12127/8/50 12122/8/50 12128/8/50
f 12128/8/50 12122/8/50 12129/8/50
f 12129/8/50 12122/8/50 12130/8/50
f 12130/8/50 12122/8/50 12131/8/50
f 12131/8/50 12122/8/50 12132/8/50
f 12132/8/50 12122/8/50 12133/8/50
f 12133/8/50 12122/8/50 12134/8/50
f 12134/8/50 12122/8/50 12135/8/50
f 12135/8/50 12122/8/50 12136/8/50
f 12136/8/50 12122/8/50 12137/8/50
f 12137/8/50 12122/8/50 12138/8/50
f 12138/8/50 12122/8/50 12139/8/50
f 12139/8/50 12122/8/50 12140/8/50
f 12140/8/50 12122/8/50 12141/8/50
f 12122/8/50 12022/8/50 12142/8/50
f 12141/8/50 12122/8/50 12142/8/50
f 12103/8/50 12123/8/50 12143/8/50
f 12143/8/50 12123/8/50 12144/8/50
f 12124/8/50 12125/8/50 12145/8/50
f 12145/8/50 12125/8/50 12146/8/50
f 12126/8/50 12127/8/50 12147/8/50
f 12147/8/50 12127/8/50 12148/8/50
f 12128/8/50 12129/8/50 12149/8/50
f 12149/8/50 12129/8/50 12150/8/50
f 12130/8/50 12131/8/50 12151/8/50
f 12151/8/50 12131/8/50 12152/8/50
f 12132/8/50 12133/8/50 12153/8/50
f 12153/8/50 12133/8/50 12154/8/50
f 12134/8/50 12135/8/50 12155/8/50
f 12155/8/50 12135/8/50 12156/8/50
f 12136/8/50 12137/8/50 12157/8/50
f 12157/8/50 12137/8/50 12158/8/50
f 12138/8/50 12139/8/50 12159/8/50
f 12159/8/50 12139/8/50 12160/8/50
f 12140/8/50 12141/8/50 12161/8/50
f 12161/8/50 12141/8/50 12162/8/50
f 12124/8/50 12145/8/50 12164/8/50
f 12164/8/50 12145/8/50 12165/8/50
f 12126/8/50 12147/8/50 12166/8/50
f 12166/8/50 12147/8/50 12167/8/50
f 12128/8/50 12149/8/50 12168/8/50
f 12168/8/50 12149/8/50 12169/8/50
f 12130/8/50 12151/8/50 12170/8/50
f 12170/8/50 12151/8/50 12171/8/50
f 12132/8/50 12153/8/50 12172/8/50
f 12172/8/50 12153/8/50 12173/8/50
f 12134/8/50 12155/8/50 12174/8/51
f 12174/8/51 12155/8/50 12175/8/50
f 12136/8/50 12157/8/50 12176/8/50
f 12176/8/50 12157/8/50 12177/8/50
f 12138/8/50 12159/8/50 12178/8/50
f 12178/8/50 12159/8/50 12179/8/50
f 12140/8/50 12161/8/50 12180/8/50
f 12180/8/50 12161/8/50 12181/8/50
f 12142/8/50 12022/8/50 12182/8/50
f 12180/8/50 12181/8/50 12183/8/50
f 12181/8/50 12182/8/50 12183/8/50
f 12179/8/50 12180/8/50 12183/8/50
f 12178/8/50 12179/8/50 12183/8/50
f 12176/8/50 12177/8/50 12183/8/50
f 12177/8/50 12178/8/50 12183/8/50
f 12174/8/51 12175/8/50 12183/8/50
f 12175/8/50 12176/8/50 12183/8/50
f 12172/8/50 12173/8/50 12183/8/50
f 12173/8/50 12174/8/51 12183/8/50
f 12170/8/50 12171/8/50 12183/8/50
f 12171/8/50 12172/8/50 12183/8/50
f 12168/8/50 12169/8/50 12183/8/50
f 12169/8/50 12170/8/50 12183/8/50
f 12166/8/50 12167/8/50 12183/8/50
f 12167/8/50 12168/8/50 12183/8/50
f 12164/8/50 12165/8/50 12183/8/50
f 12165/8/50 12166/8/50 12183/8/50
f 12163/8/50 12164/8/50 12183/8/50
f 12183/8/50 12182/8/50 12184/8/50
f 12184/8/50 12182/8/50 12185/8/50
f 12185/8/50 12182/8/50 12186/8/50
f 12186/8/50 12182/8/50 12187/8/50
f 12187/8/50 12182/8/50 12188/8/50
f 12188/8/50 12182/8/50 12189/8/50
f 12189/8/50 12182/8/50 12190/8/50
f 12190/8/50 12182/8/50 12191/8/50
f 12191/8/50 12182/8/50 12192/8/50
f 12192/8/50 12182/8/50 12193/8/50
f 12193/8/50 12182/8/50 12194/8/50
f 12194/8/50 12182/8/50 12195/8/50
f 12195/8/50 12182/8/50 12196/8/50
f 12196/8/50 12182/8/50 12197/8/50
f 12197/8/50 12182/8/50 12198/8/50
f 12198/8/50 12182/8/50 12199/8/50
f 12199/8/50 12182/8/50 12200/8/50
f 12200/8/50 12182/8/50 12201/8/50
f 12182/8/50 12022/8/50 12202/8/50
f 12201/8/50 12182/8/50 12202/8/50
f 12163/8/50 12183/8/50 12203/8/50
f 12203/8/50 12183/8/50 12204/8/50
f 12184/8/50 12185/8/50 12205/8/50
f 12205/8/50 12185/8/50 12206/8/50
f 12186/8/50 12187/8/50 12207/8/50
f 12207/8/50 12187/8/50 12208/8/50
f 12188/8/50 12189/8/50 12209/8/50
f 12209/8/50 12189/8/50 12210/8/50
f 12190/8/50 12191/8/50 12211/8/50
f 12211/8/50 12191/8/50 12212/8/50
f 12192/8/50 12193/8/50 12213/8/50
f 12213/8/50 12193/8/50 12214/8/50
f 12194/8/50 12195/8/50 12215/8/50
f 12215/8/50 12195/8/50 12216/8/50
f 12196/8/50 12197/8/50 12217/8/50
f 12217/8/50 12197/8/50 12218/8/50
f 12198/8/50 12199/8/50 12219/8/50
f 12219/8/50 12199/8/50 12220/8/50
f 12200/8/50 12201/8/50 12221/8/50
f 12221/8/50 12201/8/50 12222/8/50
f 12184/8/50 12205/8/50 12224/8/50
f 12224/8/50 12205/8/50 12225/8/50
f 12186/8/50 12207/8/50 12226/8/50
f 12226/8/50 12207/8/50 12227/8/50
f 12188/8/50 12209/8/50 12228/8/50
f 12228/8/50 12209/8/50 12229/8/50
f 12190/8/50 12211/8/50 12230/8/50
f 12230/8/50 12211/8/50 12231/8/50
f 12192/8/50 12213/8/50 12232/8/50
f 12232/8/50 12213/8/50 12233/8/50
f 12194/8/50 12215/8/50 12234/8/51
f 12234/8/51 12215/8/50 12235/8/50
f 12196/8/50 12217/8/50 12236/8/50
f 12236/8/50 12217/8/50 12237/8/50
f 12198/8/50 12219/8/50 12238/8/50
f 12238/8/50 12219/8/50 12239/8/50
f 12200/8/50 12221/8/50 12240/8/50
f 12240/8/50 12221/8/50 12241/8/50
f 12202/8/50 12022/8/50 12242/8/50
f 12240/8/50 12241/8/50 12243/8/50
f 12241/8/50 12242/8/50 12243/8/50
f 12239/8/50 12240/8/50 12243/8/50
f 12238/8/50 12239/8/50 12243/8/50
f 12236/8/50 12237/8/50 12243/8/50
f 12237/8/50 12238/8/50 12243/8/50
f 12234/8/51 12235/8/50 12243/8/50
f 12235/8/50 12236/8/50 12243/8/50
f 12232/8/50 12233/8/50 12243/8/50
f 12233/8/50 12234/8/51 12243/8/50
f 12230/8/50 12231/8/50 12243/8/50
f 12231/8/50 12232/8/50 12243/8/50
f 12228/8/50 12229/8/50 12243/8/50
f 12229/8/50 12230/8/50 12243/8/50
f 12226/8/50 12227/8/50 12243/8/50
f 12227/8/50 12228/8/50 12243/8/50
f 12224/8/50 12225/8/50 12243/8/50
f 12225/8/50 12226/8/50 12243/8/50
f 12223/8/50 12224/8/50 12243/8/50
f 12243/8/50 12242/8/50 12244/8/50
f 12244/8/50 12242/8/50 12245/8/50
f 12245/8/50 12242/8/50 12246/8/50
f 12246/8/50 12242/8/50 12247/8/50
f 12247/8/50 12242/8/50 12248/8/50
f 12248/8/50 12242/8/50 12249/8/50
f 12249/8/50 12242/8/50 12250/8/50
f 12250/8/50 12242/8/50 12251/8/50
f 12251/8/50 12242/8/50 12252/8/50
f 12252/8/50 12242/8/50 12253/8/50
f 12253/8/50 12242/8/50 12254/8/50
f 12254/8/50 12242/8/50 12255/8/50
f 12255/8/50 12242/8/50 12256/8/50
f 12256/8/50 12242/8/50 12257/8/50
f 12257/8/50 12242/8/50 12258/8/50
f 12258/8/50 12242/8/50 12259/8/50
f 12259/8/50 12242/8/50 12260/8/50
f 12260/8/50 12242/8/50 12261/8/50
f 12242/8/50 12022/8/50 12262/8/50
f 12261/8/50 12242/8/50 12262/8/50
f 12223/8/50 12243/8/50 12263/8/50
f 12263/8/50 12243/8/50 12264/8/50
f 12244/8/50 12245/8/50 12265/8/50
f 12265/8/50 12245/8/50 12266/8/50
f 12246/8/50 12247/8/50 12267/8/50
f 12267/8/50 12247/8/50 12268/8/50
f 12248/8/50 12249/8/50 12269/8/50
f 12269/8/50 12249/8/50 12270/8/50
f 12250/8/50 12251/8/50 12271/8/50
f 12271/8/50 12251/8/50 12272/8/50
f 12252/8/50 12253/8/50 12273/8/50
f 12273/8/50 12253/8/50 12274/8/50
f 12254/8/50 12255/8/50 12275/8/50
f 12275/8/50 12255/8/50 12276/8/50
f 12256/8/50 12257/8/50 12277/8/50
f 12277/8/50 12257/8/50 12278/8/50
f 12258/8/50 12259/8/50 12279/8/50
f 12279/8/50 12259/8/50 12280/8/50
f 12260/8/50 12261/8/50 12281/8/50
f 12281/8/50 12261/8/50 12282/8/50
f 12244/8/50 12265/8/50 12284/8/50
f 12284/8/50 12265/8/50 12285/8/50
f 12246/8/50 12267/8/50 12286/8/50
f 12286/8/50 12267/8/50 12287/8/50
f 12248/8/50 12269/8/50 12288/8/50
f 12288/8/50 12269/8/50 12289/8/50
f 12250/8/50 12271/8/50 12290/8/50
f 12290/8/50 12271/8/50 12291/8/50
f 12252/8/50 12273/8/50 12292/8/50
f 12292/8/50 12273/8/50 12293/8/50
f 12254/8/50 12275/8/50 12294/8/51
f 12294/8/51 12275/8/50 12295/8/50
f 12256/8/50 12277/8/50 12296/8/50
f 12296/8/50 12277/8/50 12297/8/50
f 12258/8/50 12279/8/50 12298/8/50
f 12298/8/50 12279/8/50 12299/8/50
f 12260/8/50 12281/8/50 12300/8/50
f 12300/8/50 12281/8/50 12301/8/50
f 12262/8/50 12022/8/50 12302/8/50
f 12300/8/50 12301/8/50 12303/8/50
f 12301/8/50 12302/8/50 12303/8/50
f 12299/8/50 12300/8/50 12303/8/50
f 12298/8/50 12299/8/50 12303/8/50
f 12296/8/50 12297/8/50 12303/8/50
f 12297/8/50 12298/8/50 12303/8/50
f 12294/8/51 12295/8/50 12303/8/50
f 12295/8/50 12296/8/50 12303/8/50
f 12292/8/50 12293/8/50 12303/8/50
f 12293/8/50 12294/8/51 12303/8/50
f 12290/8/50 12291/8/50 12303/8/50
f 12291/8/50 12292/8/50 12303/8/50
f 12288/8/50 12289/8/50 12303/8/50
f 12289/8/50 12290/8/50 12303/8/50
f 12286/8/50 12287/8/50 12303/8/50
f 12287/8/50 12288/8/50 12303/8/50
f 12284/8/50 12285/8/50 12303/8/50
f 12285/8/50 12286/8/50 12303/8/50
f 12283/8/50 12284/8/50 12303/8/50
f 12303/8/50 12302/8/50 12304/8/50
f 12304/8/50 12302/8/50 12305/8/50
f 12305/8/50 12302/8/50 12306/8/50
f 12306/8/50 12302/8/50 12307/8/50
f 12307/8/50 12302/8/50 12308/8/50
f 12308/8/50 12302/8/50 12309/8/50
f 12309/8/50 12302/8/50 12310/8/50
f 12310/8/50 12302/8/50 12311/8/50
f 12311/8/50 12302/8/50 12312/8/50
f 12312/8/50 12302/8/50 12313/8/50
f 12313/8/50 12302/8/50 12314/8/50
f 12314/8/50 12302/8/50 12315/8/50
f 12315/8/50 12302/8/50 12316/8/50
f 12316/8/50 12302/8/50 12317/8/50
f 12317/8/50 12302/8/50 12318/8/50
f 12318/8/50 12302/8/50 12319/8/50
f 12319/8/50 12302/8/50 12320/8/50
f 12320/8/50 12302/8/50 12321/8/50
f 12302/8/50 12022/8/50 12322/8/50
f 12321/8/50 12302/8/50 12322/8/50
f 12283/8/50 12303/8/50 12323/8/50
f 12323/8/50 12303/8/50 12324/8/50
f 12304/8/50 12305/8/50 12325/8/50
f 12325/8/50 12305/8/50 12326/8/50
f 12306/8/50 12307/8/50 12327/8/50
f 12327/8/50 12307/8/50 12328/8/50
f 12308/8/50 12309/8/50 12329/8/50
f 12329/8/50 12309/8/50 12330/8/50
f 12310/8/50 12311/8/50 12331/8/50
f 12331/8/50 12311/8/50 12332/8/50
f 12312/8/50 12313/8/50 12333/8/50
f 12333/8/50 12313/8/50 12334/8/50
f 12314/8/50 12315/8/50 12335/8/50
f 12335/8/50 12315/8/50 12336/8/50
f 12316/8/50 12317/8/50 12337/8/50
f 12337/8/50 12317/8/50 12338/8/50
f 12318/8/50 12319/8/50 12339/8/50
f 12339/8/50 12319/8/50 12340/8/50
f 12320/8/50 12321/8/50 12341/8/50
f 12341/8/50 12321/8/50 12342/8/50
f 12304/8/50 12325/8/50 12344/8/50
f 12344/8/50 12325/8/50 12345/8/50
f 12306/8/50 12327/8/50 12346/8/50
f 12346/8/50 12327/8/50 12347/8/50
f 12308/8/50 12329/8/50 12348/8/50
f 12348/8/50 12329/8/50 12349/8/50
f 12310/8/50 12331/8/50 12350/8/50
f 12350/8/50 12331/8/50 12351/8/50
f 12312/8/50 12333/8/50 12352/8/50
f 12352/8/50 12333/8/50 12353/8/50
f 12314/8/50 12335/8/50 12354/8/51
f 12354/8/51 12335/8/50 12355/8/50
f 12316/8/50 12337/8/50 12356/8/50
f 12356/8/50 12337/8/50 12357/8/50
f 12318/8/50 12339/8/50 12358/8/50
f 12358/8/50 12339/8/50 12359/8/50
f 12320/8/50 12341/8/50 12360/8/50
f 12360/8/50 12341/8/50 12361/8/50
f 12322/8/50 12022/8/50 12362/8/50
f 12360/8/50 12361/8/50 12363/8/50
f 12361/8/50 12362/8/50 12363/8/50
f 12359/8/50 12360/8/50 12363/8/50
f 12358/8/50 12359/8/50 12363/8/50
f 12356/8/50 12357/8/50 12363/8/50
f 12357/8/50 12358/8/50 12363/8/50
f 12354/8/51 12355/8/50 12363/8/50
f 12355/8/50 12356/8/50 12363/8/50
f 12352/8/50 12353/8/50 12363/8/50
f 12353/8/50 12354/8/51 12363/8/50
f 12350/8/50 12351/8/50 12363/8/50
f 12351/8/50 12352/8/50 12363/8/50
f 12348/8/50 12349/8/50 12363/8/50
f 12349/8/50 12350/8/50 12363/8/50
f 12346/8/50 12347/8/50 12363/8/50
f 12347/8/50 12348/8/50 12363/8/50
f 12344/8/50 12345/8/50 12363/8/50
f 12345/8/50 12346/8/50 12363/8/50
f 12343/8/50 12344/8/50 12363/8/50
f 12363/8/50 12362/8/50 12364/8/50
f 12364/8/50 12362/8/50 12365/8/50
f 12365/8/50 12362/8/50 12366/8/50
f 12366/8/50 12362/8/50 12367/8/50
f 12367/8/50 12362/8/50 12368/8/50
f 12368/8/50 12362/8/50 12369/8/50
f 12369/8/50 12362/8/50 12370/8/50
f 12370/8/50 12362/8/50 12371/8/50
f 12371/8/50 12362/8/50 12372/8/50
f 12372/8/50 12362/8/50 12373/8/50
f 12373/8/50 12362/8/50 12374/8/50
f 12374/8/50 12362/8/50 12375/8/50
f 12375/8/50 12362/8/50 12376/8/50
f 12376/8/50 12362/8/50 12377/8/50
f 12377/8/50 12362/8/50 12378/8/50
f 12378/8/50 12362/8/50 12379/8/50
f 12379/8/50 12362/8/50 12380/8/50
f 12380/8/50 12362/8/50 12381/8/50
f 12362/8/50 12022/8/50 12382/8/50
f 12381/8/50 12362/8/50 12382/8/50
f 12343/8/50 12363/8/50 12383/8/50
f 12383/8/50 12363/8/50 12384/8/50
f 12364/8/50 12365/8/50 12385/8/50
f 12385/8/50 12365/8/50 12386/8/50
f 12366/8/50 12367/8/50 12387/8/50
f 12387/8/50 12367/8/50 12388/8/50
f 12368/8/50 12369/8/50 12389/8/50
f 12389/8/50 12369/8/50 12390/8/50
f 12370/8/50 12371/8/50 12391/8/50
f 12391/8/50 12371/8/50 12392/8/50
f 12372/8/50 12373/8/50 12393/8/50
f 12393/8/50 12373/8/50 12394/8/50
f 12374/8/50 12375/8/50 12395/8/50
f 12395/8/50 12375/8/50 12396/8/50
f 12376/8/50 12377/8/50 12397/8/50
f 12397/8/50 12377/8/50 12398/8/50
f 12378/8/50 12379/8/50 12399/8/50
f 12399/8/50 12379/8/50 12400/8/50
f 12380/8/50 12381/8/50 12401/8/50
f 12401/8/50 12381/8/50 12402/8/50
f 12364/8/50 12385/8/50 12404/8/50
f 12404/8/50 12385/8/50 12405/8/50
f 12366/8/50 12387/8/50 12406/8/50
f 12406/8/50 12387/8/50 12407/8/50
f 12368/8/50 12389/8/50 12408/8/50
f 12408/8/50 12389/8/50 12409/8/50
f 12370/8/50 12391/8/50 12410/8/50
f 12410/8/50 12391/8/50 12411/8/50
f 12372/8/50 12393/8/50 12412/8/50
f 12412/8/50 12393/8/50 12413/8/50
f 12374/8/50 12395/8/50 12414/8/51
f 12414/8/51 12395/8/50 12415/8/50
f 12376/8/50 12397/8/50 12416/8/50
f 12416/8/50 12397/8/50 12417/8/50
f 12378/8/50 12399/8/50 12418/8/50
f 12418/8/50 12399/8/50 12419/8/50
f 12380/8/50 12401/8/50 12420/8/50
f 12420/8/50 12401/8/50 12421/8/50
f 12382/8/50 12022/8/50 12422/8/50
f 12420/8/50 12421/8/50 12423/8/50
f 12421/8/50 12422/8/50 12423/8/50
f 12419/8/50 12420/8/50 12423/8/50
f 12418/8/50 12419/8/50 12423/8/50
f 12416/8/50 12417/8/50 12423/8/50
f 12417/8/50 12418/8/50 12423/8/50
f 12414/8/51 12415/8/50 12423/8/50
f 12415/8/50 12416/8/50 12423/8/50
f 12412/8/50 12413/8/50 12423/8/50
f 12413/8/50 12414/8/51 12423/8/50
f 12410/8/50 12411/8/50 12423/8/50
f 12411/8/50 12412/8/50 12423/8/50
f 12408/8/50 12409/8/50 12423/8/50
f 12409/8/50 12410/8/50 12423/8/50
f 12406/8/50 12407/8/50 12423/8/50
f 12407/8/50 12408/8/50 12423/8/50
f 12404/8/50 12405/8/50 12423/8/50
f 12405/8/50 12406/8/50 12423/8/50
f 12403/8/50 12404/8/50 12423/8/50
f 12423/8/50 12422/8/50 12424/8/50
f 12424/8/50 12422/8/50 12425/8/50
f 12425/8/50 12422/8/50 12426/8/50
f 12426/8/50 12422/8/50 12427/8/50
f 12427/8/50 12422/8/50 12428/8/50
f 12428/8/50 12422/8/50 12429/8/50
f 12429/8/50 12422/8/50 12430/8/50
f 12430/8/50 12422/8/50 12431/8/50
f 12431/8/50 12422/8/50 12432/8/50
f 12432/8/50 12422/8/50 12433/8/50
f 12433/8/50 12422/8/50 12434/8/50
f 12434/8/50 12422/8/50 12435/8/50
f 12435/8/50 12422/8/50 12436/8/50
f 12436/8/50 12422/8/50 12437/8/50
f 12437/8/50 12422/8/50 12438/8/50
f 12438/8/50 12422/8/50 12439/8/50
f 12439/8/50 12422/8/50 12440/8/50
f 12440/8/50 12422/8/50 12441/8/50
f 12422/8/50 12022/8/50 12442/8/50
f 12441/8/50 12422/8/50 12442/8/50
f 12403/8/50 12423/8/50 12443/8/50
f 12443/8/50 12423/8/50 12444/8/50
f 12424/8/50 12425/8/50 12445/8/50
f 12445/8/50 12425/8/50 12446/8/50
f 12426/8/50 12427/8/50 12447/8/50
f 12447/8/50 12427/8/50 12448/8/50
f 12428/8/50 12429/8/50 12449/8/50
f 12449/8/50 12429/8/50 12450/8/50
f 12430/8/50 12431/8/50 12451/8/50
f 12451/8/50 12431/8/50 12452/8/50
f 12432/8/50 12433/8/50 12453/8/50
f 12453/8/50 12433/8/50 12454/8/50
f 12434/8/50 12435/8/50 12455/8/50
f 12455/8/50 12435/8/50 12456/8/50
f 12436/8/50 12437/8/50 12457/8/50
f 12457/8/50 12437/8/50 12458/8/50
f 12438/8/50 12439/8/50 12459/8/50
f 12459/8/50 12439/8/50 12460/8/50
f 12440/8/50 12441/8/50 12461/8/50
f 12461/8/50 12441/8/50 12462/8/50
f 12424/8/50 12445/8/50 12464/8/50
f 12464/8/50 12445/8/50 12465/8/50
f 12426/8/50 12447/8/50 12466/8/50
f 12466/8/50 12447/8/50 12467/8/50
f 12428/8/50 12449/8/50 12468/8/50
f 12468/8/50 12449/8/50 12469/8/50
f 12430/8/50 12451/8/50 12470/8/50
f 12470/8/50 12451/8/50 12471/8/50
f 12432/8/50 12453/8/50 12472/8/50
f 12472/8/50 12453/8/50 12473/8/50
f 12434/8/50 12455/8/50 12474/8/50
f 12474/8/50 12455/8/50 12475/8/50
f 12436/8/50 12457/8/50 12476/8/51
f 12476/8/51 12457/8/50 12477/8/50
f 12438/8/50 12459/8/50 12478/8/51
f 12478/8/51 12459/8/50 12479/8/50
f 12440/8/50 12461/8/50 12480/8/52
f 12480/8/52 12461/8/50 12481/8/50
f 12442/8/50 12022/8/50 12482/8/50
f 12480/8/52 12481/8/50 12483/8/50
f 12481/8/50 12482/8/50 12483/8/50
f 12479/8/50 12480/8/52 12483/8/50
f 12478/8/51 12479/8/50 12483/8/50
f 12476/8/51 12477/8/50 12483/8/50
f 12477/8/50 12478/8/51 12483/8/50
f 12474/8/50 12475/8/50 12483/8/50
f 12475/8/50 12476/8/51 12483/8/50
f 12472/8/50 12473/8/50 12483/8/50
f 12473/8/50 12474/8/50 12483/8/50
f 12470/8/50 12471/8/50 12483/8/50
f 12471/8/50 12472/8/50 12483/8/50
f 12468/8/50 12469/8/50 12483/8/50
f 12469/8/50 12470/8/50 12483/8/50
f 12466/8/50 12467/8/50 12483/8/50
f 12467/8/50 12468/8/50 12483/8/50
f 12464/8/50 12465/8/50 12483/8/50
f 12465/8/50 12466/8/50 12483/8/50
f 12463/8/50 12464/8/50 12483/8/50
f 12482/8/50 12022/8/50 12484/8/50
f 12483/8/50 12482/8/50 12484/8/50
f 12485/7/50 12486/7/50 12506/7/50
f 12506/7/50 12486/7/50 12507/7/50
f 12487/7/50 12488/7/50 12509/7/50
f 12509/7/50 12488/7/50 12510/7/50
f 12489/7/50 12490/7/50 12512/7/50
f 12512/7/50 12490/7/50 12513/7/50
f 12491/7/50 12492/7/50 12515/7/50
f 12515/7/50 12492/7/50 12516/7/50
f 12493/7/50 12494/7/50 12518/7/50
f 12518/7/50 12494/7/50 12519/7/50
f 12495/7/50 12496/7/50 12521/7/50
f 12521/7/50 12496/7/50 12522/7/50
f 12497/7/50 12498/7/50 12524/7/50
f 12524/7/50 12498/7/50 12525/7/50
f 12499/7/50 12500/7/50 12527/7/50
f 12527/7/50 12500/7/50 12528/7/50
f 12501/7/50 12502/7/50 12530/7/50
f 12530/7/50 12502/7/50 12531/7/50
f 12503/7/50 12504/7/50 12533/7/50
f 12533/7/50 12504/7/50 12534/7/50
f 12505/7/50 12506/7/50 12535/7/50
f 12535/7/50 12506/7/50 12536/7/50
f 12508/7/50 12509/7/50 12537/7/50
f 12537/7/50 12509/7/50 12538/7/50
f 12511/7/50 12512/7/50 12539/7/50
f 12539/7/50 12512/7/50 12540/7/50
f 12514/7/50 12515/7/50 12541/7/50
f 12541/7/50 12515/7/50 12542/7/50
f 12517/7/50 12518/7/50 12543/7/50
f 12543/7/50 12518/7/50 12544/7/50
f 12520/7/50 12521/7/50 12545/7/50
f 12545/7/50 12521/7/50 12546/7/50
f 12523/7/50 12524/7/50 12547/7/50
f 12547/7/50 12524/7/50 12548/7/50
f 12526/7/50 12527/7/50 12549/7/50
f 12549/7/50 12527/7/50 12550/7/50
f 12529/7/50 12530/7/50 12551/7/50
f 12551/7/50 12530/7/50 12552/7/50
f 12532/7/50 12533/7/50 12553/7/50
f 12553/7/50 12533/7/50 12554/7/50
f 12555/7/50 12556/7/50 12576/7/50
f 12576/7/50 12556/7/50 12577/7/50
f 12557/7/50 12558/7/50 12579/7/50
f 12579/7/50 12558/7/50 12580/7/50
f 12559/7/50 12560/7/50 12582/7/50
f 12582/7/50 12560/7/50 12583/7/50
f 12561/7/50 12562/7/50 12585/7/50
f 12585/7/50 12562/7/50 12586/7/50
f 12563/7/50 12564/7/50 12588/7/50
f 12588/7/50 12564/7/50 12589/7/50
f 12565/7/50 12566/7/50 12591/7/50
f 12591/7/50 12566/7/50 12592/7/50
f 12567/7/50 12568/7/50 12594/7/50
f 12594/7/50 12568/7/50 12595/7/50
f 12569/7/50 12570/7/50 12597/7/50
f 12597/7/50 12570/7/50 12598/7/50
f 12571/7/50 12572/7/50 12600/7/50
f 12600/7/50 12572/7/50 12601/7/50
f 12573/7/50 12574/7/50 12603/7/50
f 12603/7/50 12574/7/50 12604/7/50
f 12575/7/50 12576/7/50 12605/7/50
f 12605/7/50 12576/7/50 12606/7/50
f 12578/7/50 12579/7/50 12607/7/50
f 12607/7/50 12579/7/50 12608/7/50
f 12581/7/50 12582/7/50 12609/7/50
f 12609/7/50 12582/7/50 12610/7/50
f 12584/7/50 12585/7/50 12611/7/50
f 12611/7/50 12585/7/50 12612/7/50
f 12587/7/50 12588/7/50 12613/7/50
f 12613/7/50 12588/7/50 12614/7/50
f 12590/7/50 12591/7/50 12615/7/50
f 12615/7/50 12591/7/50 12616/7/50
f 12593/7/50 12594/7/50 12617/7/50
f 12617/7/50 12594/7/50 12618/7/50
f 12596/7/50 12597/7/50 12619/7/50
f 12619/7/50 12597/7/50 12620/7/50
f 12599/7/50 12600/7/50 12621/7/50
f 12621/7/50 12600/7/50 12622/7/50
f 12602/7/50 12603/7/50 12623/7/50
f 12623/7/50 12603/7/50 12624/7/50
f 12625/7/50 12626/7/50 12646/7/50
f 12646/7/50 12626/7/50 12647/7/50
f 12627/7/50 12628/7/50 12649/7/50
f 12649/7/50 12628/7/50 12650/7/50
f 12629/7/50 12630/7/50 12652/7/50
f 12652/7/50 12630/7/50 12653/7/50
f 12631/7/50 12632/7/50 12655/7/50
f 12655/7/50 12632/7/50 12656/7/50
f 12633/7/50 12634/7/50 12658/7/50
f 12658/7/50 12634/7/50 12659/7/50
f 12635/7/50 12636/7/50 12661/7/50
f 12661/7/50 12636/7/50 12662/7/50
f 12637/7/50 12638/7/50 12664/7/50
f 12664/7/50 12638/7/50 12665/7/50
f 12639/7/50 12640/7/50 12667/7/50
f 12667/7/50 12640/7/50 12668/7/50
f 12641/7/50 12642/7/50 12670/7/50
f 12670/7/50 12642/7/50 12671/7/50
f 12643/7/50 12644/7/50 12673/7/50
f 12673/7/50 12644/7/50 12674/7/50
f 12645/7/50 12646/7/50 12675/7/50
f 12675/7/50 12646/7/50 12676/7/50
f 12648/7/50 12649/7/50 12677/7/50
f 12677/7/50 12649/7/50 12678/7/50
f 12651/7/50 12652/7/50 12679/7/50
f 12679/7/50 12652/7/50 12680/7/50
f 12654/7/50 12655/7/50 12681/7/50
f 12681/7/50 12655/7/50 12682/7/50
f 12657/7/50 12658/7/50 12683/7/50
f 12683/7/50 12658/7/50 12684/7/50
f 12660/7/50 12661/7/50 12685/7/50
f 12685/7/50 12661/7/50 12686/7/50
f 12663/7/50 12664/7/50 12687/7/50
f 12687/7/50 12664/7/50 12688/7/50
f 12666/7/50 12667/7/50 12689/7/50
f 12689/7/50 12667/7/50 12690/7/50
f 12669/7/50 12670/7/50 12691/7/50
f 12691/7/50 12670/7/50 12692/7/50
f 12672/7/50 12673/7/50 12693/7/50
f 12693/7/50 12673/7/50 12694/7/50
f 12695/7/50 12696/7/50 12716/7/50
f 12716/7/50 12696/7/50 12717/7/50
f 12697/7/50 12698/7/50 12719/7/50
f 12719/7/50 12698/7/50 12720/7/50
f 12699/7/50 12700/7/50 12722/7/50
f 12722/7/50 12700/7/50 12723/7/50
f 12701/7/50 12702/7/50 12725/7/50
f 12725/7/50 12702/7/50 12726/7/50
f 12703/7/50 12704/7/50 12728/7/50
f 12728/7/50 12704/7/50 12729/7/50
f 12705/7/50 12706/7/50 12731/7/50
f 12731/7/50 12706/7/50 12732/7/50
f 12707/7/50 12708/7/50 12734/7/50
f 12734/7/50 12708/7/50 12735/7/50
f 12709/7/50 12710/7/50 12737/7/50
f 12737/7/50 12710/7/50 12738/7/50
f 12711/7/50 12712/7/50 12740/7/50
f 12740/7/50 12712/7/50 12741/7/50
f 12713/7/50 12714/7/50 12743/7/50
f 12743/7/50 12714/7/50 12744/7/50
f 12715/7/50 12716/7/50 12745/7/50
f 12745/7/50 12716/7/50 12746/7/50
f 12718/7/50 12719/7/50 12747/7/50
f 12747/7/50 12719/7/50 12748/7/50
f 12721/7/50 12722/7/50 12749/7/50
f 12749/7/50 12722/7/50 12750/7/50
f 12724/7/50 12725/7/50 12751/7/50
f 12751/7/50 12725/7/50 12752/7/50
f 12727/7/50 12728/7/50 12753/7/50
f 12753/7/50 12728/7/50 12754/7/50
f 12730/7/50 12731/7/50 12755/7/50
f 12755/7/50 12731/7/50 12756/7/50
f 12733/7/50 12734/7/50 12757/7/50
f 12757/7/50 12734/7/50 12758/7/50
f 12736/7/50 12737/7/50 12759/7/50
f 12759/7/50 12737/7/50 12760/7/50
f 12739/7/50 12740/7/50 12761/7/50
f 12761/7/50 12740/7/50 12762/7/50
f 12742/7/50 12743/7/50 12763/7/50
f 12763/7/50 12743/7/50 12764/7/50
f 12765/7/50 12766/7/50 12786/7/50
f 12786/7/50 12766/7/50 12787/7/50
f 12767/7/50 12768/7/50 12789/7/50
f 12789/7/50 12768/7/50 12790/7/50
f 12769/7/50 12770/7/50 12792/7/50
f 12792/7/50 12770/7/50 12793/7/50
f 12771/7/50 12772/7/50 12795/7/50
f 12795/7/50 12772/7/50 12796/7/50
f 12773/7/50 12774/7/50 12798/7/50
f 12798/7/50 12774/7/50 12799/7/50
f 12775/7/50 12776/7/50 12801/7/50
f 12801/7/50 12776/7/50 12802/7/50
f 12777/7/50 12778/7/50 12804/7/50
f 12804/7/50 12778/7/50 12805/7/50
f 12779/7/50 12780/7/50 12807/7/50
f 12807/7/50 12780/7/50 12808/7/50
f 12781/7/50 12782/7/50 12810/7/50
f 12810/7/50 12782/7/50 12811/7/50
f 12783/7/50 12784/7/50 12813/7/50
f 12813/7/50 12784/7/50 12814/7/50
f 12785/7/50 12786/7/50 12815/7/50
f 12815/7/50 12786/7/50 12816/7/50
f 12788/7/50 12789/7/50 12817/7/50
f 12817/7/50 12789/7/50 12818/7/50
f 12791/7/50 12792/7/50 12819/7/50
f 12819/7/50 12792/7/50 12820/7/50
f 12794/7/50 12795/7/50 12821/7/50
f 12821/7/50 12795/7/50 12822/7/50
f 12797/7/50 12798/7/50 12823/7/50
f 12823/7/50 12798/7/50 12824/7/50
f 12800/7/50 12801/7/50 12825/7/50
f 12825/7/50 12801/7/50 12826/7/50
f 12803/7/50 12804/7/50 12827/7/50
f 12827/7/50 12804/7/50 12828/7/50
f 12806/7/50 12807/7/50 12829/7/50
f 12829/7/50 12807/7/50 12830/7/50
f 12809/7/50 12810/7/50 12831/7/50
f 12831/7/50 12810/7/50 12832/7/50
f 12812/7/50 12813/7/50 12833/7/50
f 12833/7/50 12813/7/50 12834/7/50
f 12835/7/50 12836/7/50 12856/7/50
f 12856/7/50 12836/7/50 12857/7/50
f 12837/7/50 12838/7/50 12859/7/50
f 12859/7/50 12838/7/50 12860/7/50
f 12839/7/50 12840/7/50 12862/7/50
f 12862/7/50 12840/7/50 12863/7/50
f 12841/7/50 12842/7/50 12865/7/50
f 12865/7/50 12842/7/50 12866/7/50
f 12843/7/50 12844/7/50 12868/7/50
f 12868/7/50 12844/7/50 12869/7/50
f 12845/7/50 12846/7/50 12871/7/50
f 12871/7/50 12846/7/50 12872/7/50
f 12847/7/50 12848/7/50 12874/7/50
f 12874/7/50 12848/7/50 12875/7/50
f 12849/7/50 12850/7/50 12877/7/50
f 12877/7/50 12850/7/50 12878/7/50
f 12851/7/50 12852/7/50 12880/7/50
f 12880/7/50 12852/7/50 12881/7/50
f 12853/7/50 12854/7/50 12883/7/50
f 12883/7/50 12854/7/50 12884/7/50
f 12855/7/50 12856/7/50 12885/7/50
f 12885/7/50 12856/7/50 12886/7/50
f 12858/7/50 12859/7/50 12887/7/50
f 12887/7/50 12859/7/50 12888/7/50
f 12861/7/50 12862/7/50 12889/7/50
f 12889/7/50 12862/7/50 12890/7/50
f 12864/7/50 12865/7/50 12891/7/50
f 12891/7/50 12865/7/50 12892/7/50
f 12867/7/50 12868/7/50 12893/7/50
f 12893/7/50 12868/7/50 12894/7/50
f 12870/7/50 12871/7/50 12895/7/50
f 12895/7/50 12871/7/50 12896/7/50
f 12873/7/50 12874/7/50 12897/7/50
f 12897/7/50 12874/7/50 12898/7/50
f 12876/7/50 12877/7/50 12899/7/50
f 12899/7/50 12877/7/50 12900/7/50
f 12879/7/50 12880/7/50 12901/7/50
f 12901/7/50 12880/7/50 12902/7/50
f 12882/7/50 12883/7/50 12903/7/50
f 12903/7/50 12883/7/50 12904/7/50
f 12905/7/50 12906/7/50 12926/7/50
f 12926/7/50 12906/7/50 12927/7/50
f 12907/7/50 12908/7/50 12929/7/50
f 12929/7/50 12908/7/50 12930/7/50
f 12909/7/50 12910/7/50 12932/7/50
f 12932/7/50 12910/7/50 12933/7/50
f 12911/7/50 12912/7/50 12935/7/50
f 12935/7/50 12912/7/50 12936/7/50
f 12913/7/50 12914/7/50 12938/7/50
f 12938/7/50 12914/7/50 12939/7/50
f 12915/7/50 12916/7/50 12941/7/50
f 12941/7/50 12916/7/50 12942/7/50
f 12917/7/50 12918/7/50 12944/7/50
f 12944/7/50 12918/7/50 12945/7/50
f 12919/7/50 12920/7/50 12947/7/50
f 12947/7/50 12920/7/50 12948/7/50
f 12921/7/50 12922/7/50 12950/7/50
f 12950/7/50 12922/7/50 12951/7/50
f 12923/7/50 12924/7/50 12953/7/50
f 12953/7/50 12924/7/50 12954/7/50
f 12925/7/50 12926/7/50 12955/7/50
f 12955/7/50 12926/7/50 12956/7/50
f 12928/7/50 12929/7/50 12957/7/50
f 12957/7/50 12929/7/50 12958/7/50
f 12931/7/50 12932/7/50 12959/7/50
f 12959/7/50 12932/7/50 12960/7/50
f 12934/7/50 12935/7/50 12961/7/50
f 12961/7/50 12935/7/50 12962/7/50
f 12937/7/50 12938/7/50 12963/7/50
f 12963/7/50 12938/7/50 12964/7/50
f 12940/7/50 12941/7/50 12965/7/50
f 12965/7/50 12941/7/50 12966/7/50
f 12943/7/50 12944/7/50 12967/7/50
f 12967/7/50 12944/7/50 12968/7/50
f 12946/7/50 12947/7/50 12969/7/50
f 12969/7/50 12947/7/50 12970/7/50
f 12949/7/50 12950/7/50 12971/7/50
f 12971/7/50 12950/7/50 12972/7/50
f 12952/7/50 12953/7/50 12973/7/50
f 12973/7/50 12953/7/50 12974/7/50
f 12975/7/50 12976/7/50 12996/7/50
f 12996/7/50 12976/7/50 12997/7/50
f 12977/7/50 12978/7/50 12999/7/50
f 12999/7/50 12978/7/50 13000/7/50
f 12979/7/50 12980/7/50 13002/7/50
f 13002/7/50 12980/7/50 13003/7/50
f 12981/7/50 12982/7/50 13005/7/50
f 13005/7/50 12982/7/50 13006/7/50
f 12983/7/50 12984/7/50 13008/7/50
f 13008/7/50 12984/7/50 13009/7/50
f 12985/7/50 12986/7/50 13011/7/50
f 13011/7/50 12986/7/50 13012/7/50
f 12987/7/50 12988/7/50 13014/7/50
f 13014/7/50 12988/7/50 13015/7/50
f 12989/7/50 12990/7/50 13017/7/50
f 13017/7/50 12990/7/50 13018/7/50
f 12991/7/50 12992/7/50 13020/7/50
f 13020/7/50 12992/7/50 13021/7/50
f 12993/7/50 12994/7/50 13023/7/50
f 13023/7/50 12994/7/50 13024/7/50
f 12995/7/50 12996/7/50 13025/7/50
f 13025/7/50 12996/7/50 13026/7/50
f 12998/7/50 12999/7/50 13027/7/50
f 13027/7/50 12999/7/50 13028/7/50
f 13001/7/50 13002/7/50 13029/7/50
f 13029/7/50 13002/7/50 13030/7/50
f 13004/7/50 13005/7/50 13031/7/50
f 13031/7/50 13005/7/50 13032/7/50
f 13007/7/50 13008/7/50 13033/7/50
f 13033/7/50 13008/7/50 13034/7/50
f 13010/7/50 13011/7/50 13035/7/50
f 13035/7/50 13011/7/50 13036/7/50
f 13013/7/50 13014/7/50 13037/7/50
f 13037/7/50 13014/7/50 13038/7/50
f 13016/7/50 13017/7/50 13039/7/50
f 13039/7/50 13017/7/50 13040/7/50
f 13019/7/50 13020/7/50 13041/7/50
f 13041/7/50 13020/7/50 13042/7/50
f 13022/7/50 13023/7/50 13043/7/50
f 13043/7/50 13023/7/50 13044/7/50
f 13045/7/50 13046/7/50 13065/7/50
f 13065/7/50 13046/7/50 13066/7/50
f 13047/7/50 13048/7/50 13067/7/50
f 13067/7/50 13048/7/50 13068/7/50
f 13049/7/50 13050/7/50 13069/7/50
f 13069/7/50 13050/7/50 13070/7/50
f 13051/7/50 13052/7/50 13071/7/50
f 13071/7/50 13052/7/50 13072/7/50
f 13053/7/50 13054/7/50 13073/7/50
f 13073/7/50 13054/7/50 13074/7/50
f 13055/7/50 13056/7/50 13075/7/50
f 13075/7/50 13056/7/50 13076/7/50
f 13057/7/50 13058/7/50 13077/7/50
f 13077/7/50 13058/7/50 13078/7/50
f 13059/7/50 13060/7/50 13079/7/50
f 13079/7/50 13060/7/50 13080/7/50
f 13061/7/50 13062/7/50 13081/7/50
f 13081/7/50 13062/7/50 13082/7/50
f 13063/7/50 13064/7/50 13083/7/50
f 13083/7/50 13064/7/50 13084/7/50
f 13085/7/50 13086/7/50 13105/7/50
f 13105/7/50 13086/7/50 13106/7/50
f 13087/7/50 13088/7/50 13107/7/50
f 13107/7/50 13088/7/50 13108/7/50
f 13089/7/50 13090/7/50 13109/7/50
f 13109/7/50 13090/7/50 13110/7/50
f 13091/7/50 13092/7/50 13111/7/50
f 13111/7/50 13092/7/50 13112/7/50
f 13093/7/50 13094/7/50 13113/7/50
f 13113/7/50 13094/7/50 13114/7/50
f 13095/7/50 13096/7/50 13115/7/50
f 13115/7/50 13096/7/50 13116/7/50
f 13097/7/50 13098/7/50 13117/7/50
f 13117/7/50 13098/7/50 13118/7/50
f 13099/7/50 13100/7/50 13119/7/50
f 13119/7/50 13100/7/50 13120/7/50
f 13101/7/50 13102/7/50 13121/7/50
f 13121/7/50 13102/7/50 13122/7/50
f 13103/7/50 13104/7/50 13123/7/50
f 13123/7/50 13104/7/50 13124/7/50
f 13125/7/50 13126/7/50 13145/7/50
f 13145/7/50 13126/7/50 13146/7/50
f 13127/7/50 13128/7/50 13147/7/50
f 13147/7/50 13128/7/50 13148/7/50
f 13129/7/50 13130/7/50 13149/7/50
f 13149/7/50 13130/7/50 13150/7/50
f 13131/7/50 13132/7/50 13151/7/50
f 13151/7/50 13132/7/50 13152/7/50
f 13133/7/50 13134/7/50 13153/7/50
f 13153/7/50 13134/7/50 13154/7/50
f 13135/7/50 13136/7/50 13155/7/50
f 13155/7/50 13136/7/50 13156/7/50
f 13137/7/50 13138/7/50 13157/7/50
f 13157/7/50 13138/7/50 13158/7/50
f 13139/7/50 13140/7/50 13159/7/50
f 13159/7/50 13140/7/50 13160/7/50
f 13141/7/50 13142/7/50 13161/7/50
f 13161/7/50 13142/7/50 13162/7/50
f 13143/7/50 13144/7/50 13163/7/50
f 13163/7/50 13144/7/50 13164/7/50
f 13165/7/50 13166/7/50 13185/7/50
f 13185/7/50 13166/7/50 13186/7/50
f 13167/7/50 13168/7/50 13187/7/50
f 13187/7/50 13168/7/50 13188/7/50
f 13169/7/50 13170/7/50 13189/7/50
f 13189/7/50 13170/7/50 13190/7/50
f 13171/7/50 13172/7/50 13191/7/50
f 13191/7/50 13172/7/50 13192/7/50
f 13173/7/50 13174/7/50 13193/7/50
f 13193/7/50 13174/7/50 13194/7/50
f 13175/7/50 13176/7/50 13195/7/50
f 13195/7/50 13176/7/50 13196/7/50
f 13177/7/50 13178/7/50 13197/7/50
f 13197/7/50 13178/7/50 13198/7/50
f 13179/7/50 13180/7/50 13199/7/50
f 13199/7/50 13180/7/50 13200/7/50
f 13181/7/50 13182/7/50 13201/7/50
f 13201/7/50 13182/7/50 13202/7/50
f 13183/7/50 13184/7/50 13203/7/50
f 13203/7/50 13184/7/50 13204/7/50
f 13205/7/50 13206/7/50 13225/7/50
f 13225/7/50 13206/7/50 13226/7/50
f 13207/7/50 13208/7/50 13227/7/50
f 13227/7/50 13208/7/50 13228/7/50
f 13209/7/50 13210/7/50 13229/7/50
f 13229/7/50 13210/7/50 13230/7/50
f 13211/7/50 13212/7/50 13231/7/50
f 13231/7/50 13212/7/50 13232/7/50
f 13213/7/50 13214/7/50 13233/7/50
f 13233/7/50 13214/7/50 13234/7/50
f 13215/7/50 13216/7/50 13235/7/50
f 13235/7/50 13216/7/50 13236/7/50
f 13217/7/50 13218/7/50 13237/7/50
f 13237/7/50 13218/7/50 13238/7/50
f 13219/7/50 13220/7/50 13239/7/50
f 13239/7/50 13220/7/50 13240/7/50
f 13221/7/50 13222/7/50 13241/7/50
f 13241/7/50 13222/7/50 13242/7/50
f 13223/7/50 13224/7/50 13243/7/50
f 13243/7/50 13224/7/50 13244/7/50
f 13245/7/50 13246/7/50 13265/7/50
f 13265/7/50 13246/7/50 13266/7/50
f 13247/7/50 13248/7/50 13267/7/50
f 13267/7/50 13248/7/50 13268/7/50
f 13249/7/50 13250/7/50 13269/7/50
f 13269/7/50 13250/7/50 13270/7/50
f 13251/7/50 13252/7/50 13271/7/50
f 13271/7/50 13252/7/50 13272/7/50
f 13253/7/50 13254/7/50 13273/7/50
f 13273/7/50 13254/7/50 13274/7/50
f 13255/7/50 13256/7/50 13275/7/50
f 13275/7/50 13256/7/50 13276/7/50
f 13257/7/50 13258/7/50 13277/7/50
f 13277/7/50 13258/7/50 13278/7/50
f 13259/7/50 13260/7/50 13279/7/50
f 13279/7/50 13260/7/50 13280/7/50
f 13261/7/50 13262/7/50 13281/7/50
f 13281/7/50 13262/7/50 13282/7/50
f 13263/7/50 13264/7/50 13283/7/50
f 13283/7/50 13264/7/50 13284/7/50
f 13285/7/50 13286/7/50 13305/7/50
f 13305/7/50 13286/7/50 13306/7/50
f 13287/7/50 13288/7/50 13307/7/50
f 13307/7/50 13288/7/50 13308/7/50
f 13289/7/50 13290/7/50 13309/7/50
f 13309/7/50 13290/7/50 13310/7/50
f 13291/7/50 13292/7/50 13311/7/50
f 13311/7/50 13292/7/50 13312/7/50
f 13293/7/50 13294/7/50 13313/7/50
f 13313/7/50 13294/7/50 13314/7/50
f 13295/7/50 13296/7/50 13315/7/50
f 13315/7/50 13296/7/50 13316/7/50
f 13297/7/50 13298/7/50 13317/7/50
f 13317/7/50 13298/7/50 13318/7/50
f 13299/7/50 13300/7/50 13319/7/50
f 13319/7/50 13300/7/50 13320/7/50
f 13301/7/50 13302/7/50 13321/7/50
f 13321/7/50 13302/7/50 13322/7/50
f 13303/7/50 13304/7/50 13323/7/50
f 13323/7/50 13304/7/50 13324/7/50
f 13325/7/50 13326/7/50 13345/7/50
f 13345/7/50 13326/7/50 13346/7/50
f 13327/7/50 13328/7/50 13347/7/50
f 13347/7/50 13328/7/50 13348/7/50
f 13329/7/50 13330/7/50 13349/7/50
f 13349/7/50 13330/7/50 13350/7/50
f 13331/7/50 13332/7/50 13351/7/50
f 13351/7/50 13332/7/50 13352/7/50
f 13333/7/50 13334/7/50 13353/7/50
f 13353/7/50 13334/7/50 13354/7/50
f 13335/7/50 13336/7/50 13355/7/50
f 13355/7/50 13336/7/50 13356/7/50
f 13337/7/50 13338/7/50 13357/7/50
f 13357/7/50 13338/7/50 13358/7/50
f 13339/7/50 13340/7/50 13359/7/50
f 13359/7/50 13340/7/50 13360/7/50
f 13341/7/50 13342/7/50 13361/7/50
f 13361/7/50 13342/7/50 13362/7/50
f 13343/7/50 13344/7/50 13363/7/50
f 13363/7/50 13344/7/50 13364/7/50
